LocalTimestamp,EmotiBitTimestamp,PacketNumber,DataLength,TypeTag,ProtocolVersion,DataReliability,HR
1658855203.239175,156768,23454,1,HR,1,100,28
1658855231.741006,184568,27944,1,HR,1,100,25
1658855233.318859,186107,28164,1,HR,1,100,26
1658855238.628607,191286,29019,1,HR,1,100,24
1658855240.566321,193176,29320,1,HR,1,100,25
1658855244.957449,197459,30035,1,HR,1,100,24
1658855260.536058,212654,32498,1,HR,1,100,22
1658855263.191444,215244,32920,1,HR,1,100,22
1658855263.998312,216031,33056,1,HR,1,100,28
1658855266.019072,218002,33373,1,HR,1,100,28
1658855267.350866,219301,33594,1,HR,1,100,30
1658855268.383288,220308,33761,1,HR,1,100,33
1658855270.087247,221970,34028,1,HR,1,100,34
1658855274.310234,226089,34699,1,HR,1,100,31
1658855276.276655,228007,35013,1,HR,1,100,31
1658855281.924734,233516,35896,1,HR,1,100,29
1658855288.087486,239527,36875,1,HR,1,100,27
1658855304.182819,255226,39407,1,HR,1,100,24
1658855316.511399,267251,41350,1,HR,1,100,22
1658855326.819219,277305,42963,1,HR,1,100,20
1658855330.413731,280811,43532,1,HR,1,100,19
1658855341.839069,291955,45221,1,HR,1,100,18
1658855344.386805,294440,45619,1,HR,1,100,19
1658855346.274282,296281,45925,1,HR,1,100,20
1658855348.050008,298013,46197,1,HR,1,100,22
1658855349.782673,299703,46464,1,HR,1,100,23
1658855353.646824,303472,47068,1,HR,1,100,22
1658855355.341555,305125,47334,1,HR,1,100,24
1658855357.000403,306743,47590,1,HR,1,100,25
1658855360.249407,309912,48106,1,HR,1,100,25
1658855361.547368,311178,48310,1,HR,1,100,27
1658855362.753057,312354,48504,1,HR,1,100,30
1658855376.962963,326214,50764,1,HR,1,100,27
1658855379.341533,328534,51135,1,HR,1,100,27
1658855381.676017,330811,51500,1,HR,1,100,27
1658855382.483911,331599,51636,1,HR,1,100,32
1658855383.365622,332459,51777,1,HR,1,100,37
1658855384.336530,333406,51925,1,HR,1,100,40
1658855385.953342,334983,52192,1,HR,1,100,39
1658855387.556827,336547,52441,1,HR,1,100,39
1658855402.342921,350969,54755,1,HR,1,100,35
1658855407.057000,355567,55505,1,HR,1,100,32
1658855417.807727,366053,57199,1,HR,1,100,29
1658855428.276511,376264,58852,1,HR,1,100,26
1658855442.788864,390419,61133,1,HR,1,100,24
1658855444.688645,392272,61448,1,HR,1,100,25
1658855445.778481,393335,61615,1,HR,1,100,28
1658855447.093871,394618,61821,1,HR,1,100,30
1658855448.263677,395759,62005,1,HR,1,100,33
1658855451.210233,398633,62487,1,HR,1,100,31
1658855453.776423,401136,62873,1,HR,1,100,31
1658855457.370934,404642,63430,1,HR,1,100,29
1658855458.464872,405709,63619,1,HR,1,100,32
1658855460.908032,408092,64003,1,HR,1,100,31
1658855461.473968,408644,64106,1,HR,1,100,40
1658855465.109489,412190,64657,1,HR,1,100,37
1658855488.095499,434610,2742,1,HR,1,100,33
1658855490.761137,437210,3162,1,HR,1,100,32
1658855514.159295,460032,6832,1,HR,1,100,29
1658855521.976794,467657,8048,1,HR,1,100,26
1658855526.766742,472329,8800,1,HR,1,100,24
1658855582.638533,526825,17620,1,HR,1,100,22
1658855623.990794,567159,24185,1,HR,1,100,19
1658855625.081656,568223,24357,1,HR,1,100,24
1658855628.108181,571175,24837,1,HR,1,100,23
1658855651.154680,593654,28499,1,HR,1,100,21
1658855686.528733,628157,34089,1,HR,1,100,19
1658855793.348061,732346,50758,1,HR,1,100,16
1658855826.425563,764609,55903,1,HR,1,100,15
1658855829.704299,767807,56417,1,HR,1,100,15
1658855831.468747,769528,56685,1,HR,1,100,17
1658855833.773499,771776,57052,1,HR,1,100,18
1658855835.491812,773452,57324,1,HR,1,100,20
1658855838.354297,776244,57771,1,HR,1,100,20
1658855842.997635,780773,58428,1,HR,1,100,20
1658855844.004427,781755,58595,1,HR,1,100,24
1658855847.222673,784894,59099,1,HR,1,100,24
1658855850.560873,788150,59629,1,HR,1,100,23
1658855855.035045,792514,60344,1,HR,1,100,22
1658855861.157813,798486,61309,1,HR,1,100,20
1658855876.546751,813496,63707,1,HR,1,100,19
1658855881.138827,817975,64440,1,HR,1,100,18
1658855886.266081,822976,65255,1,HR,1,100,17
1658855887.960812,824629,65509,1,HR,1,100,19
1658855891.005792,827599,468,1,HR,1,100,19
1658855893.234676,829773,821,1,HR,1,100,20
1658855914.863260,850869,4257,1,HR,1,100,18
1658855915.787006,851770,4407,1,HR,1,100,24
1658855937.759048,873201,7892,1,HR,1,100,21
1658855939.168760,874576,8124,1,HR,1,100,24
1658855953.379691,888437,10383,1,HR,1,100,22
1658855962.337263,897174,11814,1,HR,1,100,20
1658855993.229968,927306,16726,1,HR,1,100,18
1658856014.396166,947951,20076,1,HR,1,100,16
1658856032.836235,965937,22968,1,HR,1,100,14
1658856115.369542,1046438,35926,1,HR,1,100,13
1658856164.443954,1094304,43560,1,HR,1,100,11
1658856166.937351,1096736,43948,1,HR,1,100,13
1658856179.663727,1109149,45941,1,HR,1,100,12
1658856189.097013,1118350,47419,1,HR,1,100,11
1658856200.502871,1129475,49210,1,HR,1,100,11
1658856206.593856,1135416,50188,1,HR,1,100,11
1658856215.701114,1144299,51602,1,HR,1,100,10
1658856217.988437,1146530,51969,1,HR,1,100,12
1658856227.417622,1155727,53434,1,HR,1,100,11
1658856229.754157,1158006,53773,1,HR,1,100,13
1658856287.173044,1214011,62592,1,HR,1,100,12
1658856293.341948,1220028,63561,1,HR,1,100,11
1658856301.440364,1227927,64839,1,HR,1,100,11
1658856308.423312,1234738,388,1,HR,1,100,11
1658856332.196710,1257926,4153,1,HR,1,100,10
1658856338.311276,1263890,5115,1,HR,1,100,10
1658856343.476464,1268928,5932,1,HR,1,100,10
1658856352.015735,1277257,7279,1,HR,1,100,10
1658856354.031368,1279223,7611,1,HR,1,100,12
1658856355.517975,1280673,7848,1,HR,1,100,15
1658856356.974849,1282094,8082,1,HR,1,100,19
1658856358.379436,1283464,8298,1,HR,1,100,21
1658856378.012891,1302614,11406,1,HR,1,100,19
1658856385.658149,1310071,12613,1,HR,1,100,18
1658856393.729908,1317944,13895,1,HR,1,100,17
1658856430.714623,1354018,19707,1,HR,1,100,15
1658856444.818928,1367775,21916,1,HR,1,100,14
1658856446.673598,1369584,22198,1,HR,1,100,16
1658856482.729439,1404752,27910,1,HR,1,100,14
1658856485.103909,1407068,28273,1,HR,1,100,16
1658856496.030977,1417726,30015,1,HR,1,100,14
1658856510.978035,1432305,32344,1,HR,1,100,13
1658856519.358394,1440479,33647,1,HR,1,100,12
1658856521.370951,1442442,33962,1,HR,1,100,15
1658856534.837554,1455577,36058,1,HR,1,100,13
1658856536.558941,1457256,36340,1,HR,1,100,16
1658856538.018891,1458680,36558,1,HR,1,100,19
1658856541.886118,1462452,37160,1,HR,1,100,19
1658856552.678880,1472979,38855,1,HR,1,100,17
1658856569.402688,1489291,41466,1,HR,1,100,15
1658856580.462014,1500078,43194,1,HR,1,100,14
1658856613.851191,1532645,48369,1,HR,1,100,13
1658856634.073138,1552369,51522,1,HR,1,100,12
1658856640.555767,1558692,52537,1,HR,1,100,11
1658856709.019626,1625470,63112,1,HR,1,100,10
1658856729.657823,1645600,756,1,HR,1,100, 9
1658856766.236540,1681278,6475,1,HR,1,100, 8
1658856772.606391,1687491,7487,1,HR,1,100, 8
1658856784.686862,1699274,9414,1,HR,1,100, 8
1658856785.461947,1700030,9549,1,HR,1,100,16
1658856791.381716,1705804,10469,1,HR,1,100,16
1658856801.239454,1715419,12030,1,HR,1,100,15
1658856821.585455,1735264,15269,1,HR,1,100,13
1658856864.539150,1777160,22099,1,HR,1,100,12
1658856868.933354,1781446,22799,1,HR,1,100,12
1658856880.414055,1792644,24629,1,HR,1,100,11
1658856894.922308,1806795,26919,1,HR,1,100,10
1658856901.654071,1813361,27985,1,HR,1,100,10
1658856911.473875,1822939,29565,1,HR,1,100,10
1658856929.935474,1840946,32463,1,HR,1,100, 9
1658856970.376292,1880391,38818,1,HR,1,100, 8
1658856972.673868,1882632,39184,1,HR,1,100,10
1658856984.771768,1894432,41074,1,HR,1,100,10
1658856991.017565,1900524,42065,1,HR,1,100,10
1658857006.000505,1915138,44424,1,HR,1,100, 9
1658857009.028056,1918091,44891,1,HR,1,100,10
1658857010.435719,1919464,45123,1,HR,1,100,14
1658857017.577580,1926430,46227,1,HR,1,100,13
1658857028.772238,1937349,48002,1,HR,1,100,13
1658857029.530920,1938089,48120,1,HR,1,100,20
1658857030.835033,1939361,48320,1,HR,1,100,23
1658857034.528993,1942964,48890,1,HR,1,100,23
1658857047.792597,1955901,50981,1,HR,1,100,21
1658857055.313800,1963237,52163,1,HR,1,100,19
1658857056.775800,1964663,52397,1,HR,1,100,22
1658857066.610982,1974256,53943,1,HR,1,100,20
1658857090.211114,1997275,57638,1,HR,1,100,18
1658857092.180611,1999196,57926,1,HR,1,100,19
1658857095.783324,2002710,58490,1,HR,1,100,19
1658857097.349900,2004238,58746,1,HR,1,100,21
1658857125.471365,2031667,63114,1,HR,1,100,19
1658857145.136603,2050848,654,1,HR,1,100,17
1658857161.963961,2067261,3272,1,HR,1,100,16
1658857166.239236,2071431,3939,1,HR,1,100,15
1658857172.612164,2077647,4955,1,HR,1,100,15
1658857192.662894,2097204,8081,1,HR,1,100,13
1658857196.695186,2101137,8715,1,HR,1,100,14
1658857198.994812,2103380,9079,1,HR,1,100,15
1658857255.438690,2158434,18051,1,HR,1,100,13
1658857298.996255,2200919,24973,1,HR,1,100,12
1658857307.614470,2209325,26360,1,HR,1,100,11
1658857310.558976,2212197,26827,1,HR,1,100,12
1658857335.735936,2236754,30828,1,HR,1,100,11
1658857341.350181,2242230,31716,1,HR,1,100,11
1658857378.700908,2278661,37580,1,HR,1,100,10
1658857379.621579,2279559,37719,1,HR,1,100,17
1658857384.573516,2284389,38519,1,HR,1,100,16
1658857396.661163,2296179,40403,1,HR,1,100,15
1658857397.591061,2297086,40553,1,HR,1,100,21
1658857402.062157,2301447,41274,1,HR,1,100,20
1658857405.404459,2304707,41803,1,HR,1,100,20
1658857408.598099,2307822,42306,1,HR,1,100,20
1658857409.513644,2308715,42456,1,HR,1,100,25
1658857410.361522,2309542,42589,1,HR,1,100,30
1658857411.935274,2311077,42830,1,HR,1,100,31
1658857419.311917,2318272,43989,1,HR,1,100,29
1658857428.103399,2326847,45361,1,HR,1,100,26
1658857429.591031,2328298,45593,1,HR,1,100,28
1658857433.979082,2332578,46298,1,HR,1,100,26
1658857436.073659,2334621,46629,1,HR,1,100,26
1658857439.016114,2337491,47083,1,HR,1,100,26
1658857443.655351,2342016,47814,1,HR,1,100,24
1658857470.411189,2368113,52000,1,HR,1,100,22
1658857473.721708,2371342,52514,1,HR,1,100,21
1658857504.954793,2401806,57434,1,HR,1,100,19
1658857511.358478,2408052,58442,1,HR,1,100,18
1658857520.826622,2417287,59950,1,HR,1,100,16
1658857526.584403,2422903,60850,1,HR,1,100,16
1658857527.366665,2423666,60958,1,HR,1,100,23
1658857529.421257,2425670,61288,1,HR,1,100,24
1658857545.092139,2440955,63757,1,HR,1,100,22
1658857546.855561,2442675,64038,1,HR,1,100,23
1658857553.716506,2449367,65108,1,HR,1,100,21
1658857581.282287,2476254,3861,1,HR,1,100,19
1658857584.911657,2479794,4445,1,HR,1,100,19
1658857586.364430,2481211,4661,1,HR,1,100,22
1658857588.087868,2482892,4943,1,HR,1,100,23
1658857600.458483,2494958,6913,1,HR,1,100,21
1658857602.998017,2497435,7317,1,HR,1,100,21
1658857603.853072,2498269,7453,1,HR,1,100,27
1658857626.848309,2520698,11118,1,HR,1,100,24
1658857629.877910,2523653,11603,1,HR,1,100,24
1658857630.719636,2524474,11736,1,HR,1,100,29
1658857682.707797,2575182,19944,1,HR,1,100,26
1658857687.216827,2579580,20598,1,HR,1,100,25
1658857691.692025,2583945,21299,1,HR,1,100,23
1658857692.538878,2584771,21433,1,HR,1,100,29
1658857696.805951,2588933,22101,1,HR,1,100,27
1658857700.676253,2592708,22720,1,HR,1,100,26
1658857708.974592,2600802,24024,1,HR,1,100,24
1658857711.839129,2603596,24478,1,HR,1,100,23
1658857712.730067,2604465,24612,1,HR,1,100,29
1658857714.299719,2605996,24861,1,HR,1,100,30
1658857715.150673,2606826,24995,1,HR,1,100,35
1658857720.756716,2612294,25877,1,HR,1,100,32
1658857722.930237,2614414,26231,1,HR,1,100,31
1658857724.693660,2616134,26513,1,HR,1,100,32
1658857727.998027,2619357,27055,1,HR,1,100,30
1658857749.892149,2640712,30484,1,HR,1,100,27
1658857751.455649,2642237,30735,1,HR,1,100,28
1658857763.302363,2653792,32615,1,HR,1,100,26
1658857799.940545,2689528,38358,1,HR,1,100,23
1658857804.817639,2694285,39113,1,HR,1,100,21
1658857807.680125,2697077,39568,1,HR,1,100,21
1658857809.208766,2698568,39802,1,HR,1,100,24
1658857822.536961,2711568,41867,1,HR,1,100,21
1658857847.455558,2735873,45769,1,HR,1,100,19
1658857867.509365,2755433,48903,1,HR,1,100,17
1658857872.635593,2760433,49717,1,HR,1,100,17
1658857874.050432,2761813,49922,1,HR,1,100,20
1658857875.444767,2763173,50139,1,HR,1,100,22
1658857877.109766,2764797,50406,1,HR,1,100,24
1658857880.175250,2767787,50879,1,HR,1,100,24
1658857894.948016,2782196,53190,1,HR,1,100,21
1658857897.941733,2785116,53657,1,HR,1,100,21
1658857913.811512,2800595,56135,1,HR,1,100,19
1658857914.662466,2801425,56269,1,HR,1,100,25
1658857916.914931,2803622,56606,1,HR,1,100,25
1658857929.421904,2815821,58557,1,HR,1,100,23
1658857932.550953,2818873,59045,1,HR,1,100,23
1658857933.364999,2819667,59179,1,HR,1,100,29
1658857943.031015,2829095,60685,1,HR,1,100,26
1658857953.672041,2839474,62330,1,HR,1,100,24
1658857954.838770,2840612,62528,1,HR,1,100,27
1658857957.908356,2843606,63000,1,HR,1,100,26
1658857958.712149,2844390,63119,1,HR,1,100,32
1658857976.388410,2861631,374,1,HR,1,100,29
1658857977.279349,2862500,510,1,HR,1,100,33
1658857981.677653,2866790,1195,1,HR,1,100,31
1658857983.045331,2868124,1411,1,HR,1,100,32
1658857997.312650,2882040,3612,1,HR,1,100,29
1658858003.959318,2888523,4628,1,HR,1,100,27
1658858007.251382,2891734,5119,1,HR,1,100,26
1658858026.154863,2910172,8117,1,HR,1,100,23
1658858027.736817,2911715,8365,1,HR,1,100,25
1658858028.528307,2912487,8499,1,HR,1,100,31
1658858030.032342,2913954,8732,1,HR,1,100,32
1658858030.880221,2914781,8867,1,HR,1,100,37
1658858033.492547,2917329,9270,1,HR,1,100,35
1658858045.210080,2928758,11129,1,HR,1,100,32
1658858054.247621,2937573,12560,1,HR,1,100,29
1658858061.772925,2944913,13755,1,HR,1,100,26
1658858067.856733,2950847,14718,1,HR,1,100,24
1658858072.451885,2955329,15451,1,HR,1,100,23
1658858075.394340,2958199,15904,1,HR,1,100,23
1658858079.020634,2961736,16489,1,HR,1,100,22
1658858081.434062,2964090,16871,1,HR,1,100,22
1658858091.351264,2973763,18433,1,HR,1,100,20
1658858096.384196,2978672,19226,1,HR,1,100,19
1658858098.563868,2980798,19574,1,HR,1,100,20
1658858099.371762,2981586,19708,1,HR,1,100,27
1658858110.725333,2992660,21497,1,HR,1,100,24
1658858131.367630,3012794,24751,1,HR,1,100,22
1658858137.208455,3018491,25683,1,HR,1,100,20
1658858138.688910,3019935,25917,1,HR,1,100,23
1658858144.011986,3025127,26764,1,HR,1,100,21
1658858145.418623,3026499,26996,1,HR,1,100,24
1658858149.811801,3030784,27696,1,HR,1,100,23
1658858153.072082,3033964,28219,1,HR,1,100,22
1658858155.134877,3035976,28550,1,HR,1,100,23
1658858167.416295,3047955,30481,1,HR,1,100,21
1658858168.306209,3048823,30622,1,HR,1,100,27
1658858169.187920,3049683,30772,1,HR,1,100,31
1658858173.742061,3054125,31489,1,HR,1,100,29
1658858176.071420,3056397,31855,1,HR,1,100,29
1658858176.805496,3057113,31971,1,HR,1,100,35
1658858177.821514,3058104,32138,1,HR,1,100,38
1658858179.334777,3059580,32393,1,HR,1,100,38
1658858180.632738,3060846,32560,1,HR,1,100,39
1658858182.197263,3062372,32781,1,HR,1,100,39
1658858184.137028,3064264,33088,1,HR,1,100,38
1658858185.705654,3065794,33338,1,HR,1,100,38
1658858187.920185,3067954,33702,1,HR,1,100,37
1658858188.850083,3068861,33835,1,HR,1,100,40
1658858191.071790,3071028,34190,1,HR,1,100,39
1658858197.155598,3076962,35154,1,HR,1,100,35
1658858217.103804,3096419,38263,1,HR,1,100,32
1658858219.584899,3098839,38681,1,HR,1,100,31
1658858221.282706,3100495,38935,1,HR,1,100,31
1658858222.204402,3101394,39086,1,HR,1,100,35
1658858224.509154,3103642,39451,1,HR,1,100,34
1658858225.799938,3104901,39671,1,HR,1,100,36
1658858236.104683,3114952,41279,1,HR,1,100,32
1658858236.995622,3115821,41421,1,HR,1,100,36
1658858238.536566,3117324,41671,1,HR,1,100,37
1658858243.045597,3121722,42386,1,HR,1,100,34
1658858244.459411,3123101,42602,1,HR,1,100,35
1658858253.398528,3131820,44015,1,HR,1,100,32
1658858256.410700,3134758,44501,1,HR,1,100,30
1658858257.219619,3135547,44633,1,HR,1,100,36
1658858274.062356,3151975,47273,1,HR,1,100,32
1658858275.630982,3153505,47520,1,HR,1,100,33
1658858277.287779,3155121,47786,1,HR,1,100,33
1658858288.568558,3166124,49550,1,HR,1,100,30
1658858291.553048,3169035,50020,1,HR,1,100,29
1658858294.408357,3171820,50472,1,HR,1,100,28
1658858298.076687,3175398,51059,1,HR,1,100,26
1658858303.394636,3180585,51907,1,HR,1,100,25
1658858310.532397,3187547,53011,1,HR,1,100,23
1658858312.907891,3189864,53391,1,HR,1,100,23
1658858322.180214,3198908,54854,1,HR,1,100,21
1658858324.443956,3201116,55205,1,HR,1,100,22
1658858325.317466,3201968,55355,1,HR,1,100,27
1658858331.131634,3207639,56271,1,HR,1,100,25
1658858333.377948,3209830,56621,1,HR,1,100,25
1658858334.142781,3210576,56753,1,HR,1,100,32
1658858334.908639,3211323,56871,1,HR,1,100,37
1658858336.398321,3212776,57109,1,HR,1,100,38
1658858342.444196,3218673,58044,1,HR,1,100,34
1658858350.257593,3226294,59276,1,HR,1,100,31
1658858351.105471,3227121,59408,1,HR,1,100,36
1658858352.037420,3228030,59559,1,HR,1,100,39
1658858352.919131,3228890,59684,1,HR,1,100,43
1658858353.812120,3229761,59833,1,HR,1,100,46
1658858354.701008,3230628,59967,1,HR,1,100,48
1658858355.501725,3231409,60100,1,HR,1,100,52
1658858356.466481,3232350,60251,1,HR,1,100,53
1658858357.968466,3233815,60474,1,HR,1,100,51
1658858359.285907,3235100,60692,1,HR,1,100,51
1658858360.942704,3236716,60956,1,HR,1,100,49
1658858362.601552,3238334,61229,1,HR,1,100,48
1658858363.439178,3239151,61347,1,HR,1,100,50
1658858364.256298,3239948,61481,1,HR,1,100,53
1658858365.064192,3240736,61613,1,HR,1,100,56
1658858365.818773,3241472,61732,1,HR,1,100,59
1658858367.310505,3242927,61966,1,HR,1,100,56
1658858370.864007,3246393,62532,1,HR,1,100,52
1658858372.265518,3247760,62748,1,HR,1,100,51
1658858377.224632,3252597,63513,1,HR,1,100,46
1658858378.557451,3253897,63735,1,HR,1,100,46
1658858383.597559,3258813,64527,1,HR,1,100,42
1658858391.443765,3266466,211,1,HR,1,100,38
1658858392.258835,3267261,345,1,HR,1,100,42
1658858393.108764,3268090,479,1,HR,1,100,46
1658858394.672263,3269615,735,1,HR,1,100,45
1658858399.508348,3274332,1484,1,HR,1,100,41
1658858401.193851,3275976,1750,1,HR,1,100,40
1658858404.146559,3278856,2213,1,HR,1,100,38
1658858406.228833,3280887,2555,1,HR,1,100,37
1658858409.985334,3284551,3137,1,HR,1,100,35
1658858412.283935,3286793,3502,1,HR,1,100,34
1658858413.083626,3287573,3620,1,HR,1,100,38
1658858433.350684,3307341,6784,1,HR,1,100,34
1658858436.737070,3310644,7321,1,HR,1,100,32
1658858440.610449,3314422,7931,1,HR,1,100,30
1658858442.990044,3316743,8318,1,HR,1,100,30
1658858448.994908,3322600,9249,1,HR,1,100,27
1658858450.803442,3324364,9548,1,HR,1,100,28
1658858460.478686,3333801,11085,1,HR,1,100,26
1658858462.459460,3335733,11409,1,HR,1,100,26
1658858464.418705,3337644,11725,1,HR,1,100,27
1658858465.351679,3338554,11874,1,HR,1,100,31
1658858467.002324,3340164,12140,1,HR,1,100,32
1658858467.848152,3340989,12279,1,HR,1,100,37
1658858470.029875,3343117,12626,1,HR,1,100,36
1658858472.282340,3345314,12992,1,HR,1,100,34
1658858473.822259,3346816,13245,1,HR,1,100,35
1658858474.653733,3347627,13381,1,HR,1,100,39
1658858477.646425,3350546,13843,1,HR,1,100,37
1658858480.507886,3353337,14296,1,HR,1,100,35
1658858481.990391,3354783,14546,1,HR,1,100,36
1658858483.412407,3356170,14767,1,HR,1,100,37
1658858485.248622,3357961,15050,1,HR,1,100,36
1658858487.627192,3360281,15430,1,HR,1,100,35
1658858492.263354,3364803,16185,1,HR,1,100,32
1658858500.920529,3373247,17569,1,HR,1,100,29
1658858501.770457,3374076,17701,1,HR,1,100,34
1658858502.629613,3374914,17836,1,HR,1,100,39
1658858503.585142,3375846,17989,1,HR,1,100,42
1658858505.155819,3377378,18246,1,HR,1,100,41
1658858506.003697,3378205,18380,1,HR,1,100,45
1658858506.977680,3379155,18529,1,HR,1,100,47
1658858508.461211,3380602,18779,1,HR,1,100,46
1658858509.276281,3381397,18896,1,HR,1,100,49
1658858510.439935,3382532,19085,1,HR,1,100,50
1658858511.488762,3383555,19252,1,HR,1,100,51
1658858518.133379,3390036,20318,1,HR,1,100,46
1658858525.863732,3397576,21549,1,HR,1,100,41
1658858528.126449,3399783,21900,1,HR,1,100,40
1658858534.007259,3405519,22846,1,HR,1,100,36
1658858534.813102,3406305,22963,1,HR,1,100,41
1658858561.046064,3431892,27131,1,HR,1,100,36
1658858591.419994,3461518,31961,1,HR,1,100,32
1658858593.599667,3463644,32299,1,HR,1,100,32
1658858594.445494,3464469,32432,1,HR,1,100,36
1658858607.017058,3476731,34409,1,HR,1,100,33
1658858613.263880,3482824,35391,1,HR,1,100,30
1658858615.560430,3485064,35744,1,HR,1,100,29
1658858620.403691,3489788,36511,1,HR,1,100,27
1658858643.196954,3512020,40088,1,HR,1,100,25
1658858645.974345,3514729,40537,1,HR,1,100,24
1658858646.746355,3515482,40644,1,HR,1,100,31
1658858648.276021,3516974,40892,1,HR,1,100,32
1658858649.723668,3518386,41126,1,HR,1,100,33
1658858652.019194,3520625,41480,1,HR,1,100,32
1658858656.729172,3525219,42228,1,HR,1,100,30
1658858657.618061,3526086,42347,1,HR,1,100,34
1658858659.148752,3527579,42582,1,HR,1,100,35
1658858660.726605,3529118,42830,1,HR,1,100,35
1658858662.576149,3530922,43121,1,HR,1,100,35
1658858664.305738,3532609,43387,1,HR,1,100,35
1658858668.656881,3536853,44072,1,HR,1,100,33
1658858673.257159,3541340,44771,1,HR,1,100,30
1658858679.505006,3547434,45706,1,HR,1,100,28
1658858686.601757,3554356,46835,1,HR,1,100,26
1658858688.206267,3555921,47085,1,HR,1,100,27
1658858694.698123,3562253,48105,1,HR,1,100,25
1658858696.871644,3564373,48439,1,HR,1,100,25
1658858699.698246,3567130,48877,1,HR,1,100,25
1658858701.995822,3569371,49257,1,HR,1,100,25
1658858723.234812,3590087,52567,1,HR,1,100,22
1658858723.865338,3590702,52669,1,HR,1,100,31
1658858724.839322,3591652,52820,1,HR,1,100,35
1658858729.305292,3596008,53522,1,HR,1,100,32
1658858730.197256,3596878,53656,1,HR,1,100,36
1658858731.079993,3597739,53779,1,HR,1,100,40
1658858759.984746,3625932,58311,1,HR,1,100,36
1658858780.728542,3646165,61531,1,HR,1,100,32
1658858783.383929,3648755,61951,1,HR,1,100,31
1658858785.596409,3650913,62299,1,HR,1,100,30
1658858786.410454,3651707,62433,1,HR,1,100,36
1658858787.216297,3652493,62567,1,HR,1,100,40
1658858788.698802,3653939,62793,1,HR,1,100,40
1658858789.579489,3654798,62943,1,HR,1,100,44
1658858798.165922,3663173,64285,1,HR,1,100,39
1658858799.057885,3664043,64407,1,HR,1,100,43
1658858801.751206,3666670,64824,1,HR,1,100,40
1658858805.228839,3670062,65362,1,HR,1,100,38
1658858822.262272,3686676,2518,1,HR,1,100,34
1658858825.158591,3689501,2987,1,HR,1,100,32
1658858826.648273,3690954,3220,1,HR,1,100,33
1658858827.746311,3692025,3403,1,HR,1,100,36
1658858828.877157,3693128,3570,1,HR,1,100,38
1658858830.275593,3694492,3792,1,HR,1,100,38
1658858848.860222,3712619,6669,1,HR,1,100,34
1658858883.738056,3746638,12105,1,HR,1,100,30
1658858885.185703,3748050,12341,1,HR,1,100,32
1658858886.757405,3749583,12590,1,HR,1,100,33
1658858890.300654,3753039,13144,1,HR,1,100,31
1658858902.714329,3765147,15119,1,HR,1,100,28
1658858909.936160,3772191,16267,1,HR,1,100,25
1658858910.767635,3773002,16403,1,HR,1,100,31
1658858918.465180,3780510,17630,1,HR,1,100,28
1658858945.513212,3806892,21905,1,HR,1,100,25
1658858947.276635,3808612,22194,1,HR,1,100,26
1658858949.663407,3810940,22575,1,HR,1,100,26
1658858952.434646,3813643,23013,1,HR,1,100,26
1658858965.611104,3826495,25106,1,HR,1,100,23
1658858972.418736,3833135,26190,1,HR,1,100,21
1658858974.963396,3835617,26590,1,HR,1,100,22
1658858977.103084,3837704,26926,1,HR,1,100,22
1658858979.996327,3840526,27376,1,HR,1,100,22
1658858981.243026,3841742,27578,1,HR,1,100,25
1658858983.066938,3843521,27865,1,HR,1,100,26
1658858986.043226,3846424,28344,1,HR,1,100,26
1658858986.881877,3847242,28480,1,HR,1,100,31
1658858987.729756,3848069,28618,1,HR,1,100,36
1658858989.220463,3849523,28852,1,HR,1,100,36
1658858990.037584,3850320,28984,1,HR,1,100,41
1658858990.928522,3851189,29134,1,HR,1,100,44
1658858991.803057,3852042,29267,1,HR,1,100,47
1658858995.920444,3856058,29939,1,HR,1,100,43
1658858997.606973,3857703,30204,1,HR,1,100,42
1658858998.688607,3858758,30376,1,HR,1,100,44
1658859000.067563,3860103,30592,1,HR,1,100,44
1658859000.983107,3860996,30742,1,HR,1,100,46
1658859001.834061,3861826,30878,1,HR,1,100,49
1658859003.971699,3863911,31230,1,HR,1,100,47
1658859004.779592,3864699,31364,1,HR,1,100,50
1658859005.590562,3865490,31482,1,HR,1,100,53
1658859011.675395,3871425,32465,1,HR,1,100,48
1658859014.768561,3874442,32935,1,HR,1,100,45
1658859016.623231,3876251,33235,1,HR,1,100,43
1658859019.841477,3879390,33742,1,HR,1,100,40
1658859021.212231,3880727,33962,1,HR,1,100,41
1658859024.003975,3883450,34408,1,HR,1,100,39
1658859025.359350,3884772,34614,1,HR,1,100,39
1658859031.013580,3890287,35479,1,HR,1,100,36
1658859031.773287,3891028,35613,1,HR,1,100,41
1658859032.894906,3892122,35780,1,HR,1,100,42
1658859035.324738,3894492,36153,1,HR,1,100,40
1658859037.448022,3896563,36502,1,HR,1,100,39
1658859040.274625,3899320,36939,1,HR,1,100,37
1658859041.400344,3900418,37127,1,HR,1,100,39
1658859042.248223,3901245,37260,1,HR,1,100,43
1658859043.086874,3902063,37394,1,HR,1,100,46
1658859046.838248,3905722,37962,1,HR,1,100,43
1658859048.001902,3906857,38143,1,HR,1,100,44
1658859049.741744,3908554,38428,1,HR,1,100,43
1658859051.919365,3910678,38765,1,HR,1,100,41
1658859052.811329,3911548,38901,1,HR,1,100,44
1658859054.176957,3912880,39133,1,HR,1,100,44
1658859057.684322,3916301,39664,1,HR,1,100,41
1658859059.048924,3917632,39881,1,HR,1,100,41
1658859059.979847,3918540,40031,1,HR,1,100,44
1658859061.095315,3919628,40221,1,HR,1,100,45
1658859062.026238,3920536,40355,1,HR,1,100,48
1658859064.010088,3922471,40670,1,HR,1,100,46
1658859066.188735,3924596,41019,1,HR,1,100,43
1658859071.943440,3930209,41907,1,HR,1,100,40
1658859076.284330,3934443,42590,1,HR,1,100,37
1658859077.300349,3935434,42732,1,HR,1,100,39
1658859078.308165,3936417,42899,1,HR,1,100,42
1658859079.223710,3937310,43050,1,HR,1,100,45
1658859080.071588,3938137,43184,1,HR,1,100,48
1658859080.877431,3938923,43299,1,HR,1,100,51
1658859082.492193,3940498,43557,1,HR,1,100,49
1658859083.221143,3941209,43674,1,HR,1,100,53
1658859085.560754,3943491,44038,1,HR,1,100,50
1658859089.909846,3947733,44710,1,HR,1,100,46
1658859092.641101,3950397,45131,1,HR,1,100,43
1658859094.211777,3951929,45381,1,HR,1,100,42
1658859095.063756,3952760,45515,1,HR,1,100,46
1658859095.904458,3953580,45649,1,HR,1,100,49
1658859096.707225,3954363,45771,1,HR,1,100,52
1658859097.522295,3955158,45904,1,HR,1,100,55
1658859098.331214,3955947,46014,1,HR,1,100,57
1658859102.065159,3959589,46546,1,HR,1,100,52
1658859105.691453,3963126,47112,1,HR,1,100,48
1658859106.423479,3963840,47231,1,HR,1,100,52
1658859107.808586,3965191,47449,1,HR,1,100,51
1658859108.464743,3965831,47451,1,HR,1,100,56
1658859110.849465,3968157,47478,1,HR,1,100,55
1658859112.407838,3969677,47480,1,HR,1,100,53
1658859121.798064,3978836,47507,1,HR,1,100,53
1658859122.659270,3979676,47509,1,HR,1,100,55
1658859130.481895,3987306,47534,1,HR,1,100,56
1658859131.507141,3988306,47536,1,HR,1,100,57
1658859139.658870,3996257,47698,1,HR,1,100,55
1658859141.265430,3997824,47947,1,HR,1,100,53
1658859142.796122,3999317,48195,1,HR,1,100,52
1658859144.294006,4000778,48445,1,HR,1,100,50
1658859145.784713,4002232,48677,1,HR,1,100,49
1658859146.583379,4003011,48810,1,HR,1,100,52
1658859147.391273,4003799,48930,1,HR,1,100,55
1658859149.165973,4005530,49227,1,HR,1,100,52
1658859150.504944,4006836,49427,1,HR,1,100,52
1658859153.206467,4009471,49858,1,HR,1,100,48
1658859154.696149,4010924,50108,1,HR,1,100,47
1658859156.794827,4012971,50439,1,HR,1,100,45
1658859159.534283,4015643,50870,1,HR,1,100,42
1658859160.942971,4017017,51102,1,HR,1,100,42
1658859161.800076,4017853,51236,1,HR,1,100,46
1658859163.446621,4019459,51501,1,HR,1,100,45
1658859165.745222,4021701,51865,1,HR,1,100,43
1658859166.678195,4022611,52015,1,HR,1,100,45
1658859168.328841,4024221,52282,1,HR,1,100,44
1658859169.696519,4025555,52515,1,HR,1,100,44
1658859171.919252,4027723,52861,1,HR,1,100,42
1658859172.560030,4028348,52963,1,HR,1,100,48
1658859173.209011,4028981,53062,1,HR,1,100,54
1658859174.182994,4029931,53230,1,HR,1,100,55
1658859178.173251,4033823,53858,1,HR,1,100,50
1658859179.502994,4035120,54075,1,HR,1,100,49
1658859180.470826,4036064,54241,1,HR,1,100,51
1658859181.919498,4037477,54472,1,HR,1,100,50
1658859182.735594,4038273,54591,1,HR,1,100,53
1658859183.410206,4038931,54708,1,HR,1,100,57
1658859185.431990,4040903,55023,1,HR,1,100,54
1658859186.199899,4041652,55157,1,HR,1,100,57
1658859187.490684,4042911,55357,1,HR,1,100,56
1658859188.981391,4044365,55589,1,HR,1,100,54
1658859190.548992,4045894,55854,1,HR,1,100,52
1658859192.162729,4047468,56104,1,HR,1,100,50
1658859194.220397,4049475,56435,1,HR,1,100,48
1658859196.128379,4051336,56733,1,HR,1,100,46
1658859197.736990,4052905,57000,1,HR,1,100,45
1658859199.067759,4054203,57215,1,HR,1,100,45
1658859200.558466,4055657,57448,1,HR,1,100,45
1658859201.965103,4057029,57681,1,HR,1,100,44
1658859203.255887,4058288,57880,1,HR,1,100,45
1658859204.662524,4059660,58113,1,HR,1,100,44
1658859206.371609,4061327,58378,1,HR,1,100,43
1658859207.734161,4062656,58610,1,HR,1,100,43
1658859208.827073,4063722,58777,1,HR,1,100,45
1658859210.717626,4065566,59076,1,HR,1,100,43
1658859211.725442,4066549,59243,1,HR,1,100,45
1658859213.791312,4068564,59573,1,HR,1,100,43
1658859216.242675,4070955,59971,1,HR,1,100,41
1658859217.206406,4071895,60124,1,HR,1,100,44
1658859219.272276,4073910,60454,1,HR,1,100,42
1658859220.164240,4074780,60604,1,HR,1,100,45
1658859221.253051,4075842,60771,1,HR,1,100,46
1658859222.370569,4076932,60956,1,HR,1,100,47
1658859224.826032,4079327,61351,1,HR,1,100,45
1658859226.241897,4080708,61568,1,HR,1,100,44
1658859230.447455,4084810,62245,1,HR,1,100,41
1658859231.970970,4086296,62494,1,HR,1,100,41
1658859232.748106,4087054,62611,1,HR,1,100,45
1658859234.195753,4088466,62844,1,HR,1,100,45
1658859236.404132,4090620,63208,1,HR,1,100,43
1658859237.668260,4091853,63409,1,HR,1,100,43
1658859239.916624,4094046,63767,1,HR,1,100,41
1658859242.897013,4096953,64248,1,HR,1,100,39
1658859244.199075,4098223,64464,1,HR,1,100,40
1658859245.080787,4099083,64597,1,HR,1,100,43
1658859245.727717,4099714,64699,1,HR,1,100,49
1658859246.412581,4100382,64816,1,HR,1,100,54
1658859247.693113,4101631,65031,1,HR,1,100,53
1658859249.200224,4103101,65264,1,HR,1,100,51
1658859250.966722,4104824,10,1,HR,1,100,49
1658859251.698748,4105538,128,1,HR,1,100,53
1658859253.873294,4107659,475,1,HR,1,100,50
1658859256.735780,4110451,924,1,HR,1,100,47
1658859259.318374,4112970,1340,1,HR,1,100,44
1658859261.085898,4114694,1640,1,HR,1,100,43
1658859263.345540,4116898,1987,1,HR,1,100,41
1658859266.779088,4120247,2533,1,HR,1,100,38
1658859267.868924,4121310,2714,1,HR,1,100,40
1658859270.727309,4124098,3178,1,HR,1,100,38
1658859272.375904,4125706,3443,1,HR,1,100,38
1658859274.473557,4127752,3775,1,HR,1,100,37
1658859276.289267,4129523,4058,1,HR,1,100,36
1658859278.756008,4131929,4455,1,HR,1,100,35
1658859280.293877,4133429,4705,1,HR,1,100,36
1658859281.087417,4134203,4842,1,HR,1,100,40
1658859283.109201,4136175,5155,1,HR,1,100,39
1658859284.516864,4137548,5388,1,HR,1,100,39
1658859286.175711,4139166,5655,1,HR,1,100,39
1658859287.799700,4140750,5902,1,HR,1,100,39
1658859291.421894,4144283,6483,1,HR,1,100,36
1658859292.195954,4145038,6599,1,HR,1,100,41
1658859293.604642,4146412,6832,1,HR,1,100,42
1658859295.128157,4147898,7086,1,HR,1,100,41
1658859296.428169,4149166,7287,1,HR,1,100,42
1658859298.276687,4150969,7586,1,HR,1,100,41
1658859299.486477,4152149,7786,1,HR,1,100,42
1658859301.583104,4154194,8117,1,HR,1,100,40
1658859303.156856,4155729,8366,1,HR,1,100,40
1658859305.936297,4158440,8813,1,HR,1,100,38
1658859306.661146,4159147,8929,1,HR,1,100,43
1658859308.883879,4161315,9277,1,HR,1,100,41
1658859310.776483,4163161,9591,1,HR,1,100,40
1658859313.157103,4165483,9973,1,HR,1,100,39
1658859314.806724,4167092,10239,1,HR,1,100,38
1658859317.964480,4170172,10735,1,HR,1,100,36
1658859319.490046,4171660,10984,1,HR,1,100,36
1658859320.257955,4172409,11102,1,HR,1,100,41
1658859321.669719,4173786,11334,1,HR,1,100,42
1658859323.159400,4175239,11567,1,HR,1,100,42
1658859324.042137,4176100,11716,1,HR,1,100,45
1658859324.816198,4176855,11833,1,HR,1,100,49
1658859325.614864,4177634,11969,1,HR,1,100,52
1658859326.306905,4178309,12069,1,HR,1,100,56
1658859327.121975,4179104,12204,1,HR,1,100,58
1658859328.570647,4180517,12434,1,HR,1,100,56
1658859331.229110,4183110,12867,1,HR,1,100,52
1658859332.319971,4184174,13048,1,HR,1,100,53
1658859333.319586,4185149,13199,1,HR,1,100,54
1658859335.419289,4187197,13531,1,HR,1,100,51
1658859336.583968,4188333,13730,1,HR,1,100,51
1658859338.574995,4190275,14049,1,HR,1,100,48
1658859339.532575,4191209,14201,1,HR,1,100,50
1658859340.829511,4192474,14416,1,HR,1,100,50
1658859342.279208,4193888,14650,1,HR,1,100,49
1658859345.146820,4196685,15101,1,HR,1,100,46
1658859346.594467,4198097,15334,1,HR,1,100,45
1658859350.827707,4202226,16009,1,HR,1,100,41
1658859352.807456,4204157,16324,1,HR,1,100,40
1658859353.539482,4204871,16442,1,HR,1,100,45
1658859355.073250,4206367,16690,1,HR,1,100,45
1658859355.788871,4207065,16808,1,HR,1,100,49
1658859357.113488,4208357,17025,1,HR,1,100,49
1658859358.328405,4209542,17224,1,HR,1,100,49
1658859361.432849,4212570,17706,1,HR,1,100,45
1658859363.730424,4214811,18070,1,HR,1,100,43
1658859364.172305,4215242,18156,1,HR,1,100,54
1658859366.229974,4217249,18473,1,HR,1,100,51
1658859367.518708,4218506,18691,1,HR,1,100,51
1658859369.136545,4220084,18940,1,HR,1,100,49
1658859371.200365,4222097,19273,1,HR,1,100,47
1658859373.901887,4224732,19702,1,HR,1,100,44
1658859375.515624,4226306,19920,1,HR,1,100,43
1658859379.705803,4230393,20582,1,HR,1,100,40
1658859381.404636,4232050,20864,1,HR,1,100,39
1658859382.853308,4233463,21097,1,HR,1,100,40
1658859383.766802,4234354,21246,1,HR,1,100,43
1658859384.462944,4235033,21348,1,HR,1,100,48
1658859387.240334,4237742,21796,1,HR,1,100,45
1658859388.016445,4238499,21929,1,HR,1,100,49
1658859390.303768,4240730,22293,1,HR,1,100,46
1658859391.648891,4242042,22508,1,HR,1,100,46
1658859393.045275,4243404,22725,1,HR,1,100,46
1658859393.895204,4244233,22860,1,HR,1,100,49
1658859395.834969,4246125,23172,1,HR,1,100,47
1658859396.591600,4246863,23292,1,HR,1,100,51
1658859397.325676,4247579,23408,1,HR,1,100,54
1658859398.174580,4248407,23559,1,HR,1,100,56
1658859398.973246,4249186,23676,1,HR,1,100,59
1658859402.449855,4252577,24237,1,HR,1,100,54
1658859404.705395,4254777,24601,1,HR,1,100,51
1658859405.546097,4255597,24742,1,HR,1,100,53
1658859407.013223,4257028,24973,1,HR,1,100,52
1658859409.177517,4259139,25324,1,HR,1,100,49
1658859409.908517,4259852,25439,1,HR,1,100,53
1658859412.092291,4261982,25787,1,HR,1,100,50
1658859415.232618,4265045,26285,1,HR,1,100,46
1658859417.082162,4266849,26585,1,HR,1,100,45
1658859418.216084,4267955,26767,1,HR,1,100,46
1658859418.863014,4268586,26867,1,HR,1,100,51
1658859420.272726,4269961,27101,1,HR,1,100,50
1658859423.670391,4273275,27646,1,HR,1,100,47
1658859424.625920,4274207,27796,1,HR,1,100,48
1658859427.932337,4277432,28328,1,HR,1,100,45
1658859429.987955,4279437,28661,1,HR,1,100,43
1658859433.430730,4282795,29207,1,HR,1,100,40
1658859435.036265,4284361,29454,1,HR,1,100,40
1658859437.848514,4287104,29918,1,HR,1,100,38
1658859439.182359,4288405,30118,1,HR,1,100,39
1658859441.919765,4291075,30564,1,HR,1,100,37
1658859443.586814,4292701,30831,1,HR,1,100,37
1658859444.464425,4293557,30981,1,HR,1,100,40
1658859446.048429,4295102,31231,1,HR,1,100,40
1658859447.306406,4296329,31430,1,HR,1,100,41
1658859448.018951,4297024,31546,1,HR,1,100,46
1658859449.878747,4298838,31844,1,HR,1,100,44
1658859451.175683,4300103,32046,1,HR,1,100,45
1658859451.928213,4300837,32178,1,HR,1,100,49
1658859452.741233,4301630,32295,1,HR,1,100,52
1658859453.752126,4302616,32462,1,HR,1,100,53
1658859454.589751,4303433,32596,1,HR,1,100,55
1658859457.049316,4305832,32994,1,HR,1,100,51
1658859459.923080,4308635,33457,1,HR,1,100,48
1658859461.453772,4310128,33690,1,HR,1,100,47
1658859462.210403,4310866,33824,1,HR,1,100,51
1658859462.863484,4311503,33923,1,HR,1,100,56
1658859463.718539,4312337,34058,1,HR,1,100,58
1658859465.243080,4313824,34306,1,HR,1,100,55
1658859466.416986,4314969,34490,1,HR,1,100,55
1658859468.799657,4317293,34870,1,HR,1,100,52
1658859469.558339,4318033,35004,1,HR,1,100,55
1658859470.248329,4318706,35106,1,HR,1,100,59
1658859471.050071,4319488,35239,1,HR,1,100,61
1658859471.897950,4320315,35372,1,HR,1,100,62
1658859472.829898,4321224,35523,1,HR,1,100,62
1658859475.763126,4324085,36003,1,HR,1,100,57
1658859478.559996,4326813,36450,1,HR,1,100,53
1658859480.248576,4328460,36719,1,HR,1,100,51
1658859481.255368,4329442,36886,1,HR,1,100,52
1658859481.897171,4330068,36985,1,HR,1,100,57
1658859482.832196,4330980,37135,1,HR,1,100,58
1658859485.055954,4333149,37485,1,HR,1,100,54
1658859485.804383,4333879,37618,1,HR,1,100,57
1658859487.911263,4335934,37949,1,HR,1,100,54
1658859490.536917,4338495,38363,1,HR,1,100,50
1658859492.716589,4340621,38710,1,HR,1,100,48
1658859494.199095,4342067,38960,1,HR,1,100,47
1658859496.905744,4344707,39393,1,HR,1,100,44
1658859498.994169,4346744,39711,1,HR,1,100,42
1658859500.528962,4348241,39963,1,HR,1,100,42
1658859503.560614,4351198,40460,1,HR,1,100,39
1658859508.323905,4355844,41220,1,HR,1,100,36
1658859510.730157,4358191,41601,1,HR,1,100,35
1658859512.195233,4359620,41835,1,HR,1,100,36
1658859519.856894,4367093,43060,1,HR,1,100,32
1658859521.698236,4368889,43358,1,HR,1,100,32
1658859523.393992,4370543,43625,1,HR,1,100,33
1658859524.004013,4371138,43727,1,HR,1,100,41
1658859524.803705,4371918,43866,1,HR,1,100,45
1658859526.901358,4373964,44202,1,HR,1,100,43
1658859529.484977,4376484,44619,1,HR,1,100,41
1658859532.438710,4379365,45082,1,HR,1,100,38
1658859535.852778,4382695,45645,1,HR,1,100,36
1658859537.228658,4384037,45862,1,HR,1,100,37
1658859542.243135,4388928,46656,1,HR,1,100,34
1658859543.157654,4389820,46806,1,HR,1,100,38
1658859544.014760,4390656,46939,1,HR,1,100,42
1658859545.779207,4392377,47223,1,HR,1,100,41
1658859547.846103,4394393,47555,1,HR,1,100,39
1658859549.809448,4396308,47872,1,HR,1,100,38
1658859551.794324,4398244,48190,1,HR,1,100,37
1658859552.883135,4399306,48373,1,HR,1,100,40
1658859555.306816,4401670,48757,1,HR,1,100,38
1658859556.117785,4402461,48891,1,HR,1,100,42
1658859557.275288,4403590,49076,1,HR,1,100,43
1658859558.939261,4405213,49340,1,HR,1,100,43
1658859560.706785,4406937,49623,1,HR,1,100,42
1658859562.394340,4408583,49906,1,HR,1,100,41
1658859564.217227,4410361,50188,1,HR,1,100,40
1658859566.757786,4412839,50600,1,HR,1,100,38
1658859585.788397,4431401,53628,1,HR,1,100,34
1658859586.553230,4432147,53761,1,HR,1,100,39
1658859629.501799,4474038,60504,1,HR,1,100,35
