LocalTimestamp,EmotiBitTimestamp,PacketNumber,DataLength,TypeTag,ProtocolVersion,DataReliability,RD
1658855193.553679,147321.000,21911,2,RD,1,100,TL
1658855193.553679,147321.000,21911,2,RD,1,100,TU
1658855196.179333,149882.000,22743,2,RD,1,100,TL
1658855198.804987,152443.000,22743,2,RD,1,100,TU
1658855201.455247,155028.000,23590,2,RD,1,100,TL
1658855204.105508,157613.000,23590,2,RD,1,100,TU
1658855206.728086,160171.000,24419,2,RD,1,100,TL
1658855209.350665,162729.000,24419,2,RD,1,100,TU
1658855211.968630,165282.500,25248,2,RD,1,100,TL
1658855214.586595,167836.000,25248,2,RD,1,100,TU
1658855217.210198,170395.000,26064,2,RD,1,100,TL
1658855219.833802,172954.000,26064,2,RD,1,100,TU
1658855222.453305,175509.000,26892,2,RD,1,100,TL
1658855225.072808,178064.000,26892,2,RD,1,100,TU
1658855227.721530,180647.500,27723,2,RD,1,100,TL
1658855230.370253,183231.000,27723,2,RD,1,100,TU
1658855233.003084,185799.000,28534,2,RD,1,100,TL
1658855235.635915,188367.000,28534,2,RD,1,100,TU
1658855238.254905,190921.500,29372,2,RD,1,100,TL
1658855240.873895,193476.000,29372,2,RD,1,100,TU
1658855243.491860,196029.500,30203,2,RD,1,100,TL
1658855246.109825,198583.000,30203,2,RD,1,100,TU
1658855248.727790,201136.500,31033,2,RD,1,100,TL
1658855251.345755,203690.000,31033,2,RD,1,100,TU
1658855253.974485,206254.000,31866,2,RD,1,100,TL
1658855256.603215,208818.000,31866,2,RD,1,100,TU
1658855259.222205,211372.500,32699,2,RD,1,100,TL
1658855261.841196,213927.000,32699,2,RD,1,100,TU
1658855264.482229,216503.000,33557,2,RD,1,100,TL
1658855267.123261,219079.000,33557,2,RD,1,100,TU
1658855269.755067,221646.000,34396,2,RD,1,100,TL
1658855272.386873,224213.000,34396,2,RD,1,100,TU
1658855275.023805,226785.000,35232,2,RD,1,100,TL
1658855277.660737,229357.000,35232,2,RD,1,100,TU
1658855280.297669,231929.000,36063,2,RD,1,100,TL
1658855282.934601,234501.000,36063,2,RD,1,100,TU
1658855285.609467,237110.000,36895,2,RD,1,100,TL
1658855288.284333,239719.000,36895,2,RD,1,100,TU
1658855290.919727,242289.500,37725,2,RD,1,100,TL
1658855293.555122,244860.000,37725,2,RD,1,100,TU
1658855296.187953,247428.000,38556,2,RD,1,100,TL
1658855298.820784,249996.000,38556,2,RD,1,100,TU
1658855301.452590,252563.000,39385,2,RD,1,100,TL
1658855304.084395,255130.000,39385,2,RD,1,100,TU
1658855306.714150,257695.000,40218,2,RD,1,100,TL
1658855309.343906,260260.000,40218,2,RD,1,100,TU
1658855311.984939,262836.000,41048,2,RD,1,100,TL
1658855314.625972,265412.000,41048,2,RD,1,100,TU
1658855317.259828,267981.000,41879,2,RD,1,100,TL
1658855319.893684,270550.000,41879,2,RD,1,100,TU
1658855322.536255,273127.500,42710,2,RD,1,100,TL
1658855325.178826,275705.000,42710,2,RD,1,100,TU
1658855327.807556,278269.000,43527,2,RD,1,100,TL
1658855330.436286,280833.000,43527,2,RD,1,100,TU
1658855333.072706,283404.500,44346,2,RD,1,100,TL
1658855335.709125,285976.000,44346,2,RD,1,100,TU
1658855338.401420,288602.000,45115,2,RD,1,100,TL
1658855341.093715,291228.000,45115,2,RD,1,100,TU
1658855343.715781,293785.500,45920,2,RD,1,100,TL
1658855346.337847,296343.000,45920,2,RD,1,100,TU
1658855348.959401,298900.000,46750,2,RD,1,100,TL
1658855351.580954,301457.000,46750,2,RD,1,100,TU
1658855354.191742,304003.500,47569,2,RD,1,100,TL
1658855356.802531,306550.000,47569,2,RD,1,100,TU
1658855359.423059,309106.000,48396,2,RD,1,100,TL
1658855362.043587,311662.000,48396,2,RD,1,100,TU
1658855364.662064,314216.000,49225,2,RD,1,100,TL
1658855367.280542,316770.000,49225,2,RD,1,100,TU
1658855369.921062,319345.500,50061,2,RD,1,100,TL
1658855372.561583,321921.000,50061,2,RD,1,100,TU
1658855375.202615,324497.000,50898,2,RD,1,100,TL
1658855377.843649,327073.000,50898,2,RD,1,100,TU
1658855380.482631,329647.000,51737,2,RD,1,100,TL
1658855383.121614,332221.000,51737,2,RD,1,100,TU
1658855385.764184,334798.500,52577,2,RD,1,100,TL
1658855388.406755,337376.000,52577,2,RD,1,100,TU
1658855391.045225,339949.500,53406,2,RD,1,100,TL
1658855393.683695,342523.000,53406,2,RD,1,100,TU
1658855396.302173,345077.000,54218,2,RD,1,100,TL
1658855398.920650,347631.000,54218,2,RD,1,100,TU
1658855401.556557,350202.000,55053,2,RD,1,100,TL
1658855404.192464,352773.000,55053,2,RD,1,100,TU
1658855406.824270,355340.000,55887,2,RD,1,100,TL
1658855409.456075,357907.000,55887,2,RD,1,100,TU
1658855412.087881,360474.000,56716,2,RD,1,100,TL
1658855414.719687,363041.000,56716,2,RD,1,100,TU
1658855417.356619,365613.000,57549,2,RD,1,100,TL
1658855419.993551,368185.000,57549,2,RD,1,100,TU
1658855422.636634,370763.000,58381,2,RD,1,100,TL
1658855425.279718,373341.000,58381,2,RD,1,100,TU
1658855427.913062,375909.500,59215,2,RD,1,100,TL
1658855430.546405,378478.000,59215,2,RD,1,100,TU
1658855433.163858,381031.000,60032,2,RD,1,100,TL
1658855435.781310,383584.000,60032,2,RD,1,100,TU
1658855438.416192,386154.000,60863,2,RD,1,100,TL
1658855441.051073,388724.000,60863,2,RD,1,100,TU
1658855443.685442,391293.500,61701,2,RD,1,100,TL
1658855446.319811,393863.000,61701,2,RD,1,100,TU
1658855448.960844,396439.000,62538,2,RD,1,100,TL
1658855451.601877,399015.000,62538,2,RD,1,100,TU
1658855454.224455,401573.000,63356,2,RD,1,100,TL
1658855456.847034,404131.000,63356,2,RD,1,100,TU
1658855459.467562,406687.000,64191,2,RD,1,100,TL
1658855462.088090,409243.000,64191,2,RD,1,100,TU
1658855464.728098,411818.000,65008,2,RD,1,100,TL
1658855467.368106,414393.000,65008,2,RD,1,100,TU
1658855469.977869,416938.500,270,2,RD,1,100,TL
1658855472.587631,419484.000,270,2,RD,1,100,TU
1658855475.208672,422040.500,1099,2,RD,1,100,TL
1658855477.829713,424597.000,1099,2,RD,1,100,TU
1658855480.447678,427150.500,1928,2,RD,1,100,TL
1658855483.065643,429704.000,1928,2,RD,1,100,TU
1658855485.681557,432255.500,2761,2,RD,1,100,TL
1658855488.297472,434807.000,2761,2,RD,1,100,TU
1658855490.919538,437364.500,3594,2,RD,1,100,TL
1658855493.541604,439922.000,3594,2,RD,1,100,TU
1658855496.170334,442486.000,4422,2,RD,1,100,TL
1658855498.799064,445050.000,4422,2,RD,1,100,TU
1658855501.417542,447604.000,5251,2,RD,1,100,TL
1658855504.036019,450158.000,5251,2,RD,1,100,TU
1658855506.652446,452710.000,6067,2,RD,1,100,TL
1658855509.268873,455262.000,6067,2,RD,1,100,TU
1658855511.897603,457826.000,6884,2,RD,1,100,TL
1658855514.526333,460390.000,6884,2,RD,1,100,TU
1658855517.139685,462939.000,7698,2,RD,1,100,TL
1658855519.753036,465488.000,7698,2,RD,1,100,TU
1658855522.371514,468042.000,8515,2,RD,1,100,TL
1658855524.989991,470596.000,8515,2,RD,1,100,TU
1658855527.623335,473164.500,9347,2,RD,1,100,TL
1658855530.256679,475733.000,9347,2,RD,1,100,TU
1658855532.873106,478285.000,10159,2,RD,1,100,TL
1658855535.489533,480837.000,10159,2,RD,1,100,TU
1658855538.123902,483406.500,10988,2,RD,1,100,TL
1658855540.758271,485976.000,10988,2,RD,1,100,TU
1658855543.401354,488554.000,11819,2,RD,1,100,TL
1658855546.044437,491132.000,11819,2,RD,1,100,TU
1658855548.688034,493710.500,12651,2,RD,1,100,TL
1658855551.331630,496289.000,12651,2,RD,1,100,TU
1658855553.949595,498842.500,13481,2,RD,1,100,TL
1658855556.567560,501396.000,13481,2,RD,1,100,TU
1658855559.175272,503939.500,14308,2,RD,1,100,TL
1658855561.782985,506483.000,14308,2,RD,1,100,TU
1658855564.407614,509043.000,15136,2,RD,1,100,TL
1658855567.032243,511603.000,15136,2,RD,1,100,TU
1658855569.651746,514158.000,15978,2,RD,1,100,TL
1658855572.271248,516713.000,15978,2,RD,1,100,TU
1658855574.890239,519267.500,16807,2,RD,1,100,TL
1658855577.509229,521822.000,16807,2,RD,1,100,TU
1658855580.141035,524389.000,17640,2,RD,1,100,TL
1658855582.772840,526956.000,17640,2,RD,1,100,TU
1658855585.387217,529506.000,18468,2,RD,1,100,TL
1658855588.001594,532056.000,18468,2,RD,1,100,TU
1658855590.643139,534632.500,19314,2,RD,1,100,TL
1658855593.284685,537209.000,19314,2,RD,1,100,TU
1658855595.905213,539765.000,20143,2,RD,1,100,TL
1658855598.525741,542321.000,20143,2,RD,1,100,TU
1658855601.143193,544874.000,20973,2,RD,1,100,TL
1658855603.760646,547427.000,20973,2,RD,1,100,TU
1658855606.377585,549979.500,21803,2,RD,1,100,TL
1658855608.994525,552532.000,21803,2,RD,1,100,TU
1658855611.614541,555087.500,22635,2,RD,1,100,TL
1658855614.234556,557643.000,22635,2,RD,1,100,TU
1658855616.865849,560209.500,23464,2,RD,1,100,TL
1658855619.497142,562776.000,23464,2,RD,1,100,TU
1658855622.126898,565341.000,24302,2,RD,1,100,TL
1658855624.756653,567906.000,24302,2,RD,1,100,TU
1658855627.375131,570460.000,25138,2,RD,1,100,TL
1658855629.993608,573014.000,25138,2,RD,1,100,TU
1658855632.614136,575570.000,25972,2,RD,1,100,TL
1658855635.234664,578126.000,25972,2,RD,1,100,TU
1658855637.853142,580680.000,26801,2,RD,1,100,TL
1658855640.471620,583234.000,26801,2,RD,1,100,TU
1658855643.120854,585818.000,27646,2,RD,1,100,TL
1658855645.770089,588402.000,27646,2,RD,1,100,TU
1658855648.409072,590976.000,28478,2,RD,1,100,TL
1658855651.048054,593550.000,28478,2,RD,1,100,TU
1658855653.698827,596135.500,29325,2,RD,1,100,TL
1658855656.349600,598721.000,29325,2,RD,1,100,TU
1658855658.971153,601278.000,30155,2,RD,1,100,TL
1658855661.592707,603835.000,30155,2,RD,1,100,TU
1658855664.207596,606385.500,30982,2,RD,1,100,TL
1658855666.822485,608936.000,30982,2,RD,1,100,TU
1658855669.440963,611490.000,31815,2,RD,1,100,TL
1658855672.059440,614044.000,31815,2,RD,1,100,TU
1658855674.677918,616598.000,32644,2,RD,1,100,TL
1658855677.296396,619152.000,32644,2,RD,1,100,TU
1658855679.934865,621725.500,33474,2,RD,1,100,TL
1658855682.573335,624299.000,33474,2,RD,1,100,TU
1658855685.211293,626872.000,34307,2,RD,1,100,TL
1658855687.849250,629445.000,34307,2,RD,1,100,TU
1658855690.495922,632026.500,35136,2,RD,1,100,TL
1658855693.142594,634608.000,35136,2,RD,1,100,TU
1658855695.774399,637175.000,35964,2,RD,1,100,TL
1658855698.406205,639742.000,35964,2,RD,1,100,TU
1658855701.035448,642306.500,36793,2,RD,1,100,TL
1658855703.664690,644871.000,36793,2,RD,1,100,TU
1658855706.284193,647426.000,37607,2,RD,1,100,TL
1658855708.903696,649981.000,37607,2,RD,1,100,TU
1658855711.539090,652551.500,38436,2,RD,1,100,TL
1658855714.174484,655122.000,38436,2,RD,1,100,TU
1658855716.818593,657701.000,39251,2,RD,1,100,TL
1658855719.462702,660280.000,39251,2,RD,1,100,TU
1658855722.089381,662842.000,40065,2,RD,1,100,TL
1658855724.716061,665404.000,40065,2,RD,1,100,TU
1658855727.334026,667957.500,40881,2,RD,1,100,TL
1658855729.951991,670511.000,40881,2,RD,1,100,TU
1658855732.595587,673089.500,41650,2,RD,1,100,TL
1658855735.239183,675668.000,41650,2,RD,1,100,TU
1658855737.873039,678237.000,42479,2,RD,1,100,TL
1658855740.506896,680806.000,42479,2,RD,1,100,TU
1658855743.141265,683375.500,43311,2,RD,1,100,TL
1658855745.775634,685945.000,43311,2,RD,1,100,TU
1658855748.405389,688510.000,44140,2,RD,1,100,TL
1658855751.035144,691075.000,44140,2,RD,1,100,TU
1658855753.653622,693629.000,44954,2,RD,1,100,TL
1658855756.272099,696183.000,44954,2,RD,1,100,TU
1658855758.918258,698764.000,45783,2,RD,1,100,TL
1658855761.564418,701345.000,45783,2,RD,1,100,TU
1658855764.182383,703898.500,46597,2,RD,1,100,TL
1658855766.800348,706452.000,46597,2,RD,1,100,TU
1658855769.419850,709007.000,47412,2,RD,1,100,TL
1658855772.039353,711562.000,47412,2,RD,1,100,TU
1658855774.675260,714133.000,48243,2,RD,1,100,TL
1658855777.311167,716704.000,48243,2,RD,1,100,TU
1658855779.941947,719270.000,49071,2,RD,1,100,TL
1658855782.572728,721836.000,49071,2,RD,1,100,TU
1658855785.212223,724410.500,49904,2,RD,1,100,TL
1658855787.851718,726985.000,49904,2,RD,1,100,TU
1658855790.469683,729538.500,50719,2,RD,1,100,TL
1658855793.087648,732092.000,50719,2,RD,1,100,TU
1658855795.706638,734646.500,51535,2,RD,1,100,TL
1658855798.325629,737201.000,51535,2,RD,1,100,TU
1658855800.967687,739778.000,52365,2,RD,1,100,TL
1658855803.609745,742355.000,52365,2,RD,1,100,TU
1658855806.227710,744908.500,53178,2,RD,1,100,TL
1658855808.845675,747462.000,53178,2,RD,1,100,TU
1658855811.492347,750043.500,54007,2,RD,1,100,TL
1658855814.139019,752625.000,54007,2,RD,1,100,TU
1658855816.756984,755178.500,54820,2,RD,1,100,TL
1658855819.374949,757732.000,54820,2,RD,1,100,TU
1658855822.036486,760328.000,55635,2,RD,1,100,TL
1658855824.698024,762924.000,55635,2,RD,1,100,TU
1658855827.315477,765477.000,56451,2,RD,1,100,TL
1658855829.932929,768030.000,56451,2,RD,1,100,TU
1658855832.578063,770610.000,57286,2,RD,1,100,TL
1658855835.223197,773190.000,57286,2,RD,1,100,TU
1658855837.842700,775745.000,58104,2,RD,1,100,TL
1658855840.462203,778300.000,58104,2,RD,1,100,TU
1658855843.088370,780861.500,58863,2,RD,1,100,TL
1658855845.714537,783423.000,58863,2,RD,1,100,TU
1658855848.349931,785993.500,59696,2,RD,1,100,TL
1658855850.985325,788564.000,59696,2,RD,1,100,TU
1658855853.618156,791132.000,60529,2,RD,1,100,TL
1658855856.250987,793700.000,60529,2,RD,1,100,TU
1658855858.873565,796258.000,61345,2,RD,1,100,TL
1658855861.496144,798816.000,61345,2,RD,1,100,TU
1658855864.141791,801396.500,62177,2,RD,1,100,TL
1658855866.787437,803977.000,62177,2,RD,1,100,TU
1658855869.428470,806553.000,63008,2,RD,1,100,TL
1658855872.069503,809129.000,63008,2,RD,1,100,TU
1658855874.703872,811698.500,63839,2,RD,1,100,TL
1658855877.338241,814268.000,63839,2,RD,1,100,TU
1658855879.967996,816833.000,64673,2,RD,1,100,TL
1658855882.597752,819398.000,64673,2,RD,1,100,TU
1658855885.234171,821969.500,65504,2,RD,1,100,TL
1658855887.870590,824541.000,65504,2,RD,1,100,TU
1658855890.499321,827105.000,801,2,RD,1,100,TL
1658855893.128051,829669.000,801,2,RD,1,100,TU
1658855895.747041,832223.500,1631,2,RD,1,100,TL
1658855898.366031,834778.000,1631,2,RD,1,100,TU
1658855900.983483,837331.000,2462,2,RD,1,100,TL
1658855903.600936,839884.000,2462,2,RD,1,100,TU
1658855906.244532,842462.500,3307,2,RD,1,100,TL
1658855908.888128,845041.000,3307,2,RD,1,100,TU
1658855911.506093,847594.500,4135,2,RD,1,100,TL
1658855914.124058,850148.000,4135,2,RD,1,100,TU
1658855916.742535,852702.000,4970,2,RD,1,100,TL
1658855919.361013,855256.000,4970,2,RD,1,100,TU
1658855922.004609,857834.500,5816,2,RD,1,100,TL
1658855924.648205,860413.000,5816,2,RD,1,100,TU
1658855927.266170,862966.500,6646,2,RD,1,100,TL
1658855929.884135,865520.000,6646,2,RD,1,100,TU
1658855932.503125,868074.500,7474,2,RD,1,100,TL
1658855935.122116,870629.000,7474,2,RD,1,100,TU
1658855937.740593,873183.000,8307,2,RD,1,100,TL
1658855940.359071,875737.000,8307,2,RD,1,100,TU
1658855942.997028,878310.000,9153,2,RD,1,100,TL
1658855945.634985,880883.000,9153,2,RD,1,100,TU
1658855948.253463,883437.000,9982,2,RD,1,100,TL
1658855950.871940,885991.000,9982,2,RD,1,100,TU
1658855953.490418,888545.000,10815,2,RD,1,100,TL
1658855956.108896,891099.000,10815,2,RD,1,100,TU
1658855958.727886,893653.500,11643,2,RD,1,100,TL
1658855961.346876,896208.000,11643,2,RD,1,100,TU
1658855963.964328,898761.000,12475,2,RD,1,100,TL
1658855966.581781,901314.000,12475,2,RD,1,100,TU
1658855969.220763,903888.000,13320,2,RD,1,100,TL
1658855971.859746,906462.000,13320,2,RD,1,100,TU
1658855974.478223,909016.000,14150,2,RD,1,100,TL
1658855977.096701,911570.000,14150,2,RD,1,100,TU
1658855979.723893,914132.500,14982,2,RD,1,100,TL
1658855982.351085,916695.000,14982,2,RD,1,100,TU
1658855984.971101,919250.500,15810,2,RD,1,100,TL
1658855987.591116,921806.000,15810,2,RD,1,100,TU
1658855990.229586,924379.500,16655,2,RD,1,100,TL
1658855992.868056,926953.000,16655,2,RD,1,100,TU
1658855995.486021,929506.500,17486,2,RD,1,100,TL
1658855998.103986,932060.000,17486,2,RD,1,100,TU
1658856000.722463,934614.000,18316,2,RD,1,100,TL
1658856003.340941,937168.000,18316,2,RD,1,100,TU
1658856005.965570,939728.000,19144,2,RD,1,100,TL
1658856008.590199,942288.000,19144,2,RD,1,100,TU
1658856011.208677,944842.000,19972,2,RD,1,100,TL
1658856013.827154,947396.000,19972,2,RD,1,100,TU
1658856016.445632,949950.000,20805,2,RD,1,100,TL
1658856019.064110,952504.000,20805,2,RD,1,100,TU
1658856021.715908,955090.500,21637,2,RD,1,100,TL
1658856024.367706,957677.000,21637,2,RD,1,100,TU
1658856026.979519,960224.500,22452,2,RD,1,100,TL
1658856029.591333,962772.000,22452,2,RD,1,100,TU
1658856032.211348,965327.500,23282,2,RD,1,100,TL
1658856034.831363,967883.000,23282,2,RD,1,100,TU
1658856037.448303,970435.500,24113,2,RD,1,100,TL
1658856040.065243,972988.000,24113,2,RD,1,100,TU
1658856042.684233,975542.500,24927,2,RD,1,100,TL
1658856045.303223,978097.000,24927,2,RD,1,100,TU
1658856047.917600,980647.000,25755,2,RD,1,100,TL
1658856050.531977,983197.000,25755,2,RD,1,100,TU
1658856053.188901,985788.500,26584,2,RD,1,100,TL
1658856055.845825,988380.000,26584,2,RD,1,100,TU
1658856058.457639,990927.500,27413,2,RD,1,100,TL
1658856061.069452,993475.000,27413,2,RD,1,100,TU
1658856063.685879,996027.000,28244,2,RD,1,100,TL
1658856066.302306,998579.000,28244,2,RD,1,100,TU
1658856068.925398,1001137.500,29074,2,RD,1,100,TL
1658856071.548489,1003696.000,29074,2,RD,1,100,TU
1658856074.167992,1006251.000,29871,2,RD,1,100,TL
1658856076.787494,1008806.000,29871,2,RD,1,100,TU
1658856079.405972,1011360.000,30686,2,RD,1,100,TL
1658856082.024450,1013914.000,30686,2,RD,1,100,TU
1658856084.646003,1016471.000,31516,2,RD,1,100,TL
1658856087.267556,1019028.000,31516,2,RD,1,100,TU
1658856089.895774,1021591.500,32347,2,RD,1,100,TL
1658856092.523991,1024155.000,32347,2,RD,1,100,TU
1658856095.157335,1026723.500,33174,2,RD,1,100,TL
1658856097.790679,1029292.000,33174,2,RD,1,100,TU
1658856100.426073,1031862.500,34000,2,RD,1,100,TL
1658856103.061467,1034433.000,34000,2,RD,1,100,TU
1658856105.695323,1037002.000,34832,2,RD,1,100,TL
1658856108.329179,1039571.000,34832,2,RD,1,100,TU
1658856110.945606,1042123.000,35641,2,RD,1,100,TL
1658856113.562033,1044675.000,35641,2,RD,1,100,TU
1658856116.191276,1047239.500,36456,2,RD,1,100,TL
1658856118.820519,1049804.000,36456,2,RD,1,100,TU
1658856121.436946,1052356.000,37268,2,RD,1,100,TL
1658856124.053373,1054908.000,37268,2,RD,1,100,TU
1658856126.671851,1057462.000,38084,2,RD,1,100,TL
1658856129.290328,1060016.000,38084,2,RD,1,100,TU
1658856131.908806,1062570.000,38899,2,RD,1,100,TL
1658856134.527283,1065124.000,38899,2,RD,1,100,TU
1658856137.159089,1067691.000,39728,2,RD,1,100,TL
1658856139.790895,1070258.000,39728,2,RD,1,100,TU
1658856142.422701,1072825.000,40542,2,RD,1,100,TL
1658856145.054507,1075392.000,40542,2,RD,1,100,TU
1658856147.664269,1077937.500,41341,2,RD,1,100,TL
1658856150.274033,1080483.000,41341,2,RD,1,100,TU
1658856152.877131,1083022.000,42154,2,RD,1,100,TL
1658856155.480230,1085561.000,42154,2,RD,1,100,TU
1658856158.112549,1088128.500,42979,2,RD,1,100,TL
1658856160.744867,1090696.000,42979,2,RD,1,100,TU
1658856163.391026,1093277.000,43811,2,RD,1,100,TL
1658856166.037186,1095858.000,43811,2,RD,1,100,TU
1658856168.677193,1098433.000,44644,2,RD,1,100,TL
1658856171.317201,1101008.000,44644,2,RD,1,100,TU
1658856173.942855,1103569.000,45458,2,RD,1,100,TL
1658856176.568510,1106130.000,45458,2,RD,1,100,TU
1658856179.170071,1108667.500,46271,2,RD,1,100,TL
1658856181.771632,1111205.000,46271,2,RD,1,100,TU
1658856184.421892,1113790.000,47101,2,RD,1,100,TL
1658856187.072152,1116375.000,47101,2,RD,1,100,TU
1658856189.709597,1118947.500,47934,2,RD,1,100,TL
1658856192.347041,1121520.000,47934,2,RD,1,100,TU
1658856194.974746,1124083.000,48761,2,RD,1,100,TL
1658856197.602451,1126646.000,48761,2,RD,1,100,TU
1658856200.225030,1129204.000,49590,2,RD,1,100,TL
1658856202.847608,1131762.000,49590,2,RD,1,100,TU
1658856205.484540,1134334.000,50422,2,RD,1,100,TL
1658856208.121472,1136906.000,50422,2,RD,1,100,TU
1658856210.773783,1139493.000,51251,2,RD,1,100,TL
1658856213.426094,1142080.000,51251,2,RD,1,100,TU
1658856216.052261,1144641.500,52070,2,RD,1,100,TL
1658856218.678427,1147203.000,52070,2,RD,1,100,TU
1658856221.298443,1149758.500,52886,2,RD,1,100,TL
1658856223.918458,1152314.000,52886,2,RD,1,100,TU
1658856226.583072,1154913.000,53700,2,RD,1,100,TL
1658856229.247686,1157512.000,53700,2,RD,1,100,TU
1658856231.882055,1160081.500,54470,2,RD,1,100,TL
1658856234.516423,1162651.000,54470,2,RD,1,100,TU
1658856237.143616,1165213.500,55295,2,RD,1,100,TL
1658856239.770808,1167776.000,55295,2,RD,1,100,TU
1658856242.392361,1170333.000,56122,2,RD,1,100,TL
1658856245.013915,1172890.000,56122,2,RD,1,100,TU
1658856247.665200,1175476.000,56951,2,RD,1,100,TL
1658856250.316485,1178062.000,56951,2,RD,1,100,TU
1658856252.942140,1180623.000,57766,2,RD,1,100,TL
1658856255.567794,1183184.000,57766,2,RD,1,100,TU
1658856258.179095,1185731.000,58580,2,RD,1,100,TL
1658856260.790396,1188278.000,58580,2,RD,1,100,TU
1658856263.437580,1190860.000,59379,2,RD,1,100,TL
1658856266.084765,1193442.000,59379,2,RD,1,100,TU
1658856268.723747,1196016.000,60147,2,RD,1,100,TL
1658856271.362730,1198590.000,60147,2,RD,1,100,TU
1658856273.980182,1201143.000,60959,2,RD,1,100,TL
1658856276.597634,1203696.000,60959,2,RD,1,100,TU
1658856279.217137,1206251.000,61775,2,RD,1,100,TL
1658856281.836640,1208806.000,61775,2,RD,1,100,TU
1658856284.453067,1211358.000,62589,2,RD,1,100,TL
1658856287.069494,1213910.000,62589,2,RD,1,100,TU
1658856289.708477,1216484.000,63406,2,RD,1,100,TL
1658856292.347459,1219058.000,63406,2,RD,1,100,TU
1658856294.990543,1221636.000,64239,2,RD,1,100,TL
1658856297.633626,1224214.000,64239,2,RD,1,100,TU
1658856300.291063,1226806.000,65071,2,RD,1,100,TL
1658856302.948500,1229398.000,65071,2,RD,1,100,TU
1658856305.566978,1231952.000,350,2,RD,1,100,TL
1658856308.185455,1234506.000,350,2,RD,1,100,TU
1658856310.802395,1237058.500,1181,2,RD,1,100,TL
1658856313.419335,1239611.000,1181,2,RD,1,100,TU
1658856316.067032,1242193.500,2009,2,RD,1,100,TL
1658856318.714729,1244776.000,2009,2,RD,1,100,TU
1658856321.336795,1247333.500,2840,2,RD,1,100,TL
1658856323.958861,1249891.000,2840,2,RD,1,100,TU
1658856326.593230,1252460.500,3670,2,RD,1,100,TL
1658856329.227599,1255030.000,3670,2,RD,1,100,TU
1658856331.840950,1257579.000,4501,2,RD,1,100,TL
1658856334.454301,1260128.000,4501,2,RD,1,100,TU
1658856337.076367,1262685.500,5334,2,RD,1,100,TL
1658856339.698433,1265243.000,5334,2,RD,1,100,TU
1658856342.323062,1267803.000,6165,2,RD,1,100,TL
1658856344.947691,1270363.000,6165,2,RD,1,100,TU
1658856347.597951,1272948.000,7011,2,RD,1,100,TL
1658856350.248212,1275533.000,7011,2,RD,1,100,TU
1658856352.860538,1278081.000,7828,2,RD,1,100,TL
1658856355.472864,1280629.000,7828,2,RD,1,100,TU
1658856358.103645,1283195.000,8665,2,RD,1,100,TL
1658856360.734425,1285761.000,8665,2,RD,1,100,TU
1658856363.358541,1288320.500,9494,2,RD,1,100,TL
1658856365.982658,1290880.000,9494,2,RD,1,100,TU
1658856368.601135,1293434.000,10323,2,RD,1,100,TL
1658856371.219613,1295988.000,10323,2,RD,1,100,TU
1658856373.843217,1298547.000,11154,2,RD,1,100,TL
1658856376.466821,1301106.000,11154,2,RD,1,100,TU
1658856379.080685,1303655.500,11985,2,RD,1,100,TL
1658856381.694549,1306205.000,11985,2,RD,1,100,TU
1658856384.331481,1308777.000,12814,2,RD,1,100,TL
1658856386.968413,1311349.000,12814,2,RD,1,100,TU
1658856389.598168,1313914.000,13642,2,RD,1,100,TL
1658856392.227923,1316479.000,13642,2,RD,1,100,TU
1658856394.852552,1319039.000,14474,2,RD,1,100,TL
1658856397.477181,1321599.000,14474,2,RD,1,100,TU
1658856400.098735,1324156.000,15290,2,RD,1,100,TL
1658856402.720288,1326713.000,15290,2,RD,1,100,TU
1658856405.352607,1329280.500,16105,2,RD,1,100,TL
1658856407.984925,1331848.000,16105,2,RD,1,100,TU
1658856410.601865,1334400.500,16933,2,RD,1,100,TL
1658856413.218804,1336953.000,16933,2,RD,1,100,TU
1658856415.834206,1339504.000,17762,2,RD,1,100,TL
1658856418.449608,1342055.000,17762,2,RD,1,100,TU
1658856421.069623,1344610.500,18594,2,RD,1,100,TL
1658856423.689639,1347166.000,18594,2,RD,1,100,TU
1658856426.330672,1349742.000,19421,2,RD,1,100,TL
1658856428.971705,1352318.000,19421,2,RD,1,100,TU
1658856431.588645,1354870.500,20237,2,RD,1,100,TL
1658856434.205584,1357423.000,20237,2,RD,1,100,TU
1658856436.826625,1359979.500,21066,2,RD,1,100,TL
1658856439.447666,1362536.000,21066,2,RD,1,100,TU
1658856442.065118,1365089.000,21896,2,RD,1,100,TL
1658856444.682570,1367642.000,21896,2,RD,1,100,TU
1658856447.329242,1370223.500,22727,2,RD,1,100,TL
1658856449.975914,1372805.000,22727,2,RD,1,100,TU
1658856452.594392,1375359.000,23556,2,RD,1,100,TL
1658856455.212869,1377913.000,23556,2,RD,1,100,TU
1658856457.828271,1380464.000,24387,2,RD,1,100,TL
1658856460.443673,1383015.000,24387,2,RD,1,100,TU
1658856463.062151,1385569.000,25216,2,RD,1,100,TL
1658856465.680628,1388123.000,25216,2,RD,1,100,TU
1658856468.321661,1390699.000,26031,2,RD,1,100,TL
1658856470.962694,1393275.000,26031,2,RD,1,100,TU
1658856473.586298,1395834.000,26860,2,RD,1,100,TL
1658856476.209902,1398393.000,26860,2,RD,1,100,TU
1658856478.826329,1400945.000,27689,2,RD,1,100,TL
1658856481.442756,1403497.000,27689,2,RD,1,100,TU
1658856484.091478,1406080.500,28538,2,RD,1,100,TL
1658856486.740201,1408664.000,28538,2,RD,1,100,TU
1658856489.374057,1411233.000,29369,2,RD,1,100,TL
1658856492.007913,1413802.000,29369,2,RD,1,100,TU
1658856494.628954,1416358.500,30201,2,RD,1,100,TL
1658856497.249995,1418915.000,30201,2,RD,1,100,TU
1658856499.884876,1421485.000,31015,2,RD,1,100,TL
1658856502.519758,1424055.000,31015,2,RD,1,100,TU
1658856505.135159,1426606.000,31827,2,RD,1,100,TL
1658856507.750561,1429157.000,31827,2,RD,1,100,TU
1658856510.370577,1431712.500,32658,2,RD,1,100,TL
1658856512.990592,1434268.000,32658,2,RD,1,100,TU
1658856515.612658,1436825.500,33473,2,RD,1,100,TL
1658856518.234724,1439383.000,33473,2,RD,1,100,TU
1658856520.851664,1441935.500,34293,2,RD,1,100,TL
1658856523.468604,1444488.000,34293,2,RD,1,100,TU
1658856526.111687,1447066.000,35122,2,RD,1,100,TL
1658856528.754771,1449644.000,35122,2,RD,1,100,TU
1658856531.384526,1452209.000,35936,2,RD,1,100,TL
1658856534.014281,1454774.000,35936,2,RD,1,100,TU
1658856536.622506,1457318.000,36742,2,RD,1,100,TL
1658856539.230731,1459862.000,36742,2,RD,1,100,TU
1658856541.866638,1462433.000,37574,2,RD,1,100,TL
1658856544.502545,1465004.000,37574,2,RD,1,100,TU
1658856547.119485,1467556.500,38388,2,RD,1,100,TL
1658856549.736424,1470109.000,38388,2,RD,1,100,TU
1658856552.352852,1472661.000,39204,2,RD,1,100,TL
1658856554.969279,1475213.000,39204,2,RD,1,100,TU
1658856557.624665,1477803.000,40035,2,RD,1,100,TL
1658856560.280051,1480393.000,40035,2,RD,1,100,TU
1658856562.891352,1482940.000,40851,2,RD,1,100,TL
1658856565.502653,1485487.000,40851,2,RD,1,100,TU
1658856568.116005,1488036.000,41666,2,RD,1,100,TL
1658856570.729356,1490585.000,41666,2,RD,1,100,TU
1658856573.375515,1493166.000,42495,2,RD,1,100,TL
1658856576.021674,1495747.000,42495,2,RD,1,100,TU
1658856578.634513,1498295.500,43310,2,RD,1,100,TL
1658856581.247352,1500844.000,43310,2,RD,1,100,TU
1658856583.873519,1503405.500,44124,2,RD,1,100,TL
1658856586.499686,1505967.000,44124,2,RD,1,100,TU
1658856589.121239,1508524.000,44939,2,RD,1,100,TL
1658856591.742792,1511081.000,44939,2,RD,1,100,TU
1658856594.357169,1513631.000,45754,2,RD,1,100,TL
1658856596.971546,1516181.000,45754,2,RD,1,100,TU
1658856599.618730,1518763.000,46584,2,RD,1,100,TL
1658856602.265915,1521345.000,46584,2,RD,1,100,TU
1658856604.881316,1523896.000,47382,2,RD,1,100,TL
1658856607.496718,1526447.000,47382,2,RD,1,100,TU
1658856610.113145,1528999.000,48197,2,RD,1,100,TL
1658856612.729573,1531551.000,48197,2,RD,1,100,TU
1658856615.351639,1534108.500,49014,2,RD,1,100,TL
1658856617.973704,1536666.000,49014,2,RD,1,100,TU
1658856620.582442,1539210.500,49824,2,RD,1,100,TL
1658856623.191180,1541755.000,49824,2,RD,1,100,TU
1658856625.836314,1544335.000,50654,2,RD,1,100,TL
1658856628.481448,1546915.000,50654,2,RD,1,100,TU
1658856631.127607,1549496.000,51483,2,RD,1,100,TL
1658856633.773766,1552077.000,51483,2,RD,1,100,TU
1658856636.390706,1554629.500,52300,2,RD,1,100,TL
1658856639.007646,1557182.000,52300,2,RD,1,100,TU
1658856641.626636,1559736.500,53101,2,RD,1,100,TL
1658856644.245626,1562291.000,53101,2,RD,1,100,TU
1658856646.863591,1564844.500,53913,2,RD,1,100,TL
1658856649.481556,1567398.000,53913,2,RD,1,100,TU
1658856652.097471,1569949.500,54727,2,RD,1,100,TL
1658856654.713385,1572501.000,54727,2,RD,1,100,TU
1658856657.330325,1575053.500,55540,2,RD,1,100,TL
1658856659.947264,1577606.000,55540,2,RD,1,100,TU
1658856662.592911,1580186.500,56370,2,RD,1,100,TL
1658856665.238558,1582767.000,56370,2,RD,1,100,TU
1658856667.852422,1585316.500,57183,2,RD,1,100,TL
1658856670.466286,1587866.000,57183,2,RD,1,100,TU
1658856673.106806,1590441.500,58012,2,RD,1,100,TL
1658856675.747326,1593017.000,58012,2,RD,1,100,TU
1658856678.381695,1595586.500,58827,2,RD,1,100,TL
1658856681.016064,1598156.000,58827,2,RD,1,100,TU
1658856683.631979,1600707.500,59629,2,RD,1,100,TL
1658856686.247893,1603259.000,59629,2,RD,1,100,TU
1658856688.898666,1605844.500,60443,2,RD,1,100,TL
1658856691.549439,1608430.000,60443,2,RD,1,100,TU
1658856694.153563,1610970.000,61198,2,RD,1,100,TL
1658856696.757687,1613510.000,61198,2,RD,1,100,TU
1658856699.401283,1616088.500,62028,2,RD,1,100,TL
1658856702.044879,1618667.000,62028,2,RD,1,100,TU
1658856704.693089,1621250.000,62860,2,RD,1,100,TL
1658856707.341299,1623833.000,62860,2,RD,1,100,TU
1658856709.956701,1626384.000,63677,2,RD,1,100,TL
1658856712.572103,1628935.000,63677,2,RD,1,100,TU
1658856715.220825,1631518.500,64492,2,RD,1,100,TL
1658856717.869547,1634102.000,64492,2,RD,1,100,TU
1658856720.488537,1636656.500,65292,2,RD,1,100,TL
1658856723.107527,1639211.000,65292,2,RD,1,100,TU
1658856725.751636,1641790.000,570,2,RD,1,100,TL
1658856728.395745,1644369.000,570,2,RD,1,100,TU
1658856731.026525,1646935.000,1339,2,RD,1,100,TL
1658856733.657306,1649501.000,1339,2,RD,1,100,TU
1658856736.277834,1652057.000,2170,2,RD,1,100,TL
1658856738.898362,1654613.000,2170,2,RD,1,100,TU
1658856741.526067,1657176.000,2986,2,RD,1,100,TL
1658856744.153772,1659739.000,2986,2,RD,1,100,TU
1658856746.758921,1662280.000,3800,2,RD,1,100,TL
1658856749.364071,1664821.000,3800,2,RD,1,100,TU
1658856751.983061,1667375.500,4630,2,RD,1,100,TL
1658856754.602051,1669930.000,4630,2,RD,1,100,TU
1658856757.221554,1672485.000,5459,2,RD,1,100,TL
1658856759.841057,1675040.000,5459,2,RD,1,100,TU
1658856762.457996,1677592.500,6289,2,RD,1,100,TL
1658856765.074936,1680145.000,6289,2,RD,1,100,TU
1658856767.696490,1682702.000,7121,2,RD,1,100,TL
1658856770.318043,1685259.000,7121,2,RD,1,100,TU
1658856772.957025,1687833.000,7967,2,RD,1,100,TL
1658856775.596008,1690407.000,7967,2,RD,1,100,TU
1658856778.213973,1692960.500,8798,2,RD,1,100,TL
1658856780.831938,1695514.000,8798,2,RD,1,100,TU
1658856783.478097,1698095.000,9638,2,RD,1,100,TL
1658856786.124256,1700676.000,9638,2,RD,1,100,TU
1658856788.739658,1703227.000,10465,2,RD,1,100,TL
1658856791.355060,1705778.000,10465,2,RD,1,100,TU
1658856793.979689,1708338.000,11296,2,RD,1,100,TL
1658856796.604318,1710898.000,11296,2,RD,1,100,TU
1658856799.239200,1713468.000,12134,2,RD,1,100,TL
1658856801.874081,1716038.000,12134,2,RD,1,100,TU
1658856804.507425,1718606.500,12972,2,RD,1,100,TL
1658856807.140769,1721175.000,12972,2,RD,1,100,TU
1658856809.761809,1723731.500,13802,2,RD,1,100,TL
1658856812.382850,1726288.000,13802,2,RD,1,100,TU
1658856815.002353,1728843.000,14637,2,RD,1,100,TL
1658856817.621855,1731398.000,14637,2,RD,1,100,TU
1658856820.238795,1733950.500,15472,2,RD,1,100,TL
1658856822.855735,1736503.000,15472,2,RD,1,100,TU
1658856825.499844,1739082.000,16318,2,RD,1,100,TL
1658856828.143952,1741661.000,16318,2,RD,1,100,TU
1658856830.766018,1744218.500,17157,2,RD,1,100,TL
1658856833.388084,1746776.000,17157,2,RD,1,100,TU
1658856836.001948,1749325.500,17986,2,RD,1,100,TL
1658856838.615812,1751875.000,17986,2,RD,1,100,TU
1658856841.234290,1754429.000,18814,2,RD,1,100,TL
1658856843.852767,1756983.000,18814,2,RD,1,100,TU
1658856846.471245,1759537.000,19644,2,RD,1,100,TL
1658856849.089723,1762091.000,19644,2,RD,1,100,TU
1658856851.708200,1764645.000,20473,2,RD,1,100,TL
1658856854.326678,1767199.000,20473,2,RD,1,100,TU
1658856856.945155,1769753.000,21302,2,RD,1,100,TL
1658856859.563633,1772307.000,21302,2,RD,1,100,TU
1658856862.181598,1774860.500,22134,2,RD,1,100,TL
1658856864.799563,1777414.000,22134,2,RD,1,100,TU
1658856867.419578,1779969.500,22967,2,RD,1,100,TL
1658856870.039594,1782525.000,22967,2,RD,1,100,TU
1658856872.657046,1785078.000,23796,2,RD,1,100,TL
1658856875.274498,1787631.000,23796,2,RD,1,100,TU
1658856877.895027,1790187.000,24625,2,RD,1,100,TL
1658856880.515555,1792743.000,24625,2,RD,1,100,TU
1658856883.134032,1795297.000,25460,2,RD,1,100,TL
1658856885.752510,1797851.000,25460,2,RD,1,100,TU
1658856888.396106,1800429.500,26306,2,RD,1,100,TL
1658856891.039702,1803008.000,26306,2,RD,1,100,TU
1658856893.665356,1805569.000,27135,2,RD,1,100,TL
1658856896.291011,1808130.000,27135,2,RD,1,100,TU
1658856898.909488,1810684.000,27964,2,RD,1,100,TL
1658856901.527966,1813238.000,27964,2,RD,1,100,TU
1658856904.146956,1815792.500,28797,2,RD,1,100,TL
1658856906.765946,1818347.000,28797,2,RD,1,100,TU
1658856909.386474,1820903.000,29636,2,RD,1,100,TL
1658856912.007002,1823459.000,29636,2,RD,1,100,TU
1658856914.624967,1826012.500,30465,2,RD,1,100,TL
1658856917.242932,1828566.000,30465,2,RD,1,100,TU
1658856919.861410,1831120.000,31294,2,RD,1,100,TL
1658856922.479887,1833674.000,31294,2,RD,1,100,TU
1658856925.118357,1836247.500,32130,2,RD,1,100,TL
1658856927.756827,1838821.000,32130,2,RD,1,100,TU
1658856930.384020,1841383.500,32959,2,RD,1,100,TL
1658856933.011212,1843946.000,32959,2,RD,1,100,TU
1658856935.629689,1846500.000,33784,2,RD,1,100,TL
1658856938.248167,1849054.000,33784,2,RD,1,100,TU
1658856940.880998,1851622.000,34613,2,RD,1,100,TL
1658856943.513829,1854190.000,34613,2,RD,1,100,TU
1658856946.152812,1856764.000,35445,2,RD,1,100,TL
1658856948.791794,1859338.000,35445,2,RD,1,100,TU
1658856951.423600,1861905.000,36274,2,RD,1,100,TL
1658856954.055405,1864472.000,36274,2,RD,1,100,TU
1658856956.700540,1867052.000,37103,2,RD,1,100,TL
1658856959.345674,1869632.000,37103,2,RD,1,100,TU
1658856961.967227,1872189.000,37917,2,RD,1,100,TL
1658856964.588780,1874746.000,37917,2,RD,1,100,TU
1658856967.204182,1877297.000,38731,2,RD,1,100,TL
1658856969.819584,1879848.000,38731,2,RD,1,100,TU
1658856972.460104,1882423.500,39564,2,RD,1,100,TL
1658856975.100625,1884999.000,39564,2,RD,1,100,TU
1658856977.719102,1887553.000,40377,2,RD,1,100,TL
1658856980.337580,1890107.000,40377,2,RD,1,100,TU
1658856982.975537,1892680.000,41209,2,RD,1,100,TL
1658856985.613494,1895253.000,41209,2,RD,1,100,TU
1658856988.254015,1897828.500,42043,2,RD,1,100,TL
1658856990.894535,1900404.000,42043,2,RD,1,100,TU
1658856993.527366,1902972.000,42878,2,RD,1,100,TL
1658856996.160197,1905540.000,42878,2,RD,1,100,TU
1658856998.778162,1908093.500,43693,2,RD,1,100,TL
1658857001.396127,1910647.000,43693,2,RD,1,100,TU
1658857004.033059,1913219.000,44525,2,RD,1,100,TL
1658857006.669991,1915791.000,44525,2,RD,1,100,TU
1658857009.314100,1918370.000,45358,2,RD,1,100,TL
1658857011.958209,1920949.000,45358,2,RD,1,100,TU
1658857014.610519,1923536.000,46187,2,RD,1,100,TL
1658857017.262830,1926123.000,46187,2,RD,1,100,TU
1658857019.901812,1928697.000,47020,2,RD,1,100,TL
1658857022.540795,1931271.000,47020,2,RD,1,100,TU
1658857025.178752,1933844.000,47849,2,RD,1,100,TL
1658857027.816709,1936417.000,47849,2,RD,1,100,TU
1658857030.451591,1938987.000,48668,2,RD,1,100,TL
1658857033.086473,1941557.000,48668,2,RD,1,100,TU
1658857035.714690,1944120.500,49500,2,RD,1,100,TL
1658857038.342907,1946684.000,49500,2,RD,1,100,TU
1658857040.960360,1949237.000,50315,2,RD,1,100,TL
1658857043.577812,1951790.000,50315,2,RD,1,100,TU
1658857046.219357,1954366.500,51148,2,RD,1,100,TL
1658857048.860903,1956943.000,51148,2,RD,1,100,TU
1658857051.495785,1959513.000,51976,2,RD,1,100,TL
1658857054.130666,1962083.000,51976,2,RD,1,100,TU
1658857056.766573,1964654.000,52811,2,RD,1,100,TL
1658857059.402480,1967225.000,52811,2,RD,1,100,TU
1658857062.040950,1969798.500,53641,2,RD,1,100,TL
1658857064.679420,1972372.000,53641,2,RD,1,100,TU
1658857067.327629,1974955.000,54472,2,RD,1,100,TL
1658857069.975839,1977538.000,54472,2,RD,1,100,TU
1658857072.603031,1980100.500,55288,2,RD,1,100,TL
1658857075.230223,1982663.000,55288,2,RD,1,100,TU
1658857077.847676,1985216.000,56109,2,RD,1,100,TL
1658857080.465128,1987769.000,56109,2,RD,1,100,TU
1658857083.081555,1990321.000,56924,2,RD,1,100,TL
1658857085.697982,1992873.000,56924,2,RD,1,100,TU
1658857088.315947,1995426.500,57739,2,RD,1,100,TL
1658857090.933912,1997980.000,57739,2,RD,1,100,TU
1658857093.562129,2000543.500,58558,2,RD,1,100,TL
1658857096.190347,2003107.000,58558,2,RD,1,100,TU
1658857098.809337,2005661.500,59375,2,RD,1,100,TL
1658857101.428327,2008216.000,59375,2,RD,1,100,TU
1658857104.038090,2010761.500,60188,2,RD,1,100,TL
1658857106.647853,2013307.000,60188,2,RD,1,100,TU
1658857109.273508,2015868.000,61003,2,RD,1,100,TL
1658857111.899162,2018429.000,61003,2,RD,1,100,TU
1658857114.519690,2020985.000,61817,2,RD,1,100,TL
1658857117.140218,2023541.000,61817,2,RD,1,100,TU
1658857119.758696,2026095.000,62633,2,RD,1,100,TL
1658857122.377173,2028649.000,62633,2,RD,1,100,TU
1658857124.988474,2031196.000,63445,2,RD,1,100,TL
1658857127.599775,2033743.000,63445,2,RD,1,100,TU
1658857130.232094,2036310.500,64276,2,RD,1,100,TL
1658857132.864412,2038878.000,64276,2,RD,1,100,TU
1658857135.504420,2041453.000,65091,2,RD,1,100,TL
1658857138.144428,2044028.000,65091,2,RD,1,100,TU
1658857140.769057,2046588.000,371,2,RD,1,100,TL
1658857143.393686,2049148.000,371,2,RD,1,100,TU
1658857146.014726,2051704.500,1201,2,RD,1,100,TL
1658857148.635767,2054261.000,1201,2,RD,1,100,TU
1658857151.254757,2056815.500,1968,2,RD,1,100,TL
1658857153.873747,2059370.000,1968,2,RD,1,100,TU
1658857156.491712,2061923.500,2800,2,RD,1,100,TL
1658857159.109677,2064477.000,2800,2,RD,1,100,TU
1658857161.728155,2067031.000,3640,2,RD,1,100,TL
1658857164.346632,2069585.000,3640,2,RD,1,100,TU
1658857166.965110,2072139.000,4470,2,RD,1,100,TL
1658857169.583588,2074693.000,4470,2,RD,1,100,TU
1658857172.225133,2077269.500,5302,2,RD,1,100,TL
1658857174.866679,2079846.000,5302,2,RD,1,100,TU
1658857177.495922,2082410.500,6133,2,RD,1,100,TL
1658857180.125164,2084975.000,6133,2,RD,1,100,TU
1658857182.743642,2087529.000,6949,2,RD,1,100,TL
1658857185.362119,2090083.000,6949,2,RD,1,100,TU
1658857187.985211,2092641.500,7747,2,RD,1,100,TL
1658857190.608302,2095200.000,7747,2,RD,1,100,TU
1658857193.227292,2097754.500,8579,2,RD,1,100,TL
1658857195.846282,2100309.000,8579,2,RD,1,100,TU
1658857198.464247,2102862.500,9412,2,RD,1,100,TL
1658857201.082212,2105416.000,9412,2,RD,1,100,TU
1658857203.700690,2107970.000,10242,2,RD,1,100,TL
1658857206.319167,2110524.000,10242,2,RD,1,100,TU
1658857208.937132,2113077.500,11073,2,RD,1,100,TL
1658857211.555097,2115631.000,11073,2,RD,1,100,TU
1658857214.173575,2118185.000,11905,2,RD,1,100,TL
1658857216.792053,2120739.000,11905,2,RD,1,100,TU
1658857219.431548,2123313.500,12750,2,RD,1,100,TL
1658857222.071043,2125888.000,12750,2,RD,1,100,TU
1658857224.689008,2128441.500,13581,2,RD,1,100,TL
1658857227.306973,2130995.000,13581,2,RD,1,100,TU
1658857229.948006,2133571.000,14426,2,RD,1,100,TL
1658857232.589039,2136147.000,14426,2,RD,1,100,TU
1658857235.207516,2138701.000,15254,2,RD,1,100,TL
1658857237.825994,2141255.000,15254,2,RD,1,100,TU
1658857240.443959,2143808.500,16083,2,RD,1,100,TL
1658857243.061924,2146362.000,16083,2,RD,1,100,TU
1658857245.681939,2148917.500,16922,2,RD,1,100,TL
1658857248.301955,2151473.000,16922,2,RD,1,100,TU
1658857250.919407,2154026.000,17751,2,RD,1,100,TL
1658857253.536859,2156579.000,17751,2,RD,1,100,TU
1658857256.156362,2159134.000,18581,2,RD,1,100,TL
1658857258.775865,2161689.000,18581,2,RD,1,100,TU
1658857261.405620,2164254.000,19411,2,RD,1,100,TL
1658857264.035376,2166819.000,19411,2,RD,1,100,TU
1658857266.680510,2169399.000,20257,2,RD,1,100,TL
1658857269.325644,2171979.000,20257,2,RD,1,100,TU
1658857271.943609,2174532.500,21087,2,RD,1,100,TL
1658857274.561574,2177086.000,21087,2,RD,1,100,TU
1658857277.206195,2179665.500,21932,2,RD,1,100,TL
1658857279.850816,2182245.000,21932,2,RD,1,100,TU
1658857282.468269,2184798.000,22765,2,RD,1,100,TL
1658857285.085721,2187351.000,22765,2,RD,1,100,TU
1658857287.704198,2189905.000,23594,2,RD,1,100,TL
1658857290.322676,2192459.000,23594,2,RD,1,100,TU
1658857292.941666,2195013.500,24425,2,RD,1,100,TL
1658857295.560657,2197568.000,24425,2,RD,1,100,TU
1658857298.178109,2200121.000,25256,2,RD,1,100,TL
1658857300.795561,2202674.000,25256,2,RD,1,100,TU
1658857303.414039,2205228.000,26092,2,RD,1,100,TL
1658857306.032516,2207782.000,26092,2,RD,1,100,TU
1658857308.651507,2210336.500,26930,2,RD,1,100,TL
1658857311.270497,2212891.000,26930,2,RD,1,100,TU
1658857313.919732,2215475.000,27775,2,RD,1,100,TL
1658857316.568967,2218059.000,27775,2,RD,1,100,TU
1658857319.213588,2220638.500,28621,2,RD,1,100,TL
1658857321.858209,2223218.000,28621,2,RD,1,100,TU
1658857324.476687,2225772.000,29451,2,RD,1,100,TL
1658857327.095165,2228326.000,29451,2,RD,1,100,TU
1658857329.713130,2230879.500,30279,2,RD,1,100,TL
1658857332.331095,2233433.000,30279,2,RD,1,100,TU
1658857334.949572,2235987.000,31115,2,RD,1,100,TL
1658857337.568050,2238541.000,31115,2,RD,1,100,TU
1658857340.187040,2241095.500,31949,2,RD,1,100,TL
1658857342.806030,2243650.000,31949,2,RD,1,100,TU
1658857345.445525,2246224.500,32795,2,RD,1,100,TL
1658857348.085020,2248799.000,32795,2,RD,1,100,TU
1658857350.705036,2251354.500,33610,2,RD,1,100,TL
1658857353.325051,2253910.000,33610,2,RD,1,100,TU
1658857355.943016,2256463.500,34423,2,RD,1,100,TL
1658857358.560981,2259017.000,34423,2,RD,1,100,TU
1658857361.178946,2261570.500,35237,2,RD,1,100,TL
1658857363.796911,2264124.000,35237,2,RD,1,100,TU
1658857366.437944,2266700.000,36069,2,RD,1,100,TL
1658857369.078977,2269276.000,36069,2,RD,1,100,TU
1658857371.696942,2271829.500,36883,2,RD,1,100,TL
1658857374.314907,2274383.000,36883,2,RD,1,100,TU
1658857376.943637,2276947.000,37714,2,RD,1,100,TL
1658857379.572367,2279511.000,37714,2,RD,1,100,TU
1658857382.200072,2282074.000,38554,2,RD,1,100,TL
1658857384.827777,2284637.000,38554,2,RD,1,100,TU
1658857387.446767,2287191.500,39370,2,RD,1,100,TL
1658857390.065757,2289746.000,39370,2,RD,1,100,TU
1658857392.702689,2292318.000,40199,2,RD,1,100,TL
1658857395.339621,2294890.000,40199,2,RD,1,100,TU
1658857397.968351,2297454.000,41032,2,RD,1,100,TL
1658857400.597081,2300018.000,41032,2,RD,1,100,TU
1658857403.234013,2302590.000,41872,2,RD,1,100,TL
1658857405.870945,2305162.000,41872,2,RD,1,100,TU
1658857408.504289,2307730.500,42708,2,RD,1,100,TL
1658857411.137633,2310299.000,42708,2,RD,1,100,TU
1658857413.782254,2312878.500,43539,2,RD,1,100,TL
1658857416.426875,2315458.000,43539,2,RD,1,100,TU
1658857419.044840,2318011.500,44354,2,RD,1,100,TL
1658857421.662805,2320565.000,44354,2,RD,1,100,TU
1658857424.280770,2323118.500,45174,2,RD,1,100,TL
1658857426.898735,2325672.000,45174,2,RD,1,100,TU
1658857429.543357,2328251.500,46013,2,RD,1,100,TL
1658857432.187978,2330831.000,46013,2,RD,1,100,TU
1658857434.817221,2333395.500,46846,2,RD,1,100,TL
1658857437.446463,2335960.000,46846,2,RD,1,100,TU
1658857440.064428,2338513.500,47661,2,RD,1,100,TL
1658857442.682393,2341067.000,47661,2,RD,1,100,TU
1658857445.330090,2343649.500,48493,2,RD,1,100,TL
1658857447.977787,2346232.000,48493,2,RD,1,100,TU
1658857450.621383,2348810.500,49322,2,RD,1,100,TL
1658857453.264980,2351389.000,49322,2,RD,1,100,TU
1658857455.883457,2353943.000,50121,2,RD,1,100,TL
1658857458.501935,2356497.000,50121,2,RD,1,100,TU
1658857461.138354,2359068.500,50951,2,RD,1,100,TL
1658857463.774774,2361640.000,50951,2,RD,1,100,TU
1658857466.409655,2364210.000,51781,2,RD,1,100,TL
1658857469.044537,2366780.000,51781,2,RD,1,100,TU
1658857471.680443,2369351.000,52618,2,RD,1,100,TL
1658857474.316350,2371922.000,52618,2,RD,1,100,TU
1658857476.947643,2374488.500,53449,2,RD,1,100,TL
1658857479.578937,2377055.000,53449,2,RD,1,100,TU
1658857482.207666,2379619.000,54279,2,RD,1,100,TL
1658857484.836396,2382183.000,54279,2,RD,1,100,TU
1658857487.475892,2384757.500,55109,2,RD,1,100,TL
1658857490.115387,2387332.000,55109,2,RD,1,100,TU
1658857492.733864,2389886.000,55923,2,RD,1,100,TL
1658857495.352342,2392440.000,55923,2,RD,1,100,TU
1658857497.986711,2395009.500,56753,2,RD,1,100,TL
1658857500.621080,2397579.000,56753,2,RD,1,100,TU
1658857503.250835,2400144.000,57585,2,RD,1,100,TL
1658857505.880590,2402709.000,57585,2,RD,1,100,TU
1658857508.517522,2405281.000,58420,2,RD,1,100,TL
1658857511.154454,2407853.000,58420,2,RD,1,100,TU
1658857513.790874,2410424.500,59252,2,RD,1,100,TL
1658857516.427293,2412996.000,59252,2,RD,1,100,TU
1658857519.074478,2415578.000,60084,2,RD,1,100,TL
1658857521.721662,2418160.000,60084,2,RD,1,100,TU
1658857524.343728,2420717.500,60903,2,RD,1,100,TL
1658857526.965794,2423275.000,60903,2,RD,1,100,TU
1658857529.598112,2425842.500,61735,2,RD,1,100,TL
1658857532.230431,2428410.000,61735,2,RD,1,100,TU
1658857534.848908,2430964.000,62548,2,RD,1,100,TL
1658857537.467386,2433518.000,62548,2,RD,1,100,TU
1658857540.104831,2436090.500,63380,2,RD,1,100,TL
1658857542.742275,2438663.000,63380,2,RD,1,100,TU
1658857545.382283,2441238.000,64223,2,RD,1,100,TL
1658857548.022291,2443813.000,64223,2,RD,1,100,TU
1658857550.661273,2446387.000,65054,2,RD,1,100,TL
1658857553.300256,2448961.000,65054,2,RD,1,100,TU
1658857555.944877,2451540.500,350,2,RD,1,100,TL
1658857558.589499,2454120.000,350,2,RD,1,100,TU
1658857561.255137,2456720.000,1179,2,RD,1,100,TL
1658857563.920776,2459320.000,1179,2,RD,1,100,TU
1658857566.555658,2461890.000,2010,2,RD,1,100,TL
1658857569.190539,2464460.000,2010,2,RD,1,100,TU
1658857571.824908,2467029.500,2838,2,RD,1,100,TL
1658857574.459277,2469599.000,2838,2,RD,1,100,TU
1658857577.095184,2472170.000,3609,2,RD,1,100,TL
1658857579.731091,2474741.000,3609,2,RD,1,100,TU
1658857582.348030,2477293.500,4440,2,RD,1,100,TL
1658857584.964970,2479846.000,4440,2,RD,1,100,TU
1658857587.588574,2482405.000,5276,2,RD,1,100,TL
1658857590.212178,2484964.000,5276,2,RD,1,100,TU
1658857592.830655,2487518.000,6109,2,RD,1,100,TL
1658857595.449133,2490072.000,6109,2,RD,1,100,TU
1658857598.089141,2492647.000,6949,2,RD,1,100,TL
1658857600.729148,2495222.000,6949,2,RD,1,100,TU
1658857603.347113,2497775.500,7786,2,RD,1,100,TL
1658857605.965078,2500329.000,7786,2,RD,1,100,TU
1658857608.609187,2502908.000,8631,2,RD,1,100,TL
1658857611.253296,2505487.000,8631,2,RD,1,100,TU
1658857613.871773,2508041.000,9460,2,RD,1,100,TL
1658857616.490251,2510595.000,9460,2,RD,1,100,TU
1658857619.144099,2513183.500,10306,2,RD,1,100,TL
1658857621.797948,2515772.000,10306,2,RD,1,100,TU
1658857624.418476,2518328.000,11137,2,RD,1,100,TL
1658857627.039004,2520884.000,11137,2,RD,1,100,TU
1658857629.673886,2523454.000,11986,2,RD,1,100,TL
1658857632.308767,2526024.000,11986,2,RD,1,100,TU
1658857634.942111,2528592.500,12817,2,RD,1,100,TL
1658857637.575455,2531161.000,12817,2,RD,1,100,TU
1658857640.193419,2533714.500,13651,2,RD,1,100,TL
1658857642.811384,2536268.000,13651,2,RD,1,100,TU
1658857645.431400,2538823.500,14478,2,RD,1,100,TL
1658857648.051415,2541379.000,14478,2,RD,1,100,TU
1658857650.669893,2543933.000,15310,2,RD,1,100,TL
1658857653.288371,2546487.000,15310,2,RD,1,100,TU
1658857655.906336,2549040.500,16140,2,RD,1,100,TL
1658857658.524301,2551594.000,16140,2,RD,1,100,TU
1658857661.146367,2554151.500,16968,2,RD,1,100,TL
1658857663.768432,2556709.000,16968,2,RD,1,100,TU
1658857666.385885,2559262.000,17784,2,RD,1,100,TL
1658857669.003337,2561815.000,17784,2,RD,1,100,TU
1658857671.638219,2564385.000,18613,2,RD,1,100,TL
1658857674.273100,2566955.000,18613,2,RD,1,100,TU
1658857676.905931,2569523.000,19445,2,RD,1,100,TL
1658857679.538762,2572091.000,19445,2,RD,1,100,TU
1658857682.225931,2574712.000,20230,2,RD,1,100,TL
1658857684.913100,2577333.000,20230,2,RD,1,100,TU
1658857687.530040,2579885.500,21046,2,RD,1,100,TL
1658857690.146980,2582438.000,21046,2,RD,1,100,TU
1658857692.763407,2584990.000,21882,2,RD,1,100,TL
1658857695.379834,2587542.000,21882,2,RD,1,100,TU
1658857698.003950,2590101.500,22698,2,RD,1,100,TL
1658857700.628067,2592661.000,22698,2,RD,1,100,TU
1658857703.241418,2595210.000,23521,2,RD,1,100,TL
1658857705.854770,2597759.000,23521,2,RD,1,100,TU
1658857708.476323,2600316.000,24358,2,RD,1,100,TL
1658857711.097876,2602873.000,24358,2,RD,1,100,TU
1658857713.713278,2605424.000,25179,2,RD,1,100,TL
1658857716.328680,2607975.000,25179,2,RD,1,100,TU
1658857718.951258,2610533.000,26012,2,RD,1,100,TL
1658857721.573837,2613091.000,26012,2,RD,1,100,TU
1658857724.193340,2615646.000,26852,2,RD,1,100,TL
1658857726.812843,2618201.000,26852,2,RD,1,100,TU
1658857729.428757,2620752.500,27687,2,RD,1,100,TL
1658857732.044672,2623304.000,27687,2,RD,1,100,TU
1658857734.660586,2625855.500,28518,2,RD,1,100,TL
1658857737.276501,2628407.000,28518,2,RD,1,100,TU
1658857739.904206,2630970.000,29331,2,RD,1,100,TL
1658857742.531910,2633533.000,29331,2,RD,1,100,TU
1658857745.151926,2636088.500,30146,2,RD,1,100,TL
1658857747.771941,2638644.000,30146,2,RD,1,100,TU
1658857750.400159,2641207.500,30987,2,RD,1,100,TL
1658857753.028376,2643771.000,30987,2,RD,1,100,TU
1658857755.643265,2646321.500,31815,2,RD,1,100,TL
1658857758.258154,2648872.000,31815,2,RD,1,100,TU
1658857760.875094,2651424.500,32650,2,RD,1,100,TL
1658857763.492034,2653977.000,32650,2,RD,1,100,TU
1658857766.138706,2656558.500,33494,2,RD,1,100,TL
1658857768.785378,2659140.000,33494,2,RD,1,100,TU
1658857771.402317,2661692.500,34307,2,RD,1,100,TL
1658857774.019257,2664245.000,34307,2,RD,1,100,TU
1658857776.639785,2666801.000,35113,2,RD,1,100,TL
1658857779.260313,2669357.000,35113,2,RD,1,100,TU
1658857781.879816,2671912.000,35935,2,RD,1,100,TL
1658857784.499319,2674467.000,35935,2,RD,1,100,TU
1658857787.125486,2677028.500,36750,2,RD,1,100,TL
1658857789.751653,2679590.000,36750,2,RD,1,100,TU
1658857792.389610,2682163.000,37580,2,RD,1,100,TL
1658857795.027567,2684736.000,37580,2,RD,1,100,TU
1658857797.687055,2687330.000,38412,2,RD,1,100,TL
1658857800.346542,2689924.000,38412,2,RD,1,100,TU
1658857802.954767,2692468.000,39233,2,RD,1,100,TL
1658857805.562992,2695012.000,39233,2,RD,1,100,TU
1658857808.205563,2697589.500,40066,2,RD,1,100,TL
1658857810.848134,2700167.000,40066,2,RD,1,100,TU
1658857813.491730,2702745.500,40880,2,RD,1,100,TL
1658857816.135326,2705324.000,40880,2,RD,1,100,TU
1658857818.749703,2707874.000,41696,2,RD,1,100,TL
1658857821.364079,2710424.000,41696,2,RD,1,100,TU
1658857823.987171,2712982.500,42511,2,RD,1,100,TL
1658857826.610262,2715541.000,42511,2,RD,1,100,TU
1658857829.217974,2718084.500,43326,2,RD,1,100,TL
1658857831.825687,2720628.000,43326,2,RD,1,100,TU
1658857834.475947,2723213.000,44158,2,RD,1,100,TL
1658857837.126207,2725798.000,44158,2,RD,1,100,TU
1658857839.749299,2728356.500,44972,2,RD,1,100,TL
1658857842.372390,2730915.000,44972,2,RD,1,100,TU
1658857844.992405,2733470.500,45787,2,RD,1,100,TL
1658857847.612421,2736026.000,45787,2,RD,1,100,TU
1658857850.223722,2738573.000,46610,2,RD,1,100,TL
1658857852.835022,2741120.000,46610,2,RD,1,100,TU
1658857855.478619,2743698.500,47440,2,RD,1,100,TL
1658857858.122215,2746277.000,47440,2,RD,1,100,TU
1658857860.740692,2748831.000,48254,2,RD,1,100,TL
1658857863.359170,2751385.000,48254,2,RD,1,100,TU
1658857865.995589,2753956.500,49085,2,RD,1,100,TL
1658857868.632009,2756528.000,49085,2,RD,1,100,TU
1658857871.249974,2759081.500,49902,2,RD,1,100,TL
1658857873.867939,2761635.000,49902,2,RD,1,100,TU
1658857876.500770,2764203.000,50726,2,RD,1,100,TL
1658857879.133600,2766771.000,50726,2,RD,1,100,TU
1658857881.760793,2769333.500,51542,2,RD,1,100,TL
1658857884.387985,2771896.000,51542,2,RD,1,100,TU
1658857887.010051,2774453.500,52356,2,RD,1,100,TL
1658857889.632117,2777011.000,52356,2,RD,1,100,TU
1658857892.278276,2779592.000,53185,2,RD,1,100,TL
1658857894.924435,2782173.000,53185,2,RD,1,100,TU
1658857897.542400,2784726.500,54007,2,RD,1,100,TL
1658857900.160365,2787280.000,54007,2,RD,1,100,TU
1658857902.778330,2789833.500,54820,2,RD,1,100,TL
1658857905.396295,2792387.000,54820,2,RD,1,100,TU
1658857908.016311,2794942.500,55634,2,RD,1,100,TL
1658857910.636326,2797498.000,55634,2,RD,1,100,TU
1658857913.255316,2800052.500,56453,2,RD,1,100,TL
1658857915.874306,2802607.000,56453,2,RD,1,100,TU
1658857918.511239,2805179.000,57270,2,RD,1,100,TL
1658857921.148170,2807751.000,57270,2,RD,1,100,TU
1658857923.767161,2810305.500,58091,2,RD,1,100,TL
1658857926.386151,2812860.000,58091,2,RD,1,100,TU
1658857929.016932,2815426.000,58907,2,RD,1,100,TL
1658857931.647712,2817992.000,58907,2,RD,1,100,TU
1658857934.272341,2820552.000,59731,2,RD,1,100,TL
1658857936.896970,2823112.000,59731,2,RD,1,100,TU
1658857939.520061,2825670.500,60546,2,RD,1,100,TL
1658857942.143152,2828229.000,60546,2,RD,1,100,TU
1658857944.757016,2830778.500,61363,2,RD,1,100,TL
1658857947.370880,2833328.000,61363,2,RD,1,100,TU
1658857949.992946,2835885.500,62176,2,RD,1,100,TL
1658857952.615012,2838443.000,62176,2,RD,1,100,TU
1658857955.234003,2840997.500,62995,2,RD,1,100,TL
1658857957.852993,2843552.000,62995,2,RD,1,100,TU
1658857960.474034,2846108.500,63817,2,RD,1,100,TL
1658857963.095074,2848665.000,63817,2,RD,1,100,TU
1658857965.732006,2851237.000,64648,2,RD,1,100,TL
1658857968.368938,2853809.000,64648,2,RD,1,100,TU
1658857971.006896,2856382.000,65477,2,RD,1,100,TL
1658857973.644853,2858955.000,65477,2,RD,1,100,TU
1658857976.264356,2861510.000,757,2,RD,1,100,TL
1658857978.883858,2864065.000,757,2,RD,1,100,TU
1658857981.498235,2866615.000,1583,2,RD,1,100,TL
1658857984.112612,2869165.000,1583,2,RD,1,100,TU
1658857986.733140,2871721.000,2398,2,RD,1,100,TL
1658857989.353668,2874277.000,2398,2,RD,1,100,TU
1658857991.993163,2876851.500,3212,2,RD,1,100,TL
1658857994.632658,2879426.000,3212,2,RD,1,100,TU
1658857997.284969,2882013.000,4030,2,RD,1,100,TL
1658857999.937279,2884600.000,4030,2,RD,1,100,TU
1658858002.542942,2887141.500,4783,2,RD,1,100,TL
1658858005.148603,2889683.000,4783,2,RD,1,100,TU
1658858007.806553,2892275.500,5620,2,RD,1,100,TL
1658858010.464503,2894868.000,5620,2,RD,1,100,TU
1658858013.077341,2897416.500,6451,2,RD,1,100,TL
1658858015.690180,2899965.000,6451,2,RD,1,100,TU
1658858018.309170,2902519.500,7282,2,RD,1,100,TL
1658858020.928160,2905074.000,7282,2,RD,1,100,TU
1658858023.564067,2907645.000,8112,2,RD,1,100,TL
1658858026.199974,2910216.000,8112,2,RD,1,100,TU
1658858028.823065,2912774.500,8951,2,RD,1,100,TL
1658858031.446157,2915333.000,8951,2,RD,1,100,TU
1658858034.064634,2917887.000,9768,2,RD,1,100,TL
1658858036.683112,2920441.000,9768,2,RD,1,100,TU
1658858039.299026,2922992.500,10598,2,RD,1,100,TL
1658858041.914941,2925544.000,10598,2,RD,1,100,TU
1658858044.568276,2928132.000,11445,2,RD,1,100,TL
1658858047.221612,2930720.000,11445,2,RD,1,100,TU
1658858049.870335,2933303.500,12290,2,RD,1,100,TL
1658858052.519057,2935887.000,12290,2,RD,1,100,TU
1658858055.134459,2938438.000,13122,2,RD,1,100,TL
1658858057.749861,2940989.000,13122,2,RD,1,100,TU
1658858060.401146,2943575.000,13954,2,RD,1,100,TL
1658858063.052432,2946161.000,13954,2,RD,1,100,TU
1658858065.665270,2948709.500,14785,2,RD,1,100,TL
1658858068.278109,2951258.000,14785,2,RD,1,100,TU
1658858070.901200,2953816.500,15618,2,RD,1,100,TL
1658858073.524292,2956375.000,15618,2,RD,1,100,TU
1658858076.156610,2958942.500,16452,2,RD,1,100,TL
1658858078.788928,2961510.000,16452,2,RD,1,100,TU
1658858081.412019,2964068.500,17284,2,RD,1,100,TL
1658858084.035111,2966627.000,17284,2,RD,1,100,TU
1658858086.650513,2969178.000,18099,2,RD,1,100,TL
1658858089.265914,2971729.000,18099,2,RD,1,100,TU
1658858091.887468,2974286.000,18930,2,RD,1,100,TL
1658858094.509021,2976843.000,18930,2,RD,1,100,TU
1658858097.128524,2979398.000,19762,2,RD,1,100,TL
1658858099.748027,2981953.000,19762,2,RD,1,100,TU
1658858102.367530,2984508.000,20576,2,RD,1,100,TL
1658858104.987032,2987063.000,20576,2,RD,1,100,TU
1658858107.602947,2989614.500,21408,2,RD,1,100,TL
1658858110.218861,2992166.000,21408,2,RD,1,100,TU
1658858112.866046,2994748.000,22257,2,RD,1,100,TL
1658858115.513230,2997330.000,22257,2,RD,1,100,TU
1658858118.153238,2999905.000,23087,2,RD,1,100,TL
1658858120.793246,3002480.000,23087,2,RD,1,100,TU
1658858123.402496,3005025.000,23917,2,RD,1,100,TL
1658858126.011747,3007570.000,23917,2,RD,1,100,TU
1658858128.629712,3010123.500,24729,2,RD,1,100,TL
1658858131.247677,3012677.000,24729,2,RD,1,100,TU
1658858133.866154,3015231.000,25562,2,RD,1,100,TL
1658858136.484632,3017785.000,25562,2,RD,1,100,TU
1658858139.104647,3020340.500,26398,2,RD,1,100,TL
1658858141.724663,3022896.000,26398,2,RD,1,100,TU
1658858144.371847,3025478.000,27247,2,RD,1,100,TL
1658858147.019032,3028060.000,27247,2,RD,1,100,TU
1658858149.638022,3030614.500,28082,2,RD,1,100,TL
1658858152.257012,3033169.000,28082,2,RD,1,100,TU
1658858154.874977,3035722.500,28917,2,RD,1,100,TL
1658858157.492942,3038276.000,28917,2,RD,1,100,TU
1658858160.112957,3040831.500,29749,2,RD,1,100,TL
1658858162.732973,3043387.000,29749,2,RD,1,100,TU
1658858165.354526,3045944.000,30567,2,RD,1,100,TL
1658858167.976079,3048501.000,30567,2,RD,1,100,TU
1658858170.594044,3051054.500,31400,2,RD,1,100,TL
1658858173.212009,3053608.000,31400,2,RD,1,100,TU
1658858175.851505,3056182.500,32240,2,RD,1,100,TL
1658858178.491000,3058757.000,32240,2,RD,1,100,TU
1658858181.126394,3061327.500,33033,2,RD,1,100,TL
1658858183.761788,3063898.000,33033,2,RD,1,100,TU
1658858186.398207,3066469.500,33872,2,RD,1,100,TL
1658858189.034627,3069041.000,33872,2,RD,1,100,TU
1658858191.673097,3071614.500,34703,2,RD,1,100,TL
1658858194.311567,3074188.000,34703,2,RD,1,100,TU
1658858196.954650,3076766.000,35536,2,RD,1,100,TL
1658858199.597733,3079344.000,35536,2,RD,1,100,TU
1658858202.216724,3081898.500,36351,2,RD,1,100,TL
1658858204.835714,3084453.000,36351,2,RD,1,100,TU
1658858207.461881,3087014.500,37179,2,RD,1,100,TL
1658858210.088048,3089576.000,37179,2,RD,1,100,TU
1658858212.707038,3092130.500,37994,2,RD,1,100,TL
1658858215.326028,3094685.000,37994,2,RD,1,100,TU
1658858217.962448,3097256.500,38832,2,RD,1,100,TL
1658858220.598867,3099828.000,38832,2,RD,1,100,TU
1658858223.222983,3102387.500,39667,2,RD,1,100,TL
1658858225.847100,3104947.000,39667,2,RD,1,100,TU
1658858228.472754,3107508.000,40499,2,RD,1,100,TL
1658858231.098408,3110069.000,40499,2,RD,1,100,TU
1658858233.717399,3112623.500,41316,2,RD,1,100,TL
1658858236.336389,3115178.000,41316,2,RD,1,100,TU
1658858238.956917,3117734.000,42150,2,RD,1,100,TL
1658858241.577445,3120290.000,42150,2,RD,1,100,TU
1658858244.202587,3122850.500,42983,2,RD,1,100,TL
1658858246.827729,3125411.000,42983,2,RD,1,100,TU
1658858249.465686,3127984.000,43812,2,RD,1,100,TL
1658858252.103643,3130557.000,43812,2,RD,1,100,TU
1658858254.735449,3133124.000,44652,2,RD,1,100,TL
1658858257.367254,3135691.000,44652,2,RD,1,100,TU
1658858260.001623,3138260.500,45484,2,RD,1,100,TL
1658858262.635992,3140830.000,45484,2,RD,1,100,TU
1658858265.253957,3143383.500,46299,2,RD,1,100,TL
1658858267.871922,3145937.000,46299,2,RD,1,100,TU
1658858270.495526,3148496.000,47120,2,RD,1,100,TL
1658858273.119130,3151055.000,47120,2,RD,1,100,TU
1658858275.765802,3153636.500,47956,2,RD,1,100,TL
1658858278.412474,3156218.000,47956,2,RD,1,100,TU
1658858281.059658,3158800.000,48787,2,RD,1,100,TL
1658858283.706842,3161382.000,48787,2,RD,1,100,TU
1658858286.357615,3163967.500,49618,2,RD,1,100,TL
1658858289.008388,3166553.000,49618,2,RD,1,100,TU
1658858291.641219,3169121.000,50449,2,RD,1,100,TL
1658858294.274050,3171689.000,50449,2,RD,1,100,TU
1658858296.912520,3174262.500,51292,2,RD,1,100,TL
1658858299.550990,3176836.000,51292,2,RD,1,100,TU
1658858302.180233,3179400.500,52123,2,RD,1,100,TL
1658858304.809475,3181965.000,52123,2,RD,1,100,TU
1658858307.430003,3184521.000,52940,2,RD,1,100,TL
1658858310.050531,3187077.000,52940,2,RD,1,100,TU
1658858312.689514,3189651.000,53774,2,RD,1,100,TL
1658858315.328496,3192225.000,53774,2,RD,1,100,TU
1658858317.962865,3194794.500,54602,2,RD,1,100,TL
1658858320.597234,3197364.000,54602,2,RD,1,100,TU
1658858323.221351,3199923.500,55437,2,RD,1,100,TL
1658858325.845467,3202483.000,55437,2,RD,1,100,TU
1658858328.476248,3205049.000,56266,2,RD,1,100,TL
1658858331.107028,3207615.000,56266,2,RD,1,100,TU
1658858333.738321,3210181.500,57104,2,RD,1,100,TL
1658858336.369615,3212748.000,57104,2,RD,1,100,TU
1658858339.014749,3215328.000,57937,2,RD,1,100,TL
1658858341.659883,3217908.000,57937,2,RD,1,100,TU
1658858344.299378,3220482.500,58758,2,RD,1,100,TL
1658858346.938873,3223057.000,58758,2,RD,1,100,TU
1658858349.562477,3225616.000,59578,2,RD,1,100,TL
1658858352.186080,3228175.000,59578,2,RD,1,100,TU
1658858354.806096,3230730.500,60403,2,RD,1,100,TL
1658858357.426111,3233286.000,60403,2,RD,1,100,TU
1658858360.043051,3235838.500,61224,2,RD,1,100,TL
1658858362.659991,3238391.000,61224,2,RD,1,100,TU
1658858365.287183,3240953.500,62065,2,RD,1,100,TL
1658858367.914375,3243516.000,62065,2,RD,1,100,TU
1658858370.555408,3246092.000,62897,2,RD,1,100,TL
1658858373.196441,3248668.000,62897,2,RD,1,100,TU
1658858375.816969,3251224.000,63713,2,RD,1,100,TL
1658858378.437497,3253780.000,63713,2,RD,1,100,TU
1658858381.076480,3256354.000,64546,2,RD,1,100,TL
1658858383.715462,3258928.000,64546,2,RD,1,100,TU
1658858386.333427,3261481.500,65361,2,RD,1,100,TL
1658858388.951392,3264035.000,65361,2,RD,1,100,TU
1658858391.569870,3266589.000,649,2,RD,1,100,TL
1658858394.188347,3269143.000,649,2,RD,1,100,TU
1658858396.807850,3271698.000,1479,2,RD,1,100,TL
1658858399.427353,3274253.000,1479,2,RD,1,100,TU
1658858402.047369,3276808.500,2298,2,RD,1,100,TL
1658858404.667384,3279364.000,2298,2,RD,1,100,TU
1658858407.313543,3281945.000,3133,2,RD,1,100,TL
1658858409.959702,3284526.000,3133,2,RD,1,100,TU
1658858412.576642,3287078.500,3953,2,RD,1,100,TL
1658858415.193582,3289631.000,3953,2,RD,1,100,TU
1658858417.815135,3292188.000,4782,2,RD,1,100,TL
1658858420.436688,3294745.000,4782,2,RD,1,100,TU
1658858423.057729,3297301.500,5611,2,RD,1,100,TL
1658858425.678770,3299858.000,5611,2,RD,1,100,TU
1658858428.297247,3302412.000,6382,2,RD,1,100,TL
1658858430.915725,3304966.000,6382,2,RD,1,100,TU
1658858433.534203,3307520.000,7218,2,RD,1,100,TL
1658858436.152680,3310074.000,7218,2,RD,1,100,TU
1658858438.770645,3312627.500,8050,2,RD,1,100,TL
1658858441.388610,3315181.000,8050,2,RD,1,100,TU
1658858444.007601,3317735.500,8883,2,RD,1,100,TL
1658858446.626591,3320290.000,8883,2,RD,1,100,TU
1658858449.248144,3322847.000,9715,2,RD,1,100,TL
1658858451.869697,3325404.000,9715,2,RD,1,100,TU
1658858454.487662,3327957.500,10550,2,RD,1,100,TL
1658858457.105627,3330511.000,10550,2,RD,1,100,TU
1658858459.723592,3333064.500,11386,2,RD,1,100,TL
1658858462.341557,3335618.000,11386,2,RD,1,100,TU
1658858464.986179,3338197.500,12241,2,RD,1,100,TL
1658858467.630800,3340777.000,12241,2,RD,1,100,TU
1658858470.281573,3343362.500,13092,2,RD,1,100,TL
1658858472.932346,3345948.000,13092,2,RD,1,100,TU
1658858475.550311,3348501.500,13928,2,RD,1,100,TL
1658858478.168275,3351055.000,13928,2,RD,1,100,TU
1658858480.786753,3353609.000,14763,2,RD,1,100,TL
1658858483.405231,3356163.000,14763,2,RD,1,100,TU
1658858486.024734,3358718.000,15598,2,RD,1,100,TL
1658858488.644236,3361273.000,15598,2,RD,1,100,TU
1658858491.263227,3363827.500,16434,2,RD,1,100,TL
1658858493.882217,3366382.000,16434,2,RD,1,100,TU
1658858496.500182,3368935.500,17266,2,RD,1,100,TL
1658858499.118147,3371489.000,17266,2,RD,1,100,TU
1658858501.737137,3374043.500,18108,2,RD,1,100,TL
1658858504.356127,3376598.000,18108,2,RD,1,100,TU
1658858506.974605,3379152.000,18947,2,RD,1,100,TL
1658858509.593082,3381706.000,18947,2,RD,1,100,TU
1658858512.212072,3384260.500,19786,2,RD,1,100,TL
1658858514.831063,3386815.000,19786,2,RD,1,100,TU
1658858517.473121,3389392.000,20620,2,RD,1,100,TL
1658858520.115179,3391969.000,20620,2,RD,1,100,TU
1658858522.754674,3394543.500,21463,2,RD,1,100,TL
1658858525.394169,3397118.000,21463,2,RD,1,100,TU
1658858528.010597,3399670.000,22298,2,RD,1,100,TL
1658858530.627024,3402222.000,22298,2,RD,1,100,TU
1658858533.246526,3404777.000,23131,2,RD,1,100,TL
1658858535.866029,3407332.000,23131,2,RD,1,100,TU
1658858538.482969,3409884.500,23961,2,RD,1,100,TL
1658858541.099909,3412437.000,23961,2,RD,1,100,TU
1658858543.741967,3415014.000,24808,2,RD,1,100,TL
1658858546.384025,3417591.000,24808,2,RD,1,100,TU
1658858549.000965,3420143.500,25637,2,RD,1,100,TL
1658858551.617905,3422696.000,25637,2,RD,1,100,TU
1658858554.262013,3425275.000,26468,2,RD,1,100,TL
1658858556.906122,3427854.000,26468,2,RD,1,100,TU
1658858559.523575,3430407.000,27299,2,RD,1,100,TL
1658858562.141027,3432960.000,27299,2,RD,1,100,TU
1658858564.778984,3435533.000,28144,2,RD,1,100,TL
1658858567.416941,3438106.000,28144,2,RD,1,100,TU
1658858570.041570,3440666.000,28974,2,RD,1,100,TL
1658858572.666199,3443226.000,28974,2,RD,1,100,TU
1658858575.283652,3445779.000,29803,2,RD,1,100,TL
1658858577.901104,3448332.000,29803,2,RD,1,100,TU
1658858580.519582,3450886.000,30633,2,RD,1,100,TL
1658858583.138059,3453440.000,30633,2,RD,1,100,TU
1658858585.756537,3455994.000,31462,2,RD,1,100,TL
1658858588.375015,3458548.000,31462,2,RD,1,100,TU
1658858590.993492,3461102.000,32295,2,RD,1,100,TL
1658858593.611970,3463656.000,32295,2,RD,1,100,TU
1658858596.230447,3466210.000,33127,2,RD,1,100,TL
1658858598.848925,3468764.000,33127,2,RD,1,100,TU
1658858601.498672,3471348.500,33957,2,RD,1,100,TL
1658858604.148420,3473933.000,33957,2,RD,1,100,TU
1658858606.796630,3476516.000,34790,2,RD,1,100,TL
1658858609.444839,3479099.000,34790,2,RD,1,100,TU
1658858612.082284,3481671.500,35622,2,RD,1,100,TL
1658858614.719729,3484244.000,35622,2,RD,1,100,TU
1658858617.338206,3486798.000,36439,2,RD,1,100,TL
1658858619.956684,3489352.000,36439,2,RD,1,100,TU
1658858622.575161,3491906.000,37256,2,RD,1,100,TL
1658858625.193639,3494460.000,37256,2,RD,1,100,TU
1658858627.843899,3497045.000,38088,2,RD,1,100,TL
1658858630.494159,3499630.000,38088,2,RD,1,100,TU
1658858633.112637,3502184.000,38906,2,RD,1,100,TL
1658858635.731115,3504738.000,38906,2,RD,1,100,TU
1658858638.367534,3507309.500,39736,2,RD,1,100,TL
1658858641.003953,3509881.000,39736,2,RD,1,100,TU
1658858643.634221,3512446.500,40572,2,RD,1,100,TL
1658858646.264489,3515012.000,40572,2,RD,1,100,TU
1658858648.897833,3517580.500,41407,2,RD,1,100,TL
1658858651.531177,3520149.000,41407,2,RD,1,100,TU
1658858654.146579,3522700.000,42223,2,RD,1,100,TL
1658858656.761980,3525251.000,42223,2,RD,1,100,TU
1658858659.395837,3527820.000,43033,2,RD,1,100,TL
1658858662.029693,3530389.000,43033,2,RD,1,100,TU
1658858664.658936,3532953.500,43852,2,RD,1,100,TL
1658858667.288178,3535518.000,43852,2,RD,1,100,TU
1658858669.908706,3538074.000,44669,2,RD,1,100,TL
1658858672.529234,3540630.000,44669,2,RD,1,100,TU
1658858675.152326,3543188.500,45439,2,RD,1,100,TL
1658858677.775417,3545747.000,45439,2,RD,1,100,TU
1658858680.409273,3548316.000,46270,2,RD,1,100,TL
1658858683.043129,3550885.000,46270,2,RD,1,100,TU
1658858685.692364,3553469.000,47103,2,RD,1,100,TL
1658858688.341599,3556053.000,47103,2,RD,1,100,TU
1658858690.972892,3558619.500,47932,2,RD,1,100,TL
1658858693.604186,3561186.000,47932,2,RD,1,100,TU
1658858696.235479,3563752.500,48755,2,RD,1,100,TL
1658858698.866772,3566319.000,48755,2,RD,1,100,TU
1658858701.507805,3568895.000,49588,2,RD,1,100,TL
1658858704.148838,3571471.000,49588,2,RD,1,100,TU
1658858706.800123,3574057.000,50421,2,RD,1,100,TL
1658858709.451409,3576643.000,50421,2,RD,1,100,TU
1658858712.077063,3579204.000,51236,2,RD,1,100,TL
1658858714.702717,3581765.000,51236,2,RD,1,100,TU
1658858717.316581,3584314.500,52050,2,RD,1,100,TL
1658858719.930445,3586864.000,52050,2,RD,1,100,TU
1658858722.548410,3589417.500,52873,2,RD,1,100,TL
1658858725.166375,3591971.000,52873,2,RD,1,100,TU
1658858727.778189,3594518.500,53674,2,RD,1,100,TL
1658858730.390002,3597066.000,53674,2,RD,1,100,TU
1658858733.031548,3599642.500,54506,2,RD,1,100,TL
1658858735.673094,3602219.000,54506,2,RD,1,100,TU
1658858738.321303,3604802.000,55335,2,RD,1,100,TL
1658858740.969513,3607385.000,55335,2,RD,1,100,TU
1658858743.587478,3609938.500,56149,2,RD,1,100,TL
1658858746.205443,3612492.000,56149,2,RD,1,100,TU
1658858748.812643,3615035.000,56964,2,RD,1,100,TL
1658858751.419843,3617578.000,56964,2,RD,1,100,TU
1658858754.072666,3620165.500,57796,2,RD,1,100,TL
1658858756.725489,3622753.000,57796,2,RD,1,100,TU
1658858759.334227,3625297.500,58611,2,RD,1,100,TL
1658858761.942965,3627842.000,58611,2,RD,1,100,TU
1658858764.586561,3630420.500,59429,2,RD,1,100,TL
1658858767.230157,3632999.000,59429,2,RD,1,100,TU
1658858769.838895,3635543.500,60244,2,RD,1,100,TL
1658858772.447633,3638088.000,60244,2,RD,1,100,TU
1658858775.066110,3640642.000,61060,2,RD,1,100,TL
1658858777.684588,3643196.000,61060,2,RD,1,100,TU
1658858780.300502,3645747.500,61881,2,RD,1,100,TL
1658858782.916417,3648299.000,61881,2,RD,1,100,TU
1658858785.556937,3650874.500,62718,2,RD,1,100,TL
1658858788.197457,3653450.000,62718,2,RD,1,100,TU
1658858790.820549,3656008.500,63538,2,RD,1,100,TL
1658858793.443640,3658567.000,63538,2,RD,1,100,TU
1658858796.058016,3661117.000,64354,2,RD,1,100,TL
1658858798.672393,3663667.000,64354,2,RD,1,100,TU
1658858801.294971,3666225.000,65158,2,RD,1,100,TL
1658858803.917550,3668783.000,65158,2,RD,1,100,TU
1658858806.568323,3671368.500,457,2,RD,1,100,TL
1658858809.219096,3673954.000,457,2,RD,1,100,TU
1658858811.841674,3676512.000,1286,2,RD,1,100,TL
1658858814.464253,3679070.000,1286,2,RD,1,100,TU
1658858817.126816,3681667.000,2118,2,RD,1,100,TL
1658858819.789379,3684264.000,2118,2,RD,1,100,TU
1658858822.395041,3686805.500,2949,2,RD,1,100,TL
1658858825.000703,3689347.000,2949,2,RD,1,100,TU
1658858827.619694,3691901.500,3788,2,RD,1,100,TL
1658858830.238684,3694456.000,3788,2,RD,1,100,TU
1658858832.865876,3697018.500,4606,2,RD,1,100,TL
1658858835.493068,3699581.000,4606,2,RD,1,100,TU
1658858838.105907,3702129.500,5419,2,RD,1,100,TL
1658858840.718745,3704678.000,5419,2,RD,1,100,TU
1658858843.336710,3707231.500,6234,2,RD,1,100,TL
1658858845.954675,3709785.000,6234,2,RD,1,100,TU
1658858848.575716,3712341.500,7036,2,RD,1,100,TL
1658858851.196757,3714898.000,7036,2,RD,1,100,TU
1658858853.815747,3717452.500,7802,2,RD,1,100,TL
1658858856.434737,3720007.000,7802,2,RD,1,100,TU
1658858859.051677,3722559.500,8631,2,RD,1,100,TL
1658858861.668617,3725112.000,8631,2,RD,1,100,TU
1658858864.318877,3727697.000,9480,2,RD,1,100,TL
1658858866.969137,3730282.000,9480,2,RD,1,100,TU
1658858869.610683,3732858.500,10307,2,RD,1,100,TL
1658858872.252228,3735435.000,10307,2,RD,1,100,TU
1658858874.866092,3737984.500,11121,2,RD,1,100,TL
1658858877.479956,3740534.000,11121,2,RD,1,100,TU
1658858880.102022,3743091.500,11952,2,RD,1,100,TL
1658858882.724088,3745649.000,11952,2,RD,1,100,TU
1658858885.348717,3748209.000,12776,2,RD,1,100,TL
1658858887.973346,3750769.000,12776,2,RD,1,100,TU
1658858890.581572,3753313.000,13609,2,RD,1,100,TL
1658858893.189797,3755857.000,13609,2,RD,1,100,TU
1658858895.809812,3758412.500,14439,2,RD,1,100,TL
1658858898.429827,3760968.000,14439,2,RD,1,100,TU
1658858901.048305,3763522.000,15269,2,RD,1,100,TL
1658858903.666783,3766076.000,15269,2,RD,1,100,TU
1658858906.284748,3768629.500,16098,2,RD,1,100,TL
1658858908.902713,3771183.000,16098,2,RD,1,100,TU
1658858911.522216,3773738.000,16933,2,RD,1,100,TL
1658858914.141718,3776293.000,16933,2,RD,1,100,TU
1658858916.759683,3778846.500,17765,2,RD,1,100,TL
1658858919.377648,3781400.000,17765,2,RD,1,100,TU
1658858921.995613,3783953.500,18599,2,RD,1,100,TL
1658858924.613578,3786507.000,18599,2,RD,1,100,TU
1658858927.236669,3789065.500,19430,2,RD,1,100,TL
1658858929.859761,3791624.000,19430,2,RD,1,100,TU
1658858932.474137,3794174.000,20261,2,RD,1,100,TL
1658858935.088514,3796724.000,20261,2,RD,1,100,TU
1658858937.707504,3799278.500,21092,2,RD,1,100,TL
1658858940.326494,3801833.000,21092,2,RD,1,100,TU
1658858942.960863,3804402.500,21923,2,RD,1,100,TL
1658858945.595232,3806972.000,21923,2,RD,1,100,TU
1658858948.218323,3809530.500,22761,2,RD,1,100,TL
1658858950.841414,3812089.000,22761,2,RD,1,100,TU
1658858953.463480,3814646.500,23592,2,RD,1,100,TL
1658858956.085546,3817204.000,23592,2,RD,1,100,TU
1658858958.707100,3819761.000,24424,2,RD,1,100,TL
1658858961.328653,3822318.000,24424,2,RD,1,100,TU
1658858963.947130,3824872.000,25257,2,RD,1,100,TL
1658858966.565608,3827426.000,25257,2,RD,1,100,TU
1658858969.196901,3829992.500,26085,2,RD,1,100,TL
1658858971.828194,3832559.000,26085,2,RD,1,100,TU
1658858974.444109,3835110.500,26924,2,RD,1,100,TL
1658858977.060023,3837662.000,26924,2,RD,1,100,TU
1658858979.684140,3840221.500,27745,2,RD,1,100,TL
1658858982.308256,3842781.000,27745,2,RD,1,100,TU
1658858984.926221,3845334.500,28581,2,RD,1,100,TL
1658858987.544186,3847888.000,28581,2,RD,1,100,TU
1658858990.193934,3850472.500,29436,2,RD,1,100,TL
1658858992.843681,3853057.000,29436,2,RD,1,100,TU
1658858995.461134,3855610.000,30272,2,RD,1,100,TL
1658858998.078586,3858163.000,30272,2,RD,1,100,TU
1658859000.717569,3860737.000,31126,2,RD,1,100,TL
1658859003.356551,3863311.000,31126,2,RD,1,100,TU
1658859005.975029,3865865.000,31966,2,RD,1,100,TL
1658859008.593506,3868419.000,31966,2,RD,1,100,TU
1658859011.211471,3870972.500,32799,2,RD,1,100,TL
1658859013.829436,3873526.000,32799,2,RD,1,100,TU
1658859016.447914,3876080.000,33620,2,RD,1,100,TL
1658859019.066391,3878634.000,33620,2,RD,1,100,TU
1658859021.687432,3881190.500,34444,2,RD,1,100,TL
1658859024.308473,3883747.000,34444,2,RD,1,100,TU
1658859026.926950,3886301.000,35261,2,RD,1,100,TL
1658859029.545428,3888855.000,35261,2,RD,1,100,TU
1658859032.174158,3891419.000,36081,2,RD,1,100,TL
1658859034.802888,3893983.000,36081,2,RD,1,100,TU
1658859037.415214,3896531.000,36899,2,RD,1,100,TL
1658859040.027540,3899079.000,36899,2,RD,1,100,TU
1658859042.646530,3901633.500,37727,2,RD,1,100,TL
1658859045.265521,3904188.000,37727,2,RD,1,100,TU
1658859047.897839,3906755.500,38547,2,RD,1,100,TL
1658859050.530158,3909323.000,38547,2,RD,1,100,TU
1658859053.168628,3911896.500,39380,2,RD,1,100,TL
1658859055.807097,3914470.000,39380,2,RD,1,100,TU
1658859058.458383,3917056.000,40216,2,RD,1,100,TL
1658859061.109668,3919642.000,40216,2,RD,1,100,TU
1658859063.729171,3922197.000,41038,2,RD,1,100,TL
1658859066.348674,3924752.000,41038,2,RD,1,100,TU
1658859068.964076,3927303.000,41853,2,RD,1,100,TL
1658859071.579478,3929854.000,41853,2,RD,1,100,TU
1658859074.210258,3932420.000,42676,2,RD,1,100,TL
1658859076.841039,3934986.000,42676,2,RD,1,100,TU
1658859079.462079,3937542.500,43502,2,RD,1,100,TL
1658859082.083120,3940099.000,43502,2,RD,1,100,TU
1658859084.702110,3942653.500,44306,2,RD,1,100,TL
1658859087.321100,3945208.000,44306,2,RD,1,100,TU
1658859089.943679,3947766.000,45126,2,RD,1,100,TL
1658859092.566258,3950324.000,45126,2,RD,1,100,TU
1658859095.184735,3952878.000,45941,2,RD,1,100,TL
1658859097.803213,3955432.000,45941,2,RD,1,100,TU
1658859100.427842,3957992.000,46697,2,RD,1,100,TL
1658859103.052471,3960552.000,46697,2,RD,1,100,TU
1658859106.133334,3963557.000,47446,2,RD,1,100,TL
1658859109.214198,3966562.000,47446,2,RD,1,100,TU
1658859114.331712,3971553.500,47475,2,RD,1,100,TL
1658859119.449226,3976545.000,47475,2,RD,1,100,TU
1658859123.864447,3980851.500,47504,2,RD,1,100,TL
1658859128.279667,3985158.000,47504,2,RD,1,100,TU
