LocalTimestamp,EmotiBitTimestamp,PacketNumber,DataLength,TypeTag,ProtocolVersion,DataReliability,BI
1660659833.693049,242339,23565,1,BI,1,100,13520
1660659840.711704,249188,24659,1,BI,1,100,6960
1660659843.127088,251545,25058,1,BI,1,100,2400
1660659844.014539,252411,25196,1,BI,1,100,880
1660659844.887644,253263,25347,1,BI,1,100,880
1660659847.392183,255707,25728,1,BI,1,100,2480
1660659848.837110,257117,25966,1,BI,1,100,1440
1660659850.442925,258684,26216,1,BI,1,100,1600
1660659855.036972,263167,26933,1,BI,1,100,4560
1660659858.904457,266941,27562,1,BI,1,100,3840
1660659861.517622,269491,27981,1,BI,1,100,2600
1660659864.993644,272883,28533,1,BI,1,100,3440
1660659866.281780,274140,28732,1,BI,1,100,1280
1660659868.163259,275976,29047,1,BI,1,100,1880
1660659870.100076,277866,29351,1,BI,1,100,1920
1660659871.266265,279004,29535,1,BI,1,100,1160
1660659873.920421,281594,29965,1,BI,1,100,2640
1660659876.745713,284351,30387,1,BI,1,100,2800
1660659878.229581,285799,30633,1,BI,1,100,1480
1660659879.676557,287211,30867,1,BI,1,100,1440
1660659882.495701,289962,31285,1,BI,1,100,2800
1660659885.596657,292988,31771,1,BI,1,100,3080
1660659888.313324,295639,32202,1,BI,1,100,2680
1660659891.236995,298492,32671,1,BI,1,100,2920
1660659893.134870,300344,32985,1,BI,1,100,1880
1660659893.976207,301165,33121,1,BI,1,100,840
1660659895.907899,303050,33425,1,BI,1,100,1920
1660659896.953165,304070,33577,1,BI,1,100,1040
1660659898.974013,306042,33908,1,BI,1,100,2000
1660659905.138008,312057,34872,1,BI,1,100,6120
1660659907.959202,314810,35313,1,BI,1,100,2800
1660659909.199174,316020,35511,1,BI,1,100,1240
1660659911.579717,318343,35899,1,BI,1,100,2360
1660659913.065634,319793,36098,1,BI,1,100,1480
1660659915.889902,322549,36561,1,BI,1,100,2800
1660659917.427058,324049,36782,1,BI,1,100,1520
1660659918.706996,325298,37001,1,BI,1,100,1280
1660659924.710103,331156,37930,1,BI,1,100,5960
1660659926.474758,332878,38211,1,BI,1,100,1760
1660659927.557940,333935,38385,1,BI,1,100,1080
1660659928.820458,335167,38569,1,BI,1,100,1240
1660659930.545147,336850,38850,1,BI,1,100,1720
1660659934.776425,340979,39504,1,BI,1,100,4200
1660659937.315806,343457,39917,1,BI,1,100,2520
1660659938.968761,345070,40156,1,BI,1,100,1640
1660659940.890206,346945,40472,1,BI,1,100,1920
1660659942.463229,348480,40720,1,BI,1,100,1560
1660659943.462381,349455,40876,1,BI,1,100,1000
1660659945.208590,351159,41142,1,BI,1,100,1720
1660659945.924904,351858,41259,1,BI,1,100,720
1660659946.856421,352767,41409,1,BI,1,100,920
1660659948.712281,354578,41699,1,BI,1,100,1840
1660659952.578740,358351,42296,1,BI,1,100,3840
1660659954.152788,359887,42534,1,BI,1,100,1560
1660659956.035291,361724,42833,1,BI,1,100,1880
1660659959.220279,364832,43320,1,BI,1,100,3160
1660659962.441133,367975,43832,1,BI,1,100,3200
1660659963.607322,369113,44016,1,BI,1,100,1160
1660659965.946873,371396,44385,1,BI,1,100,2320
1660659967.514772,372926,44636,1,BI,1,100,1560
1660659973.237091,378510,45534,1,BI,1,100,5680
1660659974.409429,379654,45715,1,BI,1,100,1160
1660659975.366565,380588,45873,1,BI,1,100,960
1660659982.498968,387548,47002,1,BI,1,100,7080
1660659984.061743,389073,47250,1,BI,1,100,1560
1660659988.821803,393718,47982,1,BI,1,100,4720
1660659995.467441,400203,49030,1,BI,1,100,6600
1660659997.606137,402290,49352,1,BI,1,100,2120
1660660004.132901,408659,50382,1,BI,1,100,6480
1660660005.380047,409876,50583,1,BI,1,100,1240
1660660007.959395,412393,50970,1,BI,1,100,2560
1660660011.221240,415576,51499,1,BI,1,100,3240
1660660013.998368,418286,51918,1,BI,1,100,2760
1660660015.609308,419858,52168,1,BI,1,100,1600
1660660017.342195,421549,52443,1,BI,1,100,1720
1660660019.106850,423271,52724,1,BI,1,100,1760
1660660021.201481,425315,53056,1,BI,1,100,2080
1660660022.448627,426532,53243,1,BI,1,100,1240
1660660024.019600,428065,53489,1,BI,1,100,1560
1660660027.806128,431760,54088,1,BI,1,100,3760
1660660029.709127,433617,54386,1,BI,1,100,1880
1660660033.363459,437183,54953,1,BI,1,100,3640
1660660034.135111,437936,55070,1,BI,1,100,760
1660660035.510353,439278,55288,1,BI,1,100,1360
1660660037.930861,441640,55643,1,BI,1,100,2400
1660660041.392537,445018,56176,1,BI,1,100,3440
1660660042.349672,445952,56324,1,BI,1,100,960
1660660045.061215,448598,56745,1,BI,1,100,2680
1660660046.584025,450084,56996,1,BI,1,100,1520
1660660047.356702,450838,57111,1,BI,1,100,760
1660660049.004533,452446,57369,1,BI,1,100,1640
1660660051.386100,454770,57751,1,BI,1,100,2360
1660660052.349384,455710,57900,1,BI,1,100,960
1660660054.805759,458107,58290,1,BI,1,100,2440
1660660056.293726,459559,58522,1,BI,1,100,1480
1660660058.192626,461412,58821,1,BI,1,100,1880
1660660059.521754,462709,59027,1,BI,1,100,1320
1660660060.437899,463603,59163,1,BI,1,100,920
1660660061.451397,464592,59330,1,BI,1,100,1000
1660660065.039119,468093,59882,1,BI,1,100,3560
1660660065.888654,468922,60015,1,BI,1,100,840
1660660066.718718,469732,60149,1,BI,1,100,840
1660660067.892081,470877,60332,1,BI,1,100,1160
1660660069.939572,472875,60639,1,BI,1,100,2040
1660660072.313966,475192,61003,1,BI,1,100,2360
1660660074.622774,477445,61339,1,BI,1,100,2280
1660660076.274704,479057,61543,1,BI,1,100,1640
1660660085.172788,487740,62959,1,BI,1,100,8840
1660660086.378943,488917,63144,1,BI,1,100,1200
1660660087.987833,490487,63393,1,BI,1,100,1600
1660660090.962742,493390,63860,1,BI,1,100,2960
1660660095.189921,497515,64537,1,BI,1,100,4200
1660660096.812133,499098,64777,1,BI,1,100,1600
1660660098.613679,500856,65060,1,BI,1,100,1800
1660660100.237941,502441,65325,1,BI,1,100,1600
1660660102.275185,504429,113,1,BI,1,100,2040
1660660103.936338,506050,377,1,BI,1,100,1640
1660660105.225499,507308,576,1,BI,1,100,1280
1660660107.322180,509354,914,1,BI,1,100,2080
1660660108.114328,510127,1046,1,BI,1,100,800
1660660110.491796,512447,1419,1,BI,1,100,2360
1660660114.602151,516458,2099,1,BI,1,100,4080
1660660116.327864,518142,2376,1,BI,1,100,1720
1660660117.859897,519637,2633,1,BI,1,100,1520
1660660119.638898,521373,2922,1,BI,1,100,1760
1660660121.169906,522867,3162,1,BI,1,100,1520
1660660122.409878,524077,3357,1,BI,1,100,1240
1660660124.139691,525765,3647,1,BI,1,100,1720
1660660126.475143,528044,4020,1,BI,1,100,2320
1660660129.228702,530731,4465,1,BI,1,100,2720
1660660130.953391,532414,4755,1,BI,1,100,1720
1660660132.923000,534336,5071,1,BI,1,100,1960
1660660134.744018,536113,5360,1,BI,1,100,1800
1660660137.880840,539174,5881,1,BI,1,100,3120
1660660141.821084,543019,6526,1,BI,1,100,3920
1660660142.670618,543848,6662,1,BI,1,100,840
1660660145.457994,546568,7125,1,BI,1,100,2760
1660660146.539128,547623,7297,1,BI,1,100,1080
1660660147.461421,548523,7451,1,BI,1,100,920
1660660150.567501,551554,7965,1,BI,1,100,3080
1660660151.696798,552656,8133,1,BI,1,100,1120
1660660154.190065,555089,8546,1,BI,1,100,2480
1660660156.005959,556861,8852,1,BI,1,100,1800
1660660157.609725,558426,9110,1,BI,1,100,1600
1660660159.303670,560079,9390,1,BI,1,100,1680
1660660161.643222,562362,9760,1,BI,1,100,2320
1660660162.400527,563101,9899,1,BI,1,100,760
1660660163.250062,563930,10037,1,BI,1,100,840
1660660164.912240,565552,10297,1,BI,1,100,1640
1660660166.317201,566923,10540,1,BI,1,100,1400
1660660171.864284,572336,11433,1,BI,1,100,5520
1660660173.762159,574188,11739,1,BI,1,100,1880
1660660176.591551,576949,12206,1,BI,1,100,2800
1660660177.597876,577931,12379,1,BI,1,100,1000
1660660179.559287,579845,12689,1,BI,1,100,1960
1660660181.973646,582201,13094,1,BI,1,100,2400
1660660184.312173,584483,13465,1,BI,1,100,2320
1660660185.292879,585440,13625,1,BI,1,100,960
1660660188.585467,588653,14168,1,BI,1,100,3280
1660660192.005126,591990,14714,1,BI,1,100,3400
1660660194.703347,594623,15170,1,BI,1,100,2680
1660660195.884908,595776,15366,1,BI,1,100,1160
1660660196.882010,596749,15518,1,BI,1,100,1000
1660660198.286970,598120,15757,1,BI,1,100,1400
1660660201.474007,601230,16271,1,BI,1,100,3160
1660660202.855398,602578,16498,1,BI,1,100,1360
1660660205.017664,604688,16848,1,BI,1,100,2160
1660660206.401104,606038,17078,1,BI,1,100,1360
1660660207.315199,606930,17232,1,BI,1,100,920
1660660211.508561,611022,17916,1,BI,1,100,4160
1660660214.539832,613980,18409,1,BI,1,100,3000
1660660218.433961,617780,19059,1,BI,1,100,3880
1660660219.764113,619078,19263,1,BI,1,100,1320
1660660220.653614,619946,19417,1,BI,1,100,880
1660660222.192820,621448,19666,1,BI,1,100,1520
1660660223.755595,622973,19923,1,BI,1,100,1560
1660660224.647145,623843,20079,1,BI,1,100,880
1660660226.018288,625181,20299,1,BI,1,100,1360
1660660227.542122,626668,20561,1,BI,1,100,1520
1660660229.720785,628794,20915,1,BI,1,100,2160
1660660231.325575,630360,21171,1,BI,1,100,1600
1660660232.980580,631975,21446,1,BI,1,100,1640
1660660236.851139,635752,22077,1,BI,1,100,3840
1660660238.739791,637595,22377,1,BI,1,100,1880
1660660240.511619,639324,22666,1,BI,1,100,1760
1660660241.808979,640590,22888,1,BI,1,100,1280
1660660242.658514,641419,23015,1,BI,1,100,840
1660660244.064499,642791,23251,1,BI,1,100,1400
1660660247.159307,645811,23760,1,BI,1,100,3080
1660660248.541722,647160,23987,1,BI,1,100,1360
1660660250.664022,649231,24345,1,BI,1,100,2120
1660660252.153014,650684,24581,1,BI,1,100,1480
1660660254.123648,652607,24915,1,BI,1,100,1960
1660660257.517688,655919,25456,1,BI,1,100,3360
1660660260.334782,658668,25922,1,BI,1,100,2800
1660660261.508145,659813,26111,1,BI,1,100,1160
1660660265.120461,663338,26716,1,BI,1,100,3600
1660660267.498954,665659,27105,1,BI,1,100,2360
1660660271.456618,669521,27738,1,BI,1,100,3920
1660660272.504959,670544,27907,1,BI,1,100,1040
1660660274.952111,672932,28307,1,BI,1,100,2440
1660660279.229503,677106,29004,1,BI,1,100,4240
1660660280.794328,678633,29279,1,BI,1,100,1560
1660660283.706726,681475,29753,1,BI,1,100,2880
1660660287.198120,684882,30321,1,BI,1,100,3480
1660660290.308299,687917,30820,1,BI,1,100,3080
1660660292.230768,689793,31146,1,BI,1,100,1920
1660660293.734107,691260,31383,1,BI,1,100,1480
1660660295.016095,692511,31594,1,BI,1,100,1280
1660660299.292463,696684,32286,1,BI,1,100,4240
1660660304.770887,702030,33184,1,BI,1,100,5440
1660660306.858345,704067,33526,1,BI,1,100,2080
1660660308.230512,705406,33749,1,BI,1,100,1360
1660660309.637522,706779,33972,1,BI,1,100,1400
1660660311.249487,708352,34234,1,BI,1,100,1600
1660660313.308251,710361,34561,1,BI,1,100,2040
1660660316.858056,713825,35142,1,BI,1,100,3520
1660660319.996929,716888,35656,1,BI,1,100,3120
1660660323.132727,719948,36174,1,BI,1,100,3120
1660660324.670907,721449,36431,1,BI,1,100,1520
1660660326.884412,723609,36784,1,BI,1,100,2200
1660660328.331388,725021,37023,1,BI,1,100,1440
1660660329.295697,725962,37179,1,BI,1,100,960
1660660330.917909,727545,37454,1,BI,1,100,1600
1660660332.374109,728966,37680,1,BI,1,100,1440
1660660334.337569,730882,38003,1,BI,1,100,1960
1660660337.314528,733787,38482,1,BI,1,100,2960
1660660338.563723,735006,38682,1,BI,1,100,1240
1660660340.029145,736436,38920,1,BI,1,100,1440
1660660342.026423,738385,39260,1,BI,1,100,2000
1660660343.251024,739580,39452,1,BI,1,100,1200
1660660345.254451,741535,39763,1,BI,1,100,2000
1660660347.431063,743659,40117,1,BI,1,100,2160
1660660349.413995,745594,40446,1,BI,1,100,1960
1660660350.768741,746916,40663,1,BI,1,100,1360
1660660352.549793,748654,40954,1,BI,1,100,1760
1660660353.390105,749474,41081,1,BI,1,100,840
1660660354.968251,751014,41335,1,BI,1,100,1560
1660660355.934610,751957,41504,1,BI,1,100,960
1660660358.139916,754109,41864,1,BI,1,100,2200
1660660359.029418,754977,42004,1,BI,1,100,880
1660660360.201755,756121,42190,1,BI,1,100,1160
1660660362.613040,758474,42581,1,BI,1,100,2400
1660660365.756012,761541,43092,1,BI,1,100,3120
1660660366.763361,762524,43245,1,BI,1,100,1000
1660660369.900184,765585,43765,1,BI,1,100,3120
1660660371.273377,766925,43987,1,BI,1,100,1360
1660660374.466562,770041,44495,1,BI,1,100,3160
1660660379.170259,774631,45243,1,BI,1,100,4680
1660660382.794873,778168,45821,1,BI,1,100,3600
1660660389.685431,784892,46944,1,BI,1,100,6840
1660660391.022757,786197,47150,1,BI,1,100,1320
1660660392.509699,787648,47387,1,BI,1,100,1480
1660660394.892291,789973,47778,1,BI,1,100,2360
1660660395.889392,790946,47936,1,BI,1,100,1000
1660660398.344743,793342,48345,1,BI,1,100,2440
1660660400.447572,795394,48674,1,BI,1,100,2080
1660660403.424531,798299,49167,1,BI,1,100,2960
1660660405.122576,799956,49438,1,BI,1,100,1680
1660660406.036671,800848,49578,1,BI,1,100,920
1660660407.785955,802555,49870,1,BI,1,100,1720
1660660409.390745,804121,50119,1,BI,1,100,1600
1660660412.861644,807508,50685,1,BI,1,100,3440
1660660415.547567,810129,51111,1,BI,1,100,2680
1660660417.293777,811833,51391,1,BI,1,100,1720
1660660419.053308,813550,51678,1,BI,1,100,1760
1660660421.226846,815671,52036,1,BI,1,100,2160
1660660425.461199,819803,52714,1,BI,1,100,4200
1660660427.308860,821606,53011,1,BI,1,100,1840
1660660429.088886,823343,53314,1,BI,1,100,1760
1660660432.392747,826567,53848,1,BI,1,100,3280
1660660433.679859,827823,54052,1,BI,1,100,1280
1660660434.530419,828653,54188,1,BI,1,100,840
1660660437.666217,831713,54703,1,BI,1,100,3120
1660660439.314048,833321,54977,1,BI,1,100,1640
1660660441.626955,835578,55347,1,BI,1,100,2280
1660660443.182557,837096,55609,1,BI,1,100,1560
1660660446.768229,840595,56178,1,BI,1,100,3560
1660660448.424259,842211,56441,1,BI,1,100,1640
1660660449.962440,843712,56699,1,BI,1,100,1520
1660660451.643063,845352,56970,1,BI,1,100,1680
1660660453.184319,846856,57218,1,BI,1,100,1520
1660660456.694158,850281,57781,1,BI,1,100,3480
1660660457.494504,851062,57918,1,BI,1,100,800
1660660460.563692,854057,58415,1,BI,1,100,3040
1660660462.924763,856361,58805,1,BI,1,100,2360
1660660466.035967,859397,59299,1,BI,1,100,3080
1660660466.832214,860174,59439,1,BI,1,100,800
1660660469.820445,863090,59903,1,BI,1,100,2960
1660660470.752986,864000,60057,1,BI,1,100,920
1660660479.495304,872531,61468,1,BI,1,100,8680
1660660491.774106,884513,63417,1,BI,1,100,12200
1660660492.783505,885498,63587,1,BI,1,100,1000
1660660494.557383,887229,63860,1,BI,1,100,1760
1660660496.006409,888643,64088,1,BI,1,100,1440
1660660496.969693,889583,64243,1,BI,1,100,960
1660660498.218889,890802,64448,1,BI,1,100,1240
1660660502.487058,894967,65068,1,BI,1,100,4240
1660660503.456491,895913,65223,1,BI,1,100,960
1660660506.404757,898790,188,1,BI,1,100,2920
1660660507.612961,899969,378,1,BI,1,100,1200
1660660509.658403,901965,716,1,BI,1,100,2040
1660660514.251425,906447,1465,1,BI,1,100,4560
1660660517.161774,909287,1939,1,BI,1,100,2880
1660660518.684583,910773,2180,1,BI,1,100,1520
1660660526.738256,918632,3492,1,BI,1,100,8000
1660660527.354143,919233,3578,1,BI,1,100,600
1660660530.576021,922377,4102,1,BI,1,100,3200
1660660533.353150,925087,4562,1,BI,1,100,2760
1660660537.338483,928976,5151,1,BI,1,100,3960
1660660542.208193,933728,5953,1,BI,1,100,4840
1660660543.743299,935226,6199,1,BI,1,100,1520
1660660545.804113,937237,6533,1,BI,1,100,2040
1660660546.280631,937702,6619,1,BI,1,100,480
1660660549.183807,940535,7100,1,BI,1,100,2880
1660660550.833687,942145,7369,1,BI,1,100,1640
1660660551.721139,943011,7508,1,BI,1,100,880
1660660553.378193,944628,7783,1,BI,1,100,1640
1660660554.949166,946161,8036,1,BI,1,100,1560
1660660556.802976,947970,8325,1,BI,1,100,1840
1660660560.748343,951820,8975,1,BI,1,100,3920
1660660564.175176,955164,9539,1,BI,1,100,3400
1660660567.967852,958865,10164,1,BI,1,100,3760
1660660570.306379,961147,10543,1,BI,1,100,2320
1660660571.869154,962672,10798,1,BI,1,100,1560
1660660575.382068,966100,11375,1,BI,1,100,3480
1660660577.270720,967943,11678,1,BI,1,100,1880
1660660578.681829,969320,11919,1,BI,1,100,1400
1660660581.868866,972430,12436,1,BI,1,100,3160
1660660585.289550,975768,12995,1,BI,1,100,3400
1660660587.984697,978398,13417,1,BI,1,100,2680
1660660588.833207,979226,13571,1,BI,1,100,840
1660660590.483088,980836,13837,1,BI,1,100,1640
1660660591.407431,981738,13990,1,BI,1,100,920
1660660592.537753,982841,14179,1,BI,1,100,1120
1660660592.777549,983075,14212,1,BI,1,100,240
1660660596.047592,986266,14737,1,BI,1,100,3240
1660660601.197065,991291,15574,1,BI,1,100,5120
1660660601.927726,992004,15694,1,BI,1,100,720
1660660603.658564,993693,15986,1,BI,1,100,1720
1660660605.507250,995497,16292,1,BI,1,100,1840
1660660606.353711,996323,16411,1,BI,1,100,840
1660660607.329292,997275,16582,1,BI,1,100,960
1660660608.335617,998257,16750,1,BI,1,100,1000
1660660609.663720,999553,16951,1,BI,1,100,1320
1660660611.311551,1001161,17228,1,BI,1,100,1640
1660660613.325225,1003126,17563,1,BI,1,100,2000
1660660614.214726,1003994,17701,1,BI,1,100,880
1660660615.223100,1004978,17873,1,BI,1,100,1000
1660660616.553253,1006276,18083,1,BI,1,100,1320
1660660618.882556,1008549,18470,1,BI,1,100,2320
1660660621.711948,1011310,18912,1,BI,1,100,2800
1660660622.802304,1012374,19101,1,BI,1,100,1080
1660660623.733821,1013283,19256,1,BI,1,100,920
1660660625.573284,1015078,19562,1,BI,1,100,1840
1660660628.760321,1018188,20069,1,BI,1,100,3160
1660660630.497307,1019883,20354,1,BI,1,100,1720
1660660633.032589,1022357,20766,1,BI,1,100,2520
1660660637.500589,1026717,21506,1,BI,1,100,4440
1660660640.005129,1029161,21906,1,BI,1,100,2480
1660660642.062868,1031169,22249,1,BI,1,100,2040
1660660645.647516,1034667,22818,1,BI,1,100,3560
1660660648.715679,1037661,23309,1,BI,1,100,3040
1660660650.638149,1039537,23635,1,BI,1,100,1920
1660660651.685464,1040559,23807,1,BI,1,100,1040
1660660653.383509,1042216,24085,1,BI,1,100,1680
1660660655.762002,1044537,24471,1,BI,1,100,2360
1660660660.062964,1048734,25168,1,BI,1,100,4280
1660660661.396191,1050035,25390,1,BI,1,100,1320
1660660663.816699,1052397,25778,1,BI,1,100,2400
1660660667.681109,1056168,26402,1,BI,1,100,3840
1660660670.777966,1059190,26914,1,BI,1,100,3080
1660660673.922987,1062259,27423,1,BI,1,100,3120
1660660674.737680,1063054,27546,1,BI,1,100,800
1660660677.462545,1065713,28002,1,BI,1,100,2720
1660660680.137196,1068323,28432,1,BI,1,100,2640
1660660681.110729,1069273,28582,1,BI,1,100,960
1660660683.565054,1071668,28990,1,BI,1,100,2440
1660660685.735518,1073786,29334,1,BI,1,100,2160
1660660687.338259,1075350,29601,1,BI,1,100,1600
1660660689.311968,1077276,29926,1,BI,1,100,1960
1660660691.215991,1079134,30227,1,BI,1,100,1880
1660660692.820782,1080700,30481,1,BI,1,100,1600
1660660695.473914,1083289,30922,1,BI,1,100,2640
1660660699.308605,1087031,31532,1,BI,1,100,3800
1660660700.198106,1087899,31689,1,BI,1,100,880
1660660702.002727,1089660,31975,1,BI,1,100,1800
1660660706.846818,1094387,32778,1,BI,1,100,4800
1660660708.490550,1095991,33047,1,BI,1,100,1640
1660660710.266478,1097724,33323,1,BI,1,100,1760
1660660711.237960,1098672,33478,1,BI,1,100,960
1660660713.453514,1100834,33846,1,BI,1,100,2200
1660660716.311600,1103623,34289,1,BI,1,100,2840
1660660718.840734,1106091,34710,1,BI,1,100,2520
1660660720.433227,1107645,34965,1,BI,1,100,1560
1660660721.356545,1108546,35106,1,BI,1,100,920
1660660722.238873,1109407,35258,1,BI,1,100,880
1660660723.767831,1110899,35494,1,BI,1,100,1520
1660660724.658356,1111768,35645,1,BI,1,100,880
1660660725.498668,1112588,35783,1,BI,1,100,840
1660660726.987660,1114041,36024,1,BI,1,100,1480
1660660728.525841,1115542,36276,1,BI,1,100,1520
1660660732.547041,1119466,36902,1,BI,1,100,4000
1660660735.697186,1122540,37407,1,BI,1,100,3120
1660660740.884575,1127602,38241,1,BI,1,100,5160
1660660742.896199,1129565,38572,1,BI,1,100,2000
1660660747.774108,1134325,39347,1,BI,1,100,4840
1660660751.370028,1137834,39938,1,BI,1,100,3560
1660660753.098816,1139521,40217,1,BI,1,100,1720
1660660758.090474,1144392,41007,1,BI,1,100,4960
1660660759.097823,1145375,41180,1,BI,1,100,1000
1660660760.586815,1146828,41433,1,BI,1,100,1480
1660660761.560347,1147778,41589,1,BI,1,100,960
1660660762.450873,1148647,41722,1,BI,1,100,880
1660660764.055664,1150213,41983,1,BI,1,100,1600
1660660765.546705,1151668,42217,1,BI,1,100,1480
1660660766.918873,1153007,42457,1,BI,1,100,1360
1660660768.250050,1154306,42664,1,BI,1,100,1320
1660660769.895831,1155912,42928,1,BI,1,100,1640
1660660770.784307,1156779,43066,1,BI,1,100,880
1660660772.194392,1158155,43301,1,BI,1,100,1400
1660660773.807381,1159729,43561,1,BI,1,100,1600
1660660775.627373,1161505,43845,1,BI,1,100,1800
1660660776.916535,1162763,44062,1,BI,1,100,1280
1660660777.765045,1163591,44201,1,BI,1,100,840
1660660779.172055,1164964,44428,1,BI,1,100,1400
1660660780.976676,1166725,44708,1,BI,1,100,1800
1660660782.997524,1168697,45030,1,BI,1,100,2000
1660660783.795820,1169476,45167,1,BI,1,100,800
1660660785.421106,1171062,45424,1,BI,1,100,1600
1660660788.962714,1174518,45997,1,BI,1,100,3520
1660660792.298342,1177773,46526,1,BI,1,100,3320
1660660793.746343,1179186,46777,1,BI,1,100,1440
1660660795.817405,1181207,47086,1,BI,1,100,2040
1660660797.263356,1182618,47323,1,BI,1,100,1440
1660660798.064727,1183400,47459,1,BI,1,100,800
1660660799.835530,1185128,47734,1,BI,1,100,1760
1660660803.305403,1188514,48284,1,BI,1,100,3440
1660660807.246671,1192360,48916,1,BI,1,100,3920
1660660808.988781,1194060,49203,1,BI,1,100,1720
1660660811.076239,1196097,49534,1,BI,1,100,2080
1660660813.373775,1198339,49898,1,BI,1,100,2280
1660660815.393598,1200310,50237,1,BI,1,100,2000
1660660816.691982,1201577,50431,1,BI,1,100,1280
1660660818.413597,1203257,50720,1,BI,1,100,1720
1660660820.750074,1205537,51090,1,BI,1,100,2320
1660660822.324122,1207073,51349,1,BI,1,100,1560
1660660823.647101,1208364,51566,1,BI,1,100,1320
1660660826.465220,1211114,52015,1,BI,1,100,2800
1660660828.488117,1213088,52351,1,BI,1,100,2000
1660660829.935093,1214500,52573,1,BI,1,100,1440
1660660830.783603,1215328,52723,1,BI,1,100,840
1660660832.279768,1216788,52953,1,BI,1,100,1480
1660660833.843568,1218314,53202,1,BI,1,100,1560
1660660835.734270,1220159,53510,1,BI,1,100,1880
1660660837.387225,1221772,53768,1,BI,1,100,1640
1660660838.878267,1223227,54005,1,BI,1,100,1480
1660660840.331391,1224645,54242,1,BI,1,100,1440
1660660842.547970,1226808,54601,1,BI,1,100,2200
1660660843.403654,1227643,54737,1,BI,1,100,840
1660660844.357715,1228574,54889,1,BI,1,100,960
1660660845.773948,1229956,55127,1,BI,1,100,1400
1660660847.226048,1231373,55353,1,BI,1,100,1440
1660660848.834938,1232943,55608,1,BI,1,100,1600
1660660850.082084,1234160,55810,1,BI,1,100,1240
1660660852.503617,1236523,56206,1,BI,1,100,2400
1660660855.532839,1239479,56691,1,BI,1,100,3000
1660660858.833625,1242700,57203,1,BI,1,100,3280
1660660859.745671,1243590,57355,1,BI,1,100,920
1660660862.328093,1246110,57775,1,BI,1,100,2560
1660660865.272259,1248983,58239,1,BI,1,100,2920
1660660866.920090,1250591,58504,1,BI,1,100,1640
1660660873.450953,1256964,59539,1,BI,1,100,6480
1660660875.873511,1259328,59922,1,BI,1,100,2400
1660660876.807077,1260239,60076,1,BI,1,100,920
1660660877.638166,1261050,60212,1,BI,1,100,840
1660660878.605550,1261994,60374,1,BI,1,100,960
1660660879.500174,1262867,60492,1,BI,1,100,880
1660660880.430666,1263775,60645,1,BI,1,100,920
1660660881.471833,1264791,60814,1,BI,1,100,1040
1660660883.210869,1266488,61079,1,BI,1,100,1720
1660660885.706185,1268923,61470,1,BI,1,100,2480
1660660887.803891,1270970,61822,1,BI,1,100,2080
1660660889.743782,1272863,62116,1,BI,1,100,1920
1660660891.704168,1274776,62434,1,BI,1,100,1960
1660660893.286414,1276320,62686,1,BI,1,100,1560
1660660894.615541,1277617,62894,1,BI,1,100,1320
1660660895.491720,1278472,63029,1,BI,1,100,880
1660660897.019653,1279963,63282,1,BI,1,100,1520
1660660900.454684,1283315,63824,1,BI,1,100,3400
1660660903.925582,1286702,64376,1,BI,1,100,3440
1660660905.813210,1288544,64666,1,BI,1,100,1880
1660660907.744903,1290429,64971,1,BI,1,100,1920
1660660909.355842,1292001,65223,1,BI,1,100,1600
1660660911.053887,1293658,65477,1,BI,1,100,1680
1660660912.334850,1294908,142,1,BI,1,100,1280
1660660914.306509,1296832,447,1,BI,1,100,1960
1660660917.575527,1300022,989,1,BI,1,100,3240
1660660918.741716,1301160,1179,1,BI,1,100,1160
1660660920.802530,1303171,1473,1,BI,1,100,2040
1660660926.283003,1308519,2286,1,BI,1,100,5440
1660660927.931859,1310128,2551,1,BI,1,100,1640
1660660929.910691,1312059,2870,1,BI,1,100,1960
1660660932.514634,1314600,3294,1,BI,1,100,2600
1660660933.406184,1315470,3429,1,BI,1,100,880
1660660936.276567,1318271,3899,1,BI,1,100,2840
1660660937.764534,1319723,4136,1,BI,1,100,1480
1660660939.979063,1321884,4491,1,BI,1,100,2200
1660660940.829623,1322714,4641,1,BI,1,100,840
1660660941.759089,1323621,4759,1,BI,1,100,920
1660660944.728875,1326519,5250,1,BI,1,100,2960
1660660945.584558,1327354,5386,1,BI,1,100,840
1660660947.190374,1328921,5640,1,BI,1,100,1600
1660660948.395504,1330097,5830,1,BI,1,100,1200
1660660950.902093,1332543,6229,1,BI,1,100,2480
1660660952.546850,1334148,6502,1,BI,1,100,1640
1660660953.803219,1335374,6704,1,BI,1,100,1240
1660660955.450025,1336981,6956,1,BI,1,100,1640
1660660957.746536,1339222,7262,1,BI,1,100,2280
1660660958.911700,1340359,7433,1,BI,1,100,1160
1660660959.836043,1341261,7586,1,BI,1,100,920
1660660961.415215,1342802,7844,1,BI,1,100,1560
1660660962.786358,1344140,8061,1,BI,1,100,1360
1660660965.075696,1346374,8439,1,BI,1,100,2280
1660660968.430795,1349648,8983,1,BI,1,100,3320
1660660971.604509,1352745,9482,1,BI,1,100,3160
1660660974.632707,1355700,9970,1,BI,1,100,3000
1660660976.230324,1357259,10243,1,BI,1,100,1600
1660660977.286863,1358290,10410,1,BI,1,100,1040
1660660979.374320,1360327,10738,1,BI,1,100,2080
1660660981.323434,1362229,11060,1,BI,1,100,1920
1660660983.045049,1363909,11343,1,BI,1,100,1720
1660660987.970096,1368715,12124,1,BI,1,100,4880
1660660989.450890,1370160,12348,1,BI,1,100,1480
1660660990.956278,1371629,12585,1,BI,1,100,1480
1660660992.485236,1373121,12838,1,BI,1,100,1520
1660660994.210950,1374805,13122,1,BI,1,100,1720
1660660996.505411,1377044,13493,1,BI,1,100,2280
1660660998.359221,1378853,13796,1,BI,1,100,1840
1660661002.676580,1383066,14482,1,BI,1,100,4280
1660661007.344410,1387621,15201,1,BI,1,100,4640
1660661009.233062,1389464,15516,1,BI,1,100,1880
1660661011.411725,1391590,15871,1,BI,1,100,2160
1660661018.391438,1398401,16972,1,BI,1,100,6920
1660661020.040293,1400010,17237,1,BI,1,100,1640
1660661021.645084,1401576,17513,1,BI,1,100,1600
1660661023.385145,1403274,17779,1,BI,1,100,1720
1660661024.268497,1404136,17932,1,BI,1,100,880
1660661026.687980,1406497,18324,1,BI,1,100,2400
1660661028.133932,1407908,18557,1,BI,1,100,1440
1660661028.944525,1408699,18692,1,BI,1,100,800
1660661029.916008,1409647,18843,1,BI,1,100,960
1660661031.078098,1410781,19025,1,BI,1,100,1160
1660661032.902189,1412561,19322,1,BI,1,100,1800
1660661033.824483,1413461,19474,1,BI,1,100,920
1660661035.197676,1414801,19692,1,BI,1,100,1360
1660661036.514506,1416086,19912,1,BI,1,100,1320
1660661038.217675,1417748,20178,1,BI,1,100,1680
1660661039.049789,1418560,20314,1,BI,1,100,840
1660661041.271491,1420728,20669,1,BI,1,100,2200
1660661042.435631,1421864,20856,1,BI,1,100,1160
1660661044.098834,1423487,21125,1,BI,1,100,1640
1660661046.271347,1425607,21476,1,BI,1,100,2160
1660661048.443861,1427727,21834,1,BI,1,100,2160
1660661049.855995,1429105,22038,1,BI,1,100,1400
1660661051.302971,1430517,22274,1,BI,1,100,1440
1660661053.167029,1432336,22566,1,BI,1,100,1840
1660661057.668846,1436729,23286,1,BI,1,100,4480
1660661060.575096,1439565,23753,1,BI,1,100,2880
1660661064.277592,1443178,24342,1,BI,1,100,3680
1660661066.610995,1445455,24710,1,BI,1,100,2320
1660661069.758065,1448526,25217,1,BI,1,100,3120
1660661071.256280,1449988,25467,1,BI,1,100,1480
1660661073.195146,1451880,25774,1,BI,1,100,1920
1660661075.356387,1453989,26125,1,BI,1,100,2160
1660661077.179454,1455768,26409,1,BI,1,100,1800
1660661078.143764,1456709,26563,1,BI,1,100,960
1660661078.991249,1457536,26702,1,BI,1,100,840
1660661079.922765,1458445,26854,1,BI,1,100,920
1660661081.446599,1459932,27105,1,BI,1,100,1520
1660661083.052415,1461499,27356,1,BI,1,100,1600
1660661084.580348,1462990,27579,1,BI,1,100,1520
1660661085.306910,1463699,27700,1,BI,1,100,720
1660661086.768233,1465125,27935,1,BI,1,100,1440
1660661087.641338,1465977,28071,1,BI,1,100,880
1660661088.492922,1466808,28219,1,BI,1,100,840
1660661089.347581,1467642,28360,1,BI,1,100,840
1660661090.670560,1468933,28564,1,BI,1,100,1320
1660661092.493627,1470712,28861,1,BI,1,100,1800
1660661093.415920,1471612,29012,1,BI,1,100,920
1660661094.249059,1472425,29149,1,BI,1,100,840
1660661095.662218,1473804,29371,1,BI,1,100,1400
1660661097.843954,1475933,29722,1,BI,1,100,2160
1660661099.457968,1477508,29978,1,BI,1,100,1600
1660661100.937737,1478952,30215,1,BI,1,100,1480
1660661102.200254,1480184,30419,1,BI,1,100,1240
1660661103.157390,1481118,30570,1,BI,1,100,960
1660661105.255095,1483165,30910,1,BI,1,100,2080
1660661107.351776,1485211,31242,1,BI,1,100,2080
1660661112.916281,1490641,32163,1,BI,1,100,5520
1660661116.292900,1493936,32689,1,BI,1,100,3360
1660661118.706235,1496291,33089,1,BI,1,100,2400
1660661127.704746,1505072,34494,1,BI,1,100,8920
1660661130.161121,1507469,34893,1,BI,1,100,2440
1660661132.490425,1509742,35271,1,BI,1,100,2320
1660661134.113661,1511326,35522,1,BI,1,100,1600
1660661135.675412,1512850,35775,1,BI,1,100,1560
1660661138.017013,1515135,36148,1,BI,1,100,2320
1660661140.069628,1517138,36484,1,BI,1,100,2040
1660661141.799441,1518826,36742,1,BI,1,100,1720
1660661143.496461,1520482,37015,1,BI,1,100,1680
1660661144.543777,1521504,37197,1,BI,1,100,1040
1660661146.473420,1523387,37499,1,BI,1,100,1920
1660661149.822370,1526655,38044,1,BI,1,100,3320
1660661151.385145,1528180,38293,1,BI,1,100,1560
1660661153.115983,1529869,38566,1,BI,1,100,1720
1660661155.461683,1532158,38924,1,BI,1,100,2320
1660661157.243759,1533897,39214,1,BI,1,100,1760
1660661159.362985,1535965,39553,1,BI,1,100,2120
1660661163.554297,1540055,40212,1,BI,1,100,4160
1660661166.774126,1543197,40728,1,BI,1,100,3200
1660661173.228132,1549495,41731,1,BI,1,100,6400
1660661174.076642,1550323,41866,1,BI,1,100,840
1660661174.928226,1551154,42002,1,BI,1,100,840
1660661176.609874,1552795,42284,1,BI,1,100,1680
1660661177.505524,1553669,42418,1,BI,1,100,880
1660661180.442517,1556535,42875,1,BI,1,100,2920
1660661181.333042,1557404,43028,1,BI,1,100,880
1660661184.874650,1560860,43566,1,BI,1,100,3520
1660661186.555274,1562500,43851,1,BI,1,100,1680
1660661189.634709,1565505,44322,1,BI,1,100,3040
1660661196.066170,1571781,45342,1,BI,1,100,6400
1660661197.488551,1573169,45563,1,BI,1,100,1400
1660661198.851496,1574499,45780,1,BI,1,100,1360
1660661201.105992,1576699,46145,1,BI,1,100,2240
1660661203.128889,1578673,46467,1,BI,1,100,2000
1660661204.485685,1579997,46691,1,BI,1,100,1360
1660661208.150265,1583573,47262,1,BI,1,100,3640
1660661211.505364,1586847,47785,1,BI,1,100,3320
1660661214.849191,1590110,48320,1,BI,1,100,3320
1660661218.799682,1593965,48941,1,BI,1,100,3920
1660661220.531544,1595655,49218,1,BI,1,100,1720
1660661224.106969,1599144,49786,1,BI,1,100,3560
1660661224.881695,1599900,49905,1,BI,1,100,760
1660661226.485461,1601465,50165,1,BI,1,100,1600
1660661229.224673,1604138,50600,1,BI,1,100,2720
1660661230.187958,1605078,50755,1,BI,1,100,960
1660661234.424359,1609212,51414,1,BI,1,100,4200
1660661235.920525,1610672,51648,1,BI,1,100,1480
1660661237.968016,1612670,51974,1,BI,1,100,2040
1660661241.593655,1616208,52530,1,BI,1,100,3600
1660661244.087946,1618642,52934,1,BI,1,100,2480
1660661244.938506,1619472,53085,1,BI,1,100,840
1660661253.804822,1628124,54478,1,BI,1,100,8800
1660661255.945568,1630213,54812,1,BI,1,100,2120
1660661258.514668,1632720,55210,1,BI,1,100,2560
1660661263.521697,1637606,55993,1,BI,1,100,4960
1660661266.408476,1640423,56461,1,BI,1,100,2880
1660661270.244192,1644166,57052,1,BI,1,100,3800
1660661272.380839,1646251,57407,1,BI,1,100,2120
1660661273.981531,1647813,57649,1,BI,1,100,1600
1660661275.802548,1649590,57949,1,BI,1,100,1800
1660661277.530311,1651276,58218,1,BI,1,100,1720
1660661279.147399,1652854,58461,1,BI,1,100,1600
1660661279.902655,1653591,58597,1,BI,1,100,760
1660661280.841345,1654507,58746,1,BI,1,100,920
1660661283.737347,1657333,59186,1,BI,1,100,2880
1660661285.069549,1658633,59409,1,BI,1,100,1320
1660661286.833179,1660354,59695,1,BI,1,100,1760
1660661287.762646,1661261,59845,1,BI,1,100,920
1660661291.468217,1664877,60433,1,BI,1,100,3680
1660661293.083255,1666453,60682,1,BI,1,100,1600
1660661296.144245,1669440,61160,1,BI,1,100,3040
1660661297.106505,1670379,61310,1,BI,1,100,960
1660661298.966464,1672194,61619,1,BI,1,100,1840
1660661300.908404,1674089,61900,1,BI,1,100,1920
1660661302.633093,1675772,62184,1,BI,1,100,1720
1660661305.201168,1678278,62590,1,BI,1,100,2560
1660661306.865396,1679902,62838,1,BI,1,100,1640
1660661308.271381,1681274,63074,1,BI,1,100,1400
1660661311.891896,1684807,63647,1,BI,1,100,3600
1660661315.241871,1688076,64168,1,BI,1,100,3320
1660661316.331202,1689139,64337,1,BI,1,100,1080
1660661317.263743,1690049,64487,1,BI,1,100,920
1660661317.940092,1690709,64607,1,BI,1,100,680
1660661319.800050,1692524,64905,1,BI,1,100,1840
1660661320.848391,1693547,65063,1,BI,1,100,1040
1660661323.977015,1696600,26,1,BI,1,100,3120
1660661327.530920,1700068,579,1,BI,1,100,3520
1660661330.146135,1702620,1001,1,BI,1,100,2600
1660661332.489785,1704907,1354,1,BI,1,100,2320
1660661337.479393,1709776,2142,1,BI,1,100,4960
1660661338.445752,1710719,2292,1,BI,1,100,960
1660661342.679080,1714850,2970,1,BI,1,100,4200
1660661343.570630,1715720,3104,1,BI,1,100,880
1660661344.533914,1716660,3255,1,BI,1,100,960
1660661345.498224,1717601,3358,1,BI,1,100,960
1660661346.504548,1718583,3517,1,BI,1,100,1000
1660661347.512923,1719567,3684,1,BI,1,100,1000
1660661348.486455,1720517,3835,1,BI,1,100,960
1660661351.226691,1723191,4283,1,BI,1,100,2720
1660661354.085802,1725981,4739,1,BI,1,100,2840
1660661357.222625,1729042,5246,1,BI,1,100,3120
1660661360.207781,1731955,5714,1,BI,1,100,2960
1660661361.653733,1733366,5946,1,BI,1,100,1440
1660661363.233929,1734908,6203,1,BI,1,100,1560
1660661364.358102,1736005,6387,1,BI,1,100,1120
1660661366.213962,1737816,6674,1,BI,1,100,1840
1660661368.301420,1739853,6985,1,BI,1,100,2080
1660661371.489481,1742964,7485,1,BI,1,100,3160
1660661372.529623,1743979,7663,1,BI,1,100,1040
1660661374.056532,1745469,7913,1,BI,1,100,1520
1660661378.208902,1749521,8554,1,BI,1,100,4120
1660661379.736835,1751012,8788,1,BI,1,100,1520
1660661380.545379,1751801,8924,1,BI,1,100,800
1660661382.079461,1753298,9113,1,BI,1,100,1520
1660661383.693475,1754873,9371,1,BI,1,100,1600
1660661386.032001,1757155,9736,1,BI,1,100,2320
1660661388.843972,1759899,10209,1,BI,1,100,2800
1660661390.017334,1761044,10394,1,BI,1,100,1160
1660661390.863795,1761870,10529,1,BI,1,100,840
1660661392.884642,1763842,10865,1,BI,1,100,2000
1660661394.457665,1765377,11106,1,BI,1,100,1560
1660661395.173980,1766076,11226,1,BI,1,100,720
1660661396.506182,1767376,11442,1,BI,1,100,1320
1660661400.223025,1771003,12033,1,BI,1,100,3680
1660661401.668976,1772414,12269,1,BI,1,100,1440
1660661402.584096,1773307,12420,1,BI,1,100,920
1660661404.240126,1774923,12692,1,BI,1,100,1640
1660661405.049695,1775713,12828,1,BI,1,100,800
1660661405.888982,1776532,12960,1,BI,1,100,840
1660661407.427162,1778033,13214,1,BI,1,100,1520
1660661410.857070,1781380,13771,1,BI,1,100,3400
1660661411.655366,1782159,13887,1,BI,1,100,800
1660661414.031809,1784478,14269,1,BI,1,100,2360
1660661416.121317,1786517,14609,1,BI,1,100,2080
1660661418.185205,1788531,14945,1,BI,1,100,2040
1660661419.679320,1789989,15184,1,BI,1,100,1480
1660661421.088380,1791364,15405,1,BI,1,100,1400
1660661424.223153,1794423,15919,1,BI,1,100,3120
1660661425.563553,1795731,16125,1,BI,1,100,1320
1660661428.012755,1798121,16526,1,BI,1,100,2440
1660661429.665710,1799734,16794,1,BI,1,100,1640
1660661431.005085,1801041,17006,1,BI,1,100,1320
1660661433.258556,1803240,17372,1,BI,1,100,2240
1660661434.507751,1804459,17573,1,BI,1,100,1240
1660661436.673092,1806572,17927,1,BI,1,100,2160
1660661437.443719,1807324,18046,1,BI,1,100,760
1660661441.637081,1811416,18698,1,BI,1,100,4160
1660661443.082007,1812826,18934,1,BI,1,100,1440
1660661446.544707,1816205,19487,1,BI,1,100,3440
1660661448.882209,1818486,19874,1,BI,1,100,2320
1660661451.783335,1821317,20332,1,BI,1,100,2880
1660661454.730575,1824193,20819,1,BI,1,100,2920
1660661457.298650,1826699,21222,1,BI,1,100,2560
1660661460.651700,1829971,21754,1,BI,1,100,3320
1660661462.613111,1831885,22077,1,BI,1,100,1960
1660661465.283663,1834491,22512,1,BI,1,100,2640
1660661467.855837,1837001,22922,1,BI,1,100,2560
1660661470.550984,1839631,23354,1,BI,1,100,2680
1660661472.122982,1841165,23613,1,BI,1,100,1560
1660661473.984990,1842982,23916,1,BI,1,100,1840
1660661474.826327,1843803,24052,1,BI,1,100,840
1660661475.873643,1844825,24221,1,BI,1,100,1040
1660661476.924033,1845850,24389,1,BI,1,100,1040
1660661479.469563,1848334,24796,1,BI,1,100,2520
1660661480.993397,1849821,25050,1,BI,1,100,1520
1660661482.532602,1851323,25304,1,BI,1,100,1520
1660661483.246867,1852020,25406,1,BI,1,100,720
1660661484.061560,1852815,25540,1,BI,1,100,800
1660661488.488569,1857135,26260,1,BI,1,100,4400
1660661490.907028,1859495,26646,1,BI,1,100,2400
1660661492.872538,1861413,26964,1,BI,1,100,1960
1660661493.761014,1862280,27101,1,BI,1,100,880
1660661494.727373,1863223,27268,1,BI,1,100,960
1660661497.747372,1866170,27752,1,BI,1,100,3000
1660661500.333893,1868694,28177,1,BI,1,100,2560
1660661503.719735,1871998,28721,1,BI,1,100,3360
1660661505.742632,1873972,29040,1,BI,1,100,2000
1660661507.099429,1875296,29275,1,BI,1,100,1360
1660661510.523187,1878637,29817,1,BI,1,100,3400
1660661512.056244,1880133,30072,1,BI,1,100,1520
1660661517.047902,1885004,30877,1,BI,1,100,4960
1660661520.352787,1888229,31417,1,BI,1,100,3280
1660661521.326319,1889179,31567,1,BI,1,100,960
1660661524.437523,1892215,32064,1,BI,1,100,3080
1660661529.113551,1896778,32829,1,BI,1,100,4640
1660661532.127402,1899719,33302,1,BI,1,100,3000
1660661533.014853,1900585,33436,1,BI,1,100,880
1660661533.980187,1901527,33605,1,BI,1,100,960
1660661535.634167,1903141,33858,1,BI,1,100,1640
1660661539.262880,1906682,34442,1,BI,1,100,3600
1660661541.269381,1908640,34771,1,BI,1,100,2000
1660661543.241039,1910564,35074,1,BI,1,100,1960
1660661545.744554,1913007,35466,1,BI,1,100,2480
1660661546.506983,1913751,35585,1,BI,1,100,760
1660661547.522531,1914742,35753,1,BI,1,100,1000
1660661548.845510,1916033,35974,1,BI,1,100,1320
1660661550.584546,1917730,36260,1,BI,1,100,1720
1660661555.449132,1922477,37020,1,BI,1,100,4840
1660661556.547686,1923549,37192,1,BI,1,100,1080
1660661557.755891,1924728,37393,1,BI,1,100,1200
1660661559.201842,1926139,37626,1,BI,1,100,1440
1660661560.249157,1927161,37795,1,BI,1,100,1040
1660661563.353188,1930190,38285,1,BI,1,100,3080
1660661565.400680,1932188,38622,1,BI,1,100,2040
1660661568.069182,1934792,39029,1,BI,1,100,2640
1660661570.075683,1936750,39362,1,BI,1,100,2000
1660661571.362795,1938006,39562,1,BI,1,100,1280
1660661572.339401,1938959,39705,1,BI,1,100,960
1660661574.673829,1941237,40075,1,BI,1,100,2320
1660661577.321836,1943821,40499,1,BI,1,100,2640
1660661578.951222,1945411,40737,1,BI,1,100,1600
1660661581.598204,1947994,41172,1,BI,1,100,2640
1660661583.810684,1950153,41515,1,BI,1,100,2200
1660661587.637177,1953887,42123,1,BI,1,100,3800
1660661591.237197,1957400,42693,1,BI,1,100,3560
1660661592.069310,1958212,42829,1,BI,1,100,840
1660661594.976585,1961049,43282,1,BI,1,100,2880
1660661596.266771,1962308,43483,1,BI,1,100,1280
1660661597.594874,1963604,43700,1,BI,1,100,1320
1660661598.483350,1964471,43841,1,BI,1,100,880
1660661599.930326,1965883,44074,1,BI,1,100,1440
1660661602.194044,1968092,44425,1,BI,1,100,2240
1660661603.000539,1968879,44558,1,BI,1,100,800
1660661604.165703,1970016,44734,1,BI,1,100,1160
1660661606.704060,1972493,45153,1,BI,1,100,2520
1660661614.473871,1980075,46364,1,BI,1,100,7720
1660661620.593801,1986047,47328,1,BI,1,100,6080
1660661622.532667,1987939,47647,1,BI,1,100,1920
1660661624.754370,1990107,48015,1,BI,1,100,2200
1660661627.693412,1992975,48491,1,BI,1,100,2920
1660661630.594538,1995806,48948,1,BI,1,100,2880
1660661632.492413,1997658,49268,1,BI,1,100,1880
1660661635.063562,2000167,49682,1,BI,1,100,2560
1660661635.869032,2000953,49802,1,BI,1,100,800
1660661636.644783,2001710,49938,1,BI,1,100,760
1660661637.777155,2002815,50124,1,BI,1,100,1120
1660661638.735316,2003750,50278,1,BI,1,100,960
1660661639.698600,2004690,50431,1,BI,1,100,960
1660661640.671107,2005639,50592,1,BI,1,100,960
1660661641.718423,2006661,50763,1,BI,1,100,1040
1660661642.517744,2007441,50897,1,BI,1,100,800
1660661644.185046,2009068,51168,1,BI,1,100,1640
1660661645.098116,2009959,51321,1,BI,1,100,920
1660661645.945602,2010786,51448,1,BI,1,100,840
1660661647.553467,2012355,51717,1,BI,1,100,1600
1660661648.964576,2013732,51939,1,BI,1,100,1400
1660661650.988498,2015707,52250,1,BI,1,100,2000
1660661653.275786,2017939,52617,1,BI,1,100,2280
1660661654.124296,2018767,52751,1,BI,1,100,840
1660661655.046590,2019667,52904,1,BI,1,100,920
1660661657.225252,2021793,53245,1,BI,1,100,2160
1660661658.764458,2023295,53500,1,BI,1,100,1520
1660661660.130477,2024628,53719,1,BI,1,100,1360
1660661661.171644,2025644,53892,1,BI,1,100,1040
1660661664.962270,2029343,54481,1,BI,1,100,3760
1660661666.659291,2030999,54741,1,BI,1,100,1680
1660661670.200898,2034455,55307,1,BI,1,100,3520
1660661672.539424,2036737,55681,1,BI,1,100,2320
1660661675.760278,2039880,56196,1,BI,1,100,3200
1660661679.145096,2043183,56735,1,BI,1,100,3360
1660661680.719144,2044719,56986,1,BI,1,100,1560
1660661682.488923,2046446,57241,1,BI,1,100,1760
1660661686.192444,2050060,57840,1,BI,1,100,3680
1660661687.325840,2051166,58024,1,BI,1,100,1120
1660661689.545493,2053332,58382,1,BI,1,100,2200
1660661691.891193,2055621,58751,1,BI,1,100,2320
1660661693.487786,2057179,59015,1,BI,1,100,1600
1660661694.188729,2057863,59116,1,BI,1,100,680
1660661696.684045,2060298,59519,1,BI,1,100,2480
1660661698.297034,2061872,59776,1,BI,1,100,1600
1660661699.379192,2062928,59959,1,BI,1,100,1080
1660661699.821893,2063360,60028,1,BI,1,100,440
1660661701.383643,2064884,60279,1,BI,1,100,1560
1660661703.121655,2066580,60548,1,BI,1,100,1720
1660661704.727470,2068147,60805,1,BI,1,100,1600
1660661706.424490,2069803,61072,1,BI,1,100,1680
1660661707.199217,2070559,61190,1,BI,1,100,760
1660661708.030306,2071370,61341,1,BI,1,100,840
1660661708.929030,2072247,61480,1,BI,1,100,880
1660661709.686335,2072986,61599,1,BI,1,100,760
1660661711.092320,2074358,61835,1,BI,1,100,1400
1660661712.180627,2075420,62003,1,BI,1,100,1080
1660661716.258189,2079399,62624,1,BI,1,100,4040
1660661717.547351,2080657,62825,1,BI,1,100,1280
1660661719.112175,2082184,63082,1,BI,1,100,1560
1660661721.449677,2084465,63447,1,BI,1,100,2320
1660661722.340203,2085334,63580,1,BI,1,100,880
1660661725.483175,2088401,64087,1,BI,1,100,3120
1660661726.866615,2089751,64304,1,BI,1,100,1360
1660661729.118036,2091948,64671,1,BI,1,100,2240
1660661731.858273,2094622,65107,1,BI,1,100,2720
1660661732.572538,2095319,65227,1,BI,1,100,720
1660661733.947780,2096661,65443,1,BI,1,100,1360
1660661736.408254,2099062,296,1,BI,1,100,2440
1660661739.343197,2101926,762,1,BI,1,100,2920
1660661741.998378,2104517,1201,1,BI,1,100,2640
1660661743.854238,2106328,1504,1,BI,1,100,1840
1660661746.234780,2108651,1890,1,BI,1,100,2360
1660661749.007809,2111357,2322,1,BI,1,100,2760
1660661753.408174,2115651,3031,1,BI,1,100,4360
1660661755.301950,2117499,3335,1,BI,1,100,1880
1660661756.315449,2118488,3492,1,BI,1,100,1000
1660661758.643727,2120760,3863,1,BI,1,100,2320
1660661760.817266,2122881,4219,1,BI,1,100,2160
1660661763.767581,2125760,4689,1,BI,1,100,2920
1660661766.260848,2128193,5079,1,BI,1,100,2480
1660661768.109534,2129997,5301,1,BI,1,100,1840
1660661771.414419,2133222,5845,1,BI,1,100,3280
1660661773.751921,2135503,6216,1,BI,1,100,2320
1660661774.798212,2136524,6384,1,BI,1,100,1040
1660661776.339467,2138028,6634,1,BI,1,100,1520
1660661778.591913,2140226,6996,1,BI,1,100,2240
1660661779.726334,2141333,7181,1,BI,1,100,1120
1660661783.540530,2145055,7805,1,BI,1,100,3800
1660661785.164791,2146640,8052,1,BI,1,100,1600
1660661786.811598,2148247,8319,1,BI,1,100,1640
1660661787.940895,2149349,8491,1,BI,1,100,1120
1660661788.617244,2150009,8612,1,BI,1,100,680
1660661790.388047,2151737,8896,1,BI,1,100,1760
1660661791.488651,2152811,9082,1,BI,1,100,1080
1660661792.284898,2153588,9201,1,BI,1,100,800
1660661794.183798,2155441,9509,1,BI,1,100,1880
1660661797.295001,2158477,10010,1,BI,1,100,3080
1660661800.265811,2161376,10500,1,BI,1,100,2960
1660661801.713812,2162789,10736,1,BI,1,100,1440
1660661803.366767,2164402,10990,1,BI,1,100,1640
1660661804.991029,2165987,11256,1,BI,1,100,1600
1660661806.636811,2167593,11523,1,BI,1,100,1640
1660661808.158595,2169078,11758,1,BI,1,100,1520
1660661810.211210,2171081,12098,1,BI,1,100,2040
1660661812.793633,2173601,12515,1,BI,1,100,2560
1660661818.599983,2179267,13430,1,BI,1,100,5760
1660661822.628356,2183198,14074,1,BI,1,100,4000
1660661823.917518,2184456,14277,1,BI,1,100,1280
1660661827.900801,2188343,14933,1,BI,1,100,3960
1660661831.138052,2191502,15455,1,BI,1,100,3200
1660661832.052147,2192394,15593,1,BI,1,100,920
1660661833.635418,2193939,15864,1,BI,1,100,1560
1660661836.453537,2196689,16317,1,BI,1,100,2800
1660661839.190699,2199360,16756,1,BI,1,100,2720
1660661841.360139,2201477,17118,1,BI,1,100,2160
1660661844.142391,2204192,17567,1,BI,1,100,2760
1660661845.394661,2205414,17758,1,BI,1,100,1240
1660661846.361019,2206357,17925,1,BI,1,100,960
1660661847.218752,2207194,18059,1,BI,1,100,840
1660661848.705694,2208645,18299,1,BI,1,100,1480
1660661849.755060,2209669,18470,1,BI,1,100,1040
1660661851.196912,2211076,18707,1,BI,1,100,1440
1660661854.578655,2214376,19243,1,BI,1,100,3360
1660661856.508298,2216259,19530,1,BI,1,100,1920
1660661857.474657,2217202,19701,1,BI,1,100,960
1660661858.217616,2217927,19820,1,BI,1,100,720
1660661859.047680,2218737,19953,1,BI,1,100,840
1660661863.398856,2222983,20657,1,BI,1,100,4320
1660661865.211675,2224752,20944,1,BI,1,100,1800
1660661867.191532,2226684,21251,1,BI,1,100,1960
1660661869.014599,2228463,21550,1,BI,1,100,1800
1660661870.829468,2230234,21832,1,BI,1,100,1800
1660661872.225205,2231596,21992,1,BI,1,100,1400
1660661874.520692,2233836,22362,1,BI,1,100,2280
1660661875.611048,2234900,22547,1,BI,1,100,1080
1660661877.184070,2236435,22801,1,BI,1,100,1560
1660661879.398600,2238596,23152,1,BI,1,100,2200
1660661881.734052,2240875,23522,1,BI,1,100,2320
1660661883.355239,2242457,23793,1,BI,1,100,1600
1660661884.880098,2243945,24046,1,BI,1,100,1520
1660661887.141767,2246152,24401,1,BI,1,100,2240
1660661888.704542,2247677,24658,1,BI,1,100,1560
1660661889.994728,2248936,24875,1,BI,1,100,1280
1660661891.323856,2250233,25094,1,BI,1,100,1320
1660661892.097558,2250988,25211,1,BI,1,100,760
1660661892.856912,2251729,25340,1,BI,1,100,760
1660661893.861188,2252709,25493,1,BI,1,100,1000
1660661895.067343,2253886,25694,1,BI,1,100,1200
1660661896.196640,2254988,25884,1,BI,1,100,1120
1660661899.018858,2257742,26338,1,BI,1,100,2800
1660661901.315369,2259983,26711,1,BI,1,100,2280
1660661904.257486,2262854,27188,1,BI,1,100,2920
1660661907.204726,2265730,27677,1,BI,1,100,2920
1660661908.736758,2267225,27914,1,BI,1,100,1520
1660661910.717640,2269158,28235,1,BI,1,100,1960
1660661914.058392,2272418,28781,1,BI,1,100,3320
1660661915.940896,2274255,29084,1,BI,1,100,1880
1660661917.480101,2275757,29336,1,BI,1,100,1520
1660661919.651590,2277876,29702,1,BI,1,100,2160
1660661920.940752,2279134,29907,1,BI,1,100,1280
1660661922.921633,2281067,30229,1,BI,1,100,1960
1660661924.323519,2282435,30452,1,BI,1,100,1400
1660661925.173054,2283264,30587,1,BI,1,100,840
1660661925.971351,2284043,30720,1,BI,1,100,800
1660661927.586389,2285619,30975,1,BI,1,100,1600
1660661929.211675,2287205,31248,1,BI,1,100,1600
1660661930.616636,2288576,31468,1,BI,1,100,1400
1660661932.515536,2290429,31784,1,BI,1,100,1880
1660661933.311783,2291206,31900,1,BI,1,100,800
1660661935.208633,2293057,32208,1,BI,1,100,1880
1660661939.233932,2296985,32862,1,BI,1,100,4000
1660661942.819605,2300484,33430,1,BI,1,100,3560
1660661943.825929,2301466,33597,1,BI,1,100,1000
1660661945.556767,2303155,33873,1,BI,1,100,1720
1660661951.448174,2308904,34806,1,BI,1,100,5840
1660661952.859283,2310281,35021,1,BI,1,100,1400
1660661955.789102,2313140,35484,1,BI,1,100,2920
1660661957.204310,2314521,35711,1,BI,1,100,1400
1660661961.875215,2319079,36432,1,BI,1,100,4640
1660661963.080345,2320255,36636,1,BI,1,100,1200
1660661965.818532,2322927,37067,1,BI,1,100,2720
1660661967.232716,2324307,37290,1,BI,1,100,1400
1660661969.935036,2326944,37722,1,BI,1,100,2680
1660661971.183206,2328162,37924,1,BI,1,100,1240
1660661974.286212,2331190,38415,1,BI,1,100,3080
1660661976.466924,2333318,38775,1,BI,1,100,2160
1660661977.996906,2334811,39014,1,BI,1,100,1520
1660661980.609047,2337360,39448,1,BI,1,100,2600
1660661983.028530,2339721,39826,1,BI,1,100,2400
1660661986.973897,2343571,40460,1,BI,1,100,3920
1660661988.943506,2345493,40768,1,BI,1,100,1960
1660661992.173583,2348645,41289,1,BI,1,100,3200
1660661994.037641,2350464,41580,1,BI,1,100,1840
1660661995.718265,2352104,41863,1,BI,1,100,1680
1660661997.099656,2353452,42065,1,BI,1,100,1360
1660661998.096757,2354425,42221,1,BI,1,100,1000
1660661999.748688,2356037,42489,1,BI,1,100,1640
1660662001.521541,2357767,42777,1,BI,1,100,1760
1660662003.286196,2359489,43071,1,BI,1,100,1760
1660662004.334536,2360512,43241,1,BI,1,100,1040
1660662006.710979,2362831,43607,1,BI,1,100,2360
1660662008.245061,2364328,43857,1,BI,1,100,1520
1660662009.985121,2366026,44129,1,BI,1,100,1720
1660662011.753876,2367752,44412,1,BI,1,100,1760
1660662013.296155,2369257,44666,1,BI,1,100,1520
1660662016.312055,2372200,45137,1,BI,1,100,3000
1660662018.317532,2374157,45475,1,BI,1,100,2000
1660662019.565702,2375375,45662,1,BI,1,100,1240
1660662023.686305,2379396,46325,1,BI,1,100,4080
1660662025.415093,2381083,46601,1,BI,1,100,1720
1660662027.105965,2382733,46868,1,BI,1,100,1680
1660662028.195296,2383796,47035,1,BI,1,100,1080
1660662030.084973,2385640,47341,1,BI,1,100,1880
1660662033.795667,2389261,47941,1,BI,1,100,3680
1660662035.481415,2390906,48199,1,BI,1,100,1680
1660662036.372965,2391776,48349,1,BI,1,100,880
1660662037.344448,2392724,48504,1,BI,1,100,960
1660662041.172991,2396460,49108,1,BI,1,100,3800
1660662042.776757,2398025,49374,1,BI,1,100,1600
1660662044.430737,2399639,49645,1,BI,1,100,1640
1660662047.450736,2402586,50120,1,BI,1,100,3000
1660662049.705231,2404786,50488,1,BI,1,100,2240
1660662051.122489,2406169,50713,1,BI,1,100,1400
1660662057.118422,2412020,51665,1,BI,1,100,5960
1660662060.075910,2414906,52133,1,BI,1,100,2920
1660662061.322031,2416122,52343,1,BI,1,100,1240
1660662063.408464,2418158,52673,1,BI,1,100,2080
1660662066.670309,2421341,53182,1,BI,1,100,3240
1660662070.021309,2424611,53718,1,BI,1,100,3320
1660662073.116117,2427631,54203,1,BI,1,100,3080
1660662076.375912,2430812,54734,1,BI,1,100,3240
1660662080.129647,2434475,55326,1,BI,1,100,3720
1660662081.460824,2435774,55541,1,BI,1,100,1320
1660662083.279792,2437549,55812,1,BI,1,100,1800
1660662084.727793,2438962,56044,1,BI,1,100,1440
1660662087.149326,2441325,56446,1,BI,1,100,2400
1660662089.686658,2443801,56849,1,BI,1,100,2520
1660662090.727824,2444817,57018,1,BI,1,100,1040
1660662090.975819,2445059,57053,1,BI,1,100,240
1660662092.914685,2446951,57361,1,BI,1,100,1920
1660662093.881044,2447894,57511,1,BI,1,100,960
1660662094.680365,2448674,57646,1,BI,1,100,800
1660662095.403853,2449380,57762,1,BI,1,100,720
1660662098.389010,2452293,58235,1,BI,1,100,2960
1660662100.111649,2453974,58517,1,BI,1,100,1720
1660662103.098856,2456889,59003,1,BI,1,100,2960
1660662109.987364,2463611,60092,1,BI,1,100,6840
1660662111.159701,2464755,60276,1,BI,1,100,1160
1660662115.960752,2469440,61030,1,BI,1,100,4760
1660662119.903044,2473287,61655,1,BI,1,100,3920
1660662122.840037,2476153,62138,1,BI,1,100,2920
1660662123.971384,2477257,62323,1,BI,1,100,1120
1660662126.310935,2479540,62680,1,BI,1,100,2320
1660662127.717945,2480913,62912,1,BI,1,100,1400
1660662130.021630,2483161,63267,1,BI,1,100,2280
1660662131.230859,2484341,63472,1,BI,1,100,1200
1660662132.835650,2485907,63737,1,BI,1,100,1600
1660662134.084845,2487126,63938,1,BI,1,100,1240
1660662136.144634,2489136,64246,1,BI,1,100,2040
1660662137.961553,2490909,64551,1,BI,1,100,1800
1660662139.090850,2492011,64735,1,BI,1,100,1120
1660662139.890171,2492791,64854,1,BI,1,100,800
1660662141.785997,2494641,65144,1,BI,1,100,1880
1660662145.171839,2497945,159,1,BI,1,100,3360
1660662146.503016,2499244,382,1,BI,1,100,1320
1660662148.325058,2501022,667,1,BI,1,100,1800
1660662151.454708,2504076,1170,1,BI,1,100,3120
1660662153.668212,2506236,1540,1,BI,1,100,2200
1660662154.930729,2507468,1741,1,BI,1,100,1240
1660662156.570363,2509068,1995,1,BI,1,100,1640
1660662158.141336,2510601,2252,1,BI,1,100,1560
1660662159.480711,2511908,2467,1,BI,1,100,1320
1660662160.396856,2512802,2621,1,BI,1,100,920
1660662161.766974,2514139,2846,1,BI,1,100,1360
1660662163.418905,2515751,3114,1,BI,1,100,1640
1660662165.277838,2517565,3401,1,BI,1,100,1840
1660662168.423884,2520635,3908,1,BI,1,100,3120
1660662172.094613,2524217,4487,1,BI,1,100,3640
1660662175.721276,2527756,5054,1,BI,1,100,3600
1660662177.004289,2529008,5264,1,BI,1,100,1280
1660662179.214719,2531165,5613,1,BI,1,100,2200
1660662180.222069,2532148,5782,1,BI,1,100,1000
1660662181.071604,2532977,5916,1,BI,1,100,840
1660662181.882197,2533768,6039,1,BI,1,100,800
1660662183.542325,2535388,6312,1,BI,1,100,1640
1660662186.444476,2538220,6767,1,BI,1,100,2880
1660662191.552958,2543205,7515,1,BI,1,100,5080
1660662192.600273,2544227,7688,1,BI,1,100,1040
1660662194.979791,2546549,8075,1,BI,1,100,2360
1660662199.931482,2551381,8882,1,BI,1,100,4920
1660662200.338316,2551778,8950,1,BI,1,100,400
1660662202.105021,2553502,9234,1,BI,1,100,1760
1660662202.953531,2554330,9374,1,BI,1,100,840
1660662204.376937,2555719,9592,1,BI,1,100,1400
1660662206.061660,2557363,9863,1,BI,1,100,1680
1660662207.351846,2558622,10064,1,BI,1,100,1280
1660662209.076535,2560305,10361,1,BI,1,100,1720
1660662213.682879,2564800,11082,1,BI,1,100,4560
1660662219.641921,2570615,12047,1,BI,1,100,5920
1660662222.533823,2573437,12492,1,BI,1,100,2880
1660662229.189709,2579932,13560,1,BI,1,100,6600
1660662231.081435,2581778,13868,1,BI,1,100,1880
1660662232.135924,2582807,14034,1,BI,1,100,1040
1660662232.781530,2583437,14135,1,BI,1,100,640
1660662234.547210,2585160,14422,1,BI,1,100,1760
1660662237.209564,2587758,14855,1,BI,1,100,2640
1660662238.621698,2589136,15073,1,BI,1,100,1400
1660662240.995066,2591452,15462,1,BI,1,100,2360
1660662245.146412,2595503,16116,1,BI,1,100,4120
1660662247.959408,2598248,16582,1,BI,1,100,2800
1660662249.304931,2599561,16780,1,BI,1,100,1320
1660662252.234751,2602420,17271,1,BI,1,100,2920
1660662254.731092,2604856,17673,1,BI,1,100,2480
1660662257.192591,2607258,18060,1,BI,1,100,2440
1660662258.196866,2608238,18227,1,BI,1,100,1000
1660662259.204216,2609221,18380,1,BI,1,100,1000
1660662263.449841,2613364,19062,1,BI,1,100,4200
1660662267.141064,2616966,19672,1,BI,1,100,3680
1660662268.239619,2618038,19841,1,BI,1,100,1080
1660662269.089153,2618867,19975,1,BI,1,100,840
1660662270.738009,2620476,20241,1,BI,1,100,1640
1660662274.248873,2623902,20814,1,BI,1,100,3480
1660662284.885993,2634282,22491,1,BI,1,100,10560
1660662288.304627,2637618,23023,1,BI,1,100,3400
1660662289.385761,2638673,23191,1,BI,1,100,1080
1660662290.968006,2640217,23441,1,BI,1,100,1560
1660662292.216177,2641435,23641,1,BI,1,100,1240
1660662293.014473,2642214,23764,1,BI,1,100,800
1660662293.735912,2642918,23835,1,BI,1,100,720
1660662295.916624,2645046,24183,1,BI,1,100,2160
1660662299.016555,2648071,24678,1,BI,1,100,3080
1660662299.990087,2649021,24847,1,BI,1,100,960
1660662300.638767,2649654,24947,1,BI,1,100,640
1660662301.355082,2650353,25065,1,BI,1,100,720
1660662302.853296,2651815,25304,1,BI,1,100,1480
1660662306.839654,2655705,25951,1,BI,1,100,3960
1660662310.182456,2658967,26473,1,BI,1,100,3320
1660662312.593741,2661320,26860,1,BI,1,100,2400
1660662314.935342,2663605,27234,1,BI,1,100,2320
1660662317.802650,2666403,27692,1,BI,1,100,2840
1660662318.687027,2667266,27848,1,BI,1,100,880
1660662321.865866,2670368,28364,1,BI,1,100,3160
1660662323.599778,2672060,28635,1,BI,1,100,1720
1660662325.896289,2674301,29008,1,BI,1,100,2280
1660662328.352664,2676698,29393,1,BI,1,100,2440
1660662331.662673,2679928,29928,1,BI,1,100,3280
1660662333.798295,2682012,30283,1,BI,1,100,2120
1660662335.896000,2684059,30622,1,BI,1,100,2080
1660662339.565704,2687640,31212,1,BI,1,100,3640
1660662342.992537,2690984,31757,1,BI,1,100,3400
1660662344.241732,2692203,31960,1,BI,1,100,1240
1660662345.880341,2693802,32230,1,BI,1,100,1640
1660662347.423645,2695308,32481,1,BI,1,100,1520
1660662348.420747,2696281,32633,1,BI,1,100,1000
1660662352.088401,2699860,33199,1,BI,1,100,3640
1660662362.243878,2709770,34810,1,BI,1,100,10080
1660662363.983939,2711468,35094,1,BI,1,100,1720
1660662366.636045,2714056,35514,1,BI,1,100,2640
1660662369.583286,2716932,35982,1,BI,1,100,2920
1660662371.074327,2718387,36241,1,BI,1,100,1480
1660662372.402430,2719683,36445,1,BI,1,100,1320
1660662373.452819,2720708,36612,1,BI,1,100,1040
1660662374.939762,2722159,36846,1,BI,1,100,1480
1660662377.119449,2724286,37194,1,BI,1,100,2160
1660662378.683249,2725812,37463,1,BI,1,100,1560
1660662380.547307,2727631,37746,1,BI,1,100,1840
1660662382.925799,2729952,38121,1,BI,1,100,2360
1660662383.128704,2730150,38157,1,BI,1,100,200
1660662384.648438,2731633,38411,1,BI,1,100,1520
1660662386.355706,2733299,38676,1,BI,1,100,1680
1660662387.431715,2734349,38849,1,BI,1,100,1080
1660662389.851199,2736710,39231,1,BI,1,100,2400
1660662392.509454,2739304,39654,1,BI,1,100,2640
1660662395.972154,2742683,40221,1,BI,1,100,3440
1660662397.144492,2743827,40404,1,BI,1,100,1160
1660662401.293788,2747876,41043,1,BI,1,100,4120
1660662406.694329,2753146,41900,1,BI,1,100,5360
1660662409.673337,2756053,42358,1,BI,1,100,2960
1660662411.136710,2757481,42595,1,BI,1,100,1440
1660662412.910588,2759212,42878,1,BI,1,100,1760
1660662414.149535,2760421,43068,1,BI,1,100,1240
1660662415.888571,2762118,43351,1,BI,1,100,1720
1660662416.528028,2762742,43452,1,BI,1,100,640
1660662417.376538,2763570,43586,1,BI,1,100,840
1660662419.072534,2765225,43827,1,BI,1,100,1680
1660662419.963059,2766094,43960,1,BI,1,100,880
1660662420.960161,2767067,44127,1,BI,1,100,1000
1660662423.507741,2769553,44546,1,BI,1,100,2520
1660662427.534065,2773482,45184,1,BI,1,100,4000
1660662430.393175,2776272,45608,1,BI,1,100,2840
1660662431.484555,2777337,45792,1,BI,1,100,1080
1660662433.089346,2778903,46041,1,BI,1,100,1600
1660662435.383808,2781142,46397,1,BI,1,100,2280
1660662436.915840,2782637,46646,1,BI,1,100,1520
1660662438.972555,2784644,46979,1,BI,1,100,2040
1660662439.580244,2785237,47052,1,BI,1,100,600
1660662440.470769,2786106,47203,1,BI,1,100,880
1660662441.144043,2786763,47318,1,BI,1,100,680
1660662441.918770,2787519,47437,1,BI,1,100,760
1660662443.042943,2788616,47621,1,BI,1,100,1120
1660662444.895729,2790424,47898,1,BI,1,100,1840
1660662446.428786,2791920,48148,1,BI,1,100,1520
1660662447.517092,2792982,48317,1,BI,1,100,1080
1660662449.531791,2794948,48633,1,BI,1,100,2000
1660662451.109938,2796488,48894,1,BI,1,100,1560
1660662452.399099,2797746,49094,1,BI,1,100,1280
1660662453.275278,2798601,49244,1,BI,1,100,880
1660662454.529598,2799825,49432,1,BI,1,100,1240
1660662456.828158,2802068,49787,1,BI,1,100,2280
1660662458.033288,2803244,49970,1,BI,1,100,1200
1660662459.523305,2804698,50219,1,BI,1,100,1480
1660662463.149968,2808237,50794,1,BI,1,100,3600
1660662464.848013,2809894,51062,1,BI,1,100,1680
1660662468.150849,2813117,51584,1,BI,1,100,3280
1660662471.779562,2816658,52152,1,BI,1,100,3600
1660662475.978047,2820755,52819,1,BI,1,100,4160
1660662477.090948,2821841,52993,1,BI,1,100,1120
1660662480.317950,2824990,53509,1,BI,1,100,3200
1660662484.271516,2828848,54116,1,BI,1,100,3920
1660662487.126527,2831634,54570,1,BI,1,100,2840
1660662488.507917,2832982,54788,1,BI,1,100,1360
1660662491.077018,2835489,55190,1,BI,1,100,2560
1660662492.125358,2836512,55363,1,BI,1,100,1040
1660662492.975917,2837342,55498,1,BI,1,100,840
1660662493.855171,2838200,55631,1,BI,1,100,880
1660662494.794885,2839117,55782,1,BI,1,100,920
1660662495.835027,2840132,55951,1,BI,1,100,1040
1660662496.915136,2841186,56121,1,BI,1,100,1080
1660662498.015739,2842260,56291,1,BI,1,100,1080
1660662499.054857,2843274,56460,1,BI,1,100,1040
1660662500.102172,2844296,56627,1,BI,1,100,1040
1660662501.024466,2845196,56778,1,BI,1,100,920
1660662501.924215,2846074,56912,1,BI,1,100,880
1660662502.607737,2846741,57025,1,BI,1,100,680
1660662503.538228,2847649,57176,1,BI,1,100,920
1660662504.410308,2848500,57309,1,BI,1,100,880
1660662505.994604,2850046,57558,1,BI,1,100,1560
1660662507.474372,2851490,57797,1,BI,1,100,1480
1660662508.613917,2852602,57965,1,BI,1,100,1120
1660662509.902054,2853859,58166,1,BI,1,100,1280
1660662513.153651,2857032,58673,1,BI,1,100,3240
1660662514.086192,2857942,58823,1,BI,1,100,920
1660662516.831553,2860621,59255,1,BI,1,100,2720
1660662517.507902,2861281,59378,1,BI,1,100,680
1660662518.557267,2862305,59538,1,BI,1,100,1040
1660662520.411077,2864114,59826,1,BI,1,100,1840
1660662521.659247,2865332,60041,1,BI,1,100,1240
1660662522.872576,2866516,60226,1,BI,1,100,1200
1660662524.168911,2867781,60401,1,BI,1,100,1280
1660662525.493939,2869074,60622,1,BI,1,100,1320
1660662526.550478,2870105,60787,1,BI,1,100,1040
1660662528.712744,2872215,61126,1,BI,1,100,2160
1660662529.529486,2873012,61262,1,BI,1,100,800
1660662532.456231,2875868,61740,1,BI,1,100,2920
1660662533.388772,2876778,61890,1,BI,1,100,920
1660662534.085616,2877458,61982,1,BI,1,100,680
1660662535.493651,2878832,62216,1,BI,1,100,1400
1660662537.457112,2880748,62531,1,BI,1,100,1960
1660662539.163355,2882413,62801,1,BI,1,100,1680
1660662540.613405,2883828,63031,1,BI,1,100,1440
1660662542.298128,2885472,63300,1,BI,1,100,1680
1660662543.308552,2886458,63467,1,BI,1,100,1000
1660662544.875426,2887987,63705,1,BI,1,100,1560
1660662546.933166,2889995,64021,1,BI,1,100,2040
1660662548.340176,2891368,64254,1,BI,1,100,1400
1660662550.634637,2893607,64610,1,BI,1,100,2280
1660662552.372648,2895303,64894,1,BI,1,100,1720
1660662553.904680,2896798,65126,1,BI,1,100,1520
1660662554.711175,2897585,65259,1,BI,1,100,800
1660662555.465406,2898321,65384,1,BI,1,100,760
1660662556.754567,2899579,47,1,BI,1,100,1280
1660662557.771140,2900571,216,1,BI,1,100,1000
1660662559.545018,2902302,501,1,BI,1,100,1760
1660662562.614206,2905297,970,1,BI,1,100,3040
1660662563.987398,2906637,1188,1,BI,1,100,1360
1660662564.819512,2907449,1322,1,BI,1,100,840
1660662567.718588,2910278,1796,1,BI,1,100,2880
1660662569.367444,2911887,2062,1,BI,1,100,1640
1660662572.762509,2915200,2602,1,BI,1,100,3360
1660662573.967640,2916376,2801,1,BI,1,100,1200
1660662575.980289,2918340,3106,1,BI,1,100,2000
1660662577.063472,2919397,3289,1,BI,1,100,1080
1660662580.498503,2922749,3837,1,BI,1,100,3400
1660662582.262133,2924470,4109,1,BI,1,100,1760
1660662583.352489,2925534,4278,1,BI,1,100,1080
1660662585.330297,2927464,4594,1,BI,1,100,1960
1660662586.339695,2928449,4766,1,BI,1,100,1000
1660662587.862505,2929935,5017,1,BI,1,100,1520
1660662589.639457,2931669,5299,1,BI,1,100,1760
1660662591.255520,2933246,5547,1,BI,1,100,1600
1660662592.092758,2934063,5689,1,BI,1,100,840
1660662592.868509,2934820,5806,1,BI,1,100,760
1660662593.517189,2935453,5906,1,BI,1,100,640
1660662594.390294,2936305,6057,1,BI,1,100,880
1660662595.239829,2937134,6192,1,BI,1,100,840
1660662596.724721,2938583,6425,1,BI,1,100,1480
1660662597.533265,2939372,6565,1,BI,1,100,800
1660662598.506797,2940322,6715,1,BI,1,100,960
1660662600.191520,2941966,6997,1,BI,1,100,1680
1660662601.735850,2943473,7230,1,BI,1,100,1520
1660662603.416473,2945113,7501,1,BI,1,100,1680
1660662604.840904,2946503,7735,1,BI,1,100,1400
1660662605.763198,2947403,7885,1,BI,1,100,920
1660662606.559445,2948180,8004,1,BI,1,100,800
1660662607.367989,2948969,8145,1,BI,1,100,800
1660662608.176533,2949758,8278,1,BI,1,100,800
1660662609.015820,2950577,8412,1,BI,1,100,840
1660662609.904296,2951444,8546,1,BI,1,100,880
1660662611.395338,2952899,8796,1,BI,1,100,1480
1660662612.201832,2953686,8915,1,BI,1,100,800
1660662613.580148,2955031,9135,1,BI,1,100,1360
1660662615.060942,2956476,9386,1,BI,1,100,1480
1660662615.994508,2957387,9538,1,BI,1,100,920
1660662616.673931,2958050,9641,1,BI,1,100,680
1660662617.523466,2958879,9774,1,BI,1,100,840
1660662618.405793,2959740,9912,1,BI,1,100,880
1660662619.454134,2960763,10079,1,BI,1,100,1040
1660662620.229885,2961520,10212,1,BI,1,100,760
1660662621.593855,2962851,10430,1,BI,1,100,1360
1660662622.484380,2963720,10582,1,BI,1,100,880
1660662623.932381,2965133,10823,1,BI,1,100,1440
1660662625.462364,2966626,11056,1,BI,1,100,1520
1660662626.867325,2967997,11287,1,BI,1,100,1400
1660662630.089203,2971141,11793,1,BI,1,100,3200
1660662632.265816,2973265,12141,1,BI,1,100,2160
1660662633.113302,2974092,12274,1,BI,1,100,840
1660662634.476247,2975422,12482,1,BI,1,100,1360
1660662635.810498,2976724,12699,1,BI,1,100,1320
1660662638.714698,2979558,13173,1,BI,1,100,2880
1660662640.321538,2981126,13429,1,BI,1,100,1600
1660662641.866892,2982634,13665,1,BI,1,100,1520
1660662643.272878,2984006,13898,1,BI,1,100,1400
1660662645.286552,2985971,14226,1,BI,1,100,2000
1660662646.975374,2987619,14493,1,BI,1,100,1680
1660662648.553521,2989159,14741,1,BI,1,100,1560
1660662650.687093,2991241,15096,1,BI,1,100,2120
1660662651.485389,2992020,15214,1,BI,1,100,800
1660662652.057211,2992578,15316,1,BI,1,100,560
1660662662.049750,3002329,16906,1,BI,1,100,9920
1660662667.008615,3007168,17657,1,BI,1,100,4920
1660662669.896419,3009986,18123,1,BI,1,100,2880
1660662671.552448,3011602,18376,1,BI,1,100,1640
1660662673.162363,3013173,18641,1,BI,1,100,1600
1660662673.930941,3013923,18760,1,BI,1,100,760
1660662675.064337,3015029,18945,1,BI,1,100,1120
1660662676.908924,3016829,19220,1,BI,1,100,1840
1660662679.926874,3019774,19657,1,BI,1,100,3000
1660662680.662659,3020492,19774,1,BI,1,100,720
1660662681.511169,3021320,19913,1,BI,1,100,840
1660662682.442686,3022229,20063,1,BI,1,100,920
1660662685.367381,3025083,20529,1,BI,1,100,2920
1660662688.637424,3028274,21033,1,BI,1,100,3240
1660662691.624630,3031189,21524,1,BI,1,100,2960
1660662694.636431,3034128,22003,1,BI,1,100,3000
1660662696.650105,3036093,22325,1,BI,1,100,2000
1660662697.222952,3036652,22411,1,BI,1,100,560
1660662702.331434,3041637,23196,1,BI,1,100,5080
1660662703.177895,3042463,23329,1,BI,1,100,840
1660662704.235458,3043495,23499,1,BI,1,100,1040
1660662705.108562,3044347,23651,1,BI,1,100,880
1660662706.364931,3045573,23836,1,BI,1,100,1240
1660662708.494405,3047651,24175,1,BI,1,100,2120
1660662710.201673,3049317,24444,1,BI,1,100,1680
1660662711.123966,3050217,24593,1,BI,1,100,920
1660662712.123117,3051192,24763,1,BI,1,100,1000
1660662712.930637,3051980,24872,1,BI,1,100,800
1660662713.854980,3052882,25023,1,BI,1,100,920
1660662714.739357,3053745,25173,1,BI,1,100,880
1660662716.559350,3055521,25393,1,BI,1,100,1800
1660662717.328952,3056272,25511,1,BI,1,100,760
1660662719.453302,3058345,25864,1,BI,1,100,2120
1660662720.918724,3059775,26099,1,BI,1,100,1440
1660662721.965014,3060796,26249,1,BI,1,100,1040
1660662724.296368,3063071,26635,1,BI,1,100,2320
1660662726.222937,3064951,26937,1,BI,1,100,1920
1660662727.804157,3066494,27185,1,BI,1,100,1560
1660662730.298449,3068928,27574,1,BI,1,100,2480
1660662731.947305,3070537,27845,1,BI,1,100,1640
1660662732.711784,3071283,27978,1,BI,1,100,760
1660662733.595136,3072145,28116,1,BI,1,100,880
1660662734.650650,3073175,28283,1,BI,1,100,1040
1660662736.832387,3075304,28635,1,BI,1,100,2160
1660662738.236323,3076674,28853,1,BI,1,100,1400
1660662739.733513,3078135,29090,1,BI,1,100,1480
1660662741.813797,3080165,29439,1,BI,1,100,2080
1660662743.282293,3081598,29671,1,BI,1,100,1440
1660662744.719022,3083000,29894,1,BI,1,100,1440
1660662746.287946,3084531,30142,1,BI,1,100,1560
1660662747.536116,3085749,30345,1,BI,1,100,1240
1660662749.152179,3087326,30615,1,BI,1,100,1600
1660662751.727428,3089839,31012,1,BI,1,100,2560
1660662752.580037,3090671,31162,1,BI,1,100,840
1660662754.321122,3092370,31434,1,BI,1,100,1720
1660662757.006021,3094990,31864,1,BI,1,100,2680
1660662758.775800,3096717,32150,1,BI,1,100,1760
1660662760.000401,3097912,32323,1,BI,1,100,1200
1660662761.639010,3099511,32591,1,BI,1,100,1640
1660662762.413736,3100267,32725,1,BI,1,100,760
1660662763.345253,3101176,32858,1,BI,1,100,920
1660662764.835269,3102630,33100,1,BI,1,100,1480
1660662766.439035,3104195,33349,1,BI,1,100,1600
1660662767.803005,3105526,33566,1,BI,1,100,1360
1660662768.567484,3106272,33700,1,BI,1,100,760
1660662769.934528,3107606,33921,1,BI,1,100,1360
1660662770.780988,3108432,34040,1,BI,1,100,840
1660662771.627449,3109258,34173,1,BI,1,100,840
1660662773.850177,3111427,34525,1,BI,1,100,2200
1660662775.300227,3112842,34748,1,BI,1,100,1440
1660662777.003396,3114504,35017,1,BI,1,100,1680
1660662779.900422,3117331,35485,1,BI,1,100,2880
1660662783.319057,3120667,36023,1,BI,1,100,3400
1660662784.925898,3122235,36290,1,BI,1,100,1600
1660662791.183147,3128341,37253,1,BI,1,100,6200
1660662792.229438,3129362,37420,1,BI,1,100,1040
1660662794.999393,3132065,37872,1,BI,1,100,2760
1660662795.850977,3132896,38005,1,BI,1,100,840
1660662796.699487,3133724,38128,1,BI,1,100,840
1660662797.590013,3134593,38279,1,BI,1,100,880
1660662798.436474,3135419,38412,1,BI,1,100,840
1660662799.276785,3136239,38547,1,BI,1,100,840
1660662802.943415,3139817,39118,1,BI,1,100,3640
1660662803.875956,3140727,39271,1,BI,1,100,920
1660662804.883306,3141710,39438,1,BI,1,100,1000
1660662806.738140,3143520,39730,1,BI,1,100,1840
1660662807.986311,3144738,39917,1,BI,1,100,1240
1660662810.387349,3147081,40313,1,BI,1,100,2400
1660662813.699407,3150313,40820,1,BI,1,100,3280
1660662816.078925,3152635,41202,1,BI,1,100,2360
1660662818.787394,3155278,41627,1,BI,1,100,2680
1660662820.034539,3156495,41832,1,BI,1,100,1240
1660662823.605865,3159980,42369,1,BI,1,100,3560
1660662825.787602,3162109,42719,1,BI,1,100,2160
1660662827.232528,3163519,42953,1,BI,1,100,1440
1660662830.178744,3166394,43404,1,BI,1,100,2920
1660662833.115736,3169260,43875,1,BI,1,100,2920
1660662836.584585,3172645,44426,1,BI,1,100,3440
1660662839.681442,3175667,44915,1,BI,1,100,3080
1660662841.293406,3177240,45164,1,BI,1,100,1600
1660662845.085057,3180940,45752,1,BI,1,100,3760
1660662846.492068,3182313,45984,1,BI,1,100,1400
1660662850.327784,3186056,46573,1,BI,1,100,3800
1660662852.134455,3187819,46875,1,BI,1,100,1800
1660662853.674685,3189322,47126,1,BI,1,100,1520
1660662856.934480,3192503,47629,1,BI,1,100,3240
1660662860.552945,3196034,48187,1,BI,1,100,3600
1660662862.206925,3197648,48453,1,BI,1,100,1640
1660662863.131268,3198550,48604,1,BI,1,100,920
1660662863.948011,3199347,48738,1,BI,1,100,800
1660662864.463470,3199850,48812,1,BI,1,100,520
1660662865.393962,3200758,48962,1,BI,1,100,920
1660662866.325479,3201667,49113,1,BI,1,100,920
1660662867.928220,3203231,49365,1,BI,1,100,1600
1660662871.026101,3206254,49857,1,BI,1,100,3080
1660662873.206813,3208382,50207,1,BI,1,100,2160
1660662875.377277,3210500,50528,1,BI,1,100,2160
1660662877.240310,3212318,50811,1,BI,1,100,1840
1660662878.413673,3213463,50994,1,BI,1,100,1160
1660662880.219319,3215225,51284,1,BI,1,100,1800
1660662882.397981,3217351,51618,1,BI,1,100,2160
1660662885.287834,3220171,52092,1,BI,1,100,2880
1660662886.183484,3221045,52212,1,BI,1,100,880
1660662888.840714,3223638,52646,1,BI,1,100,2640
1660662890.088885,3224856,52847,1,BI,1,100,1240
1660662894.406243,3229069,53530,1,BI,1,100,4280
1660662897.308394,3231901,53984,1,BI,1,100,2880
1660662898.883466,3233438,54237,1,BI,1,100,1560
1660662901.296801,3235793,54624,1,BI,1,100,2400
1660662903.142413,3237594,54908,1,BI,1,100,1840
1660662907.090854,3241447,55538,1,BI,1,100,3920
1660662909.513412,3243811,55922,1,BI,1,100,2400
1660662911.295488,3245550,56207,1,BI,1,100,1760
1660662912.533411,3246758,56382,1,BI,1,100,1240
1660662913.464928,3247667,56533,1,BI,1,100,920
1660662915.190641,3249351,56819,1,BI,1,100,1720
1660662918.215764,3252303,57278,1,BI,1,100,3000
1660662921.442767,3255452,57795,1,BI,1,100,3200
1660662922.210320,3256201,57917,1,BI,1,100,760
1660662923.855077,3257806,58191,1,BI,1,100,1640
1660662925.793943,3259698,58510,1,BI,1,100,1920
1660662926.552273,3260438,58630,1,BI,1,100,760
1660662928.282086,3262126,58902,1,BI,1,100,1720
1660662932.355549,3266101,59555,1,BI,1,100,4040
1660662934.978962,3268661,59976,1,BI,1,100,2600
1660662936.382898,3270031,60191,1,BI,1,100,1400
1660662938.597427,3272192,60533,1,BI,1,100,2200
1660662940.259605,3273814,60799,1,BI,1,100,1640
1660662941.174726,3274707,60952,1,BI,1,100,920
1660662942.420847,3275923,61152,1,BI,1,100,1240
1660662943.401552,3276880,61294,1,BI,1,100,960
1660662945.898918,3279317,61694,1,BI,1,100,2480
1660662947.382786,3280765,61947,1,BI,1,100,1480
1660662949.110549,3282451,62208,1,BI,1,100,1720
1660662950.440701,3283749,62425,1,BI,1,100,1320
1660662951.249246,3284538,62559,1,BI,1,100,800
1660662952.857111,3286107,62830,1,BI,1,100,1600
1660662954.188288,3287406,63037,1,BI,1,100,1320
1660662955.889407,3289066,63302,1,BI,1,100,1680
1660662959.067221,3292167,63807,1,BI,1,100,3160
1660662962.081071,3295108,64294,1,BI,1,100,3000
1660662965.309099,3298258,64800,1,BI,1,100,3200
1660662967.287931,3300189,65117,1,BI,1,100,1960
1660662968.852756,3301716,65366,1,BI,1,100,1560
1660662970.190081,3303021,38,1,BI,1,100,1320
1660662971.040641,3303851,173,1,BI,1,100,840
1660662974.052442,3306790,657,1,BI,1,100,3000
1660662975.501467,3308204,900,1,BI,1,100,1440
1660662979.894659,3312491,1618,1,BI,1,100,4360
1660662985.333117,3317798,2476,1,BI,1,100,5400
1660662986.672492,3319105,2695,1,BI,1,100,1320
1660662989.359441,3321727,3131,1,BI,1,100,2680
1660662991.383363,3323702,3453,1,BI,1,100,2000
1660662992.989178,3325269,3702,1,BI,1,100,1600
1660662994.649307,3326889,3967,1,BI,1,100,1640
1660662996.247949,3328449,4221,1,BI,1,100,1600
1660662997.061617,3329243,4355,1,BI,1,100,800
1660662997.871186,3330033,4489,1,BI,1,100,800
1660662998.746340,3330887,4639,1,BI,1,100,880
1660662999.593825,3331714,4757,1,BI,1,100,840
1660663001.172997,3333255,5014,1,BI,1,100,1560
1660663002.022532,3334084,5168,1,BI,1,100,840
1660663002.737821,3334782,5270,1,BI,1,100,720
1660663004.103841,3336115,5504,1,BI,1,100,1360
1660663004.917508,3336909,5621,1,BI,1,100,800
1660663006.282503,3338241,5846,1,BI,1,100,1360
1660663007.206846,3339143,5998,1,BI,1,100,920
1660663007.895492,3339815,6114,1,BI,1,100,680
1660663008.752200,3340651,6250,1,BI,1,100,840
1660663009.544348,3341424,6385,1,BI,1,100,800
1660663011.247517,3343086,6651,1,BI,1,100,1680
1660663012.255891,3344070,6807,1,BI,1,100,1000
1660663013.345222,3345133,6994,1,BI,1,100,1080
1660663015.425507,3347163,7330,1,BI,1,100,2080
1660663019.426211,3351067,7952,1,BI,1,100,3960
1660663022.393947,3353963,8437,1,BI,1,100,2960
1660663025.339138,3356837,8903,1,BI,1,100,2920
1660663028.722930,3360139,9439,1,BI,1,100,3360
1660663031.540025,3362888,9907,1,BI,1,100,2800
1660663035.048839,3366312,10464,1,BI,1,100,3480
1660663037.823918,3369020,10915,1,BI,1,100,2760
1660663041.135977,3372252,11430,1,BI,1,100,3280
1660663042.423089,3373508,11650,1,BI,1,100,1280
1660663044.395772,3375433,11958,1,BI,1,100,1960
1660663047.858472,3378812,12524,1,BI,1,100,3440
1660663051.403154,3382271,13079,1,BI,1,100,3520
1660663053.781646,3384592,13448,1,BI,1,100,2360
1660663055.717438,3386481,13768,1,BI,1,100,1920
1660663058.255795,3388958,14170,1,BI,1,100,2520
1660663060.018401,3390678,14456,1,BI,1,100,1760
1660663062.035149,3392646,14792,1,BI,1,100,2000
1660663064.463856,3395016,15181,1,BI,1,100,2400
1660663065.395372,3395925,15317,1,BI,1,100,920
1660663067.398799,3397880,15651,1,BI,1,100,2000
1660663069.178825,3399617,15939,1,BI,1,100,1760
1660663070.743650,3401144,16189,1,BI,1,100,1560
1660663071.542971,3401924,16323,1,BI,1,100,800
1660663072.266459,3402630,16441,1,BI,1,100,720
1660663073.199001,3403540,16596,1,BI,1,100,920
1660663074.687992,3404993,16833,1,BI,1,100,1480
1660663076.581768,3406841,17132,1,BI,1,100,1880
1660663079.844638,3410025,17657,1,BI,1,100,3240
1660663081.172741,3411321,17875,1,BI,1,100,1320
1660663082.999907,3413104,18157,1,BI,1,100,1800
1660663086.302743,3416327,18696,1,BI,1,100,3280
1660663087.591904,3417585,18895,1,BI,1,100,1280
1660663089.481581,3419429,19195,1,BI,1,100,1880
1660663090.437692,3420362,19351,1,BI,1,100,960
1660663092.573314,3422446,19688,1,BI,1,100,2120
1660663095.280758,3425088,20122,1,BI,1,100,2680
1660663098.508786,3428238,20623,1,BI,1,100,3200
1660663101.480620,3431138,21066,1,BI,1,100,2960
1660663104.339731,3433928,21498,1,BI,1,100,2840
1660663107.326937,3436843,21985,1,BI,1,100,2960
1660663109.988266,3439440,22404,1,BI,1,100,2640
1660663112.158731,3441558,22759,1,BI,1,100,2160
1660663112.999042,3442378,22891,1,BI,1,100,840
1660663116.063107,3445368,23393,1,BI,1,100,3040
1660663118.681396,3447923,23813,1,BI,1,100,2600
1660663119.687720,3448905,23963,1,BI,1,100,1000
1660663123.883131,3452999,24652,1,BI,1,100,4160
1660663133.190098,3462081,26138,1,BI,1,100,9240
