LocalTimestamp,EmotiBitTimestamp,PacketNumber,DataLength,TypeTag,ProtocolVersion,DataReliability,SA
1659629632.775470,359850,56515,1,SA,1,100,0.000325
1659629633.569776,360625,56556,1,SA,1,100,0.000126
1659629633.907997,360955,56608,1,SA,1,100,0.000066
1659629637.635602,364592,57274,1,SA,1,100,0.000367
1659629638.367389,365306,57327,1,SA,1,100,0.000058
1659629638.566222,365500,57486,1,SA,1,100,0.001243
1659629640.764658,367645,57785,1,SA,1,100,0.001450
1659629642.827806,369658,58033,1,SA,1,100,0.000120
1659629643.624162,370435,58167,1,SA,1,100,0.000050
1659629643.960333,370763,58209,1,SA,1,100,0.000141
1659629644.357999,371151,58277,1,SA,1,100,0.000065
1659629644.756690,371540,58344,1,SA,1,100,0.000096
1659629645.089786,371865,58396,1,SA,1,100,0.000054
1659629645.355238,372124,58431,1,SA,1,100,0.000096
1659629645.889218,372645,58516,1,SA,1,100,0.000066
1659629646.487766,373229,58617,1,SA,1,100,0.000044
1659629646.688649,373425,58667,1,SA,1,100,0.000161
1659629649.082843,375761,59039,1,SA,1,100,0.000240
1659629649.346245,376018,59095,1,SA,1,100,0.000397
1659629650.080082,376734,59179,1,SA,1,100,0.000081
1659629650.412154,377058,59247,1,SA,1,100,0.000195
1659629650.880538,377515,59299,1,SA,1,100,0.000121
1659629651.341749,377965,59401,1,SA,1,100,0.000138
1659629651.677920,378293,59435,1,SA,1,100,0.000031
1659629652.279543,378880,59588,1,SA,1,100,0.000363
1659629652.943686,379528,59640,1,SA,1,100,0.000026
1659629653.874306,380436,59808,1,SA,1,100,0.000193
1659629675.504047,401540,63182,1,SA,1,100,0.000126
1659629675.967308,401992,63250,1,SA,1,100,0.000037
1659629676.504361,402516,63319,1,SA,1,100,0.000030
1659629676.702169,402709,63369,1,SA,1,100,0.000054
1659629677.167479,403163,63437,1,SA,1,100,0.000041
1659629677.369387,403360,63473,1,SA,1,100,0.000124
1659629677.966911,403943,63572,1,SA,1,100,0.000021
1659629678.364577,404331,63658,1,SA,1,100,0.000087
1659629678.763267,404720,63758,1,SA,1,100,0.000159
1659629679.361816,405304,63793,1,SA,1,100,0.000017
1659629679.562699,405500,63845,1,SA,1,100,0.000031
1659629679.894770,405824,63896,1,SA,1,100,0.000105
1659629680.560963,406474,64019,1,SA,1,100,0.000132
1659629681.291725,407187,64089,1,SA,1,100,0.000033
1659629681.623796,407511,64173,1,SA,1,100,0.000135
1659629682.026587,407904,64307,1,SA,1,100,0.001336
1659629684.953735,410760,64691,1,SA,1,100,0.000009
1659629688.016172,413748,65198,1,SA,1,100,0.000253
1659629688.481482,414202,65233,1,SA,1,100,0.000093
1659629688.682365,414398,65269,1,SA,1,100,0.000113
1659629689.080031,414786,65319,1,SA,1,100,0.000104
1659629692.674397,418293,369,1,SA,1,100,0.000054
1659629692.941899,418554,421,1,SA,1,100,0.000188
1659629693.407209,419008,507,1,SA,1,100,0.000122
1659629693.739280,419332,557,1,SA,1,100,0.000059
1659629694.538712,420112,678,1,SA,1,100,0.000064
1659629694.804164,420371,728,1,SA,1,100,0.000138
1659629697.466885,422969,1138,1,SA,1,100,0.000169
1659629704.586948,429916,2272,1,SA,1,100,0.000015
1659629704.920044,430241,2324,1,SA,1,100,0.000019
1659629705.320785,430632,2426,1,SA,1,100,0.000103
1659629705.786095,431086,2461,1,SA,1,100,0.000051
1659629705.984928,431280,2497,1,SA,1,100,0.000048
1659629706.384643,431670,2565,1,SA,1,100,0.000057
1659629707.848217,433098,2787,1,SA,1,100,0.000062
1659629708.381172,433618,2855,1,SA,1,100,0.000040
1659629708.712218,433941,2908,1,SA,1,100,0.000002
1659629709.044290,434265,2978,1,SA,1,100,0.000095
1659629709.712532,434917,3062,1,SA,1,100,0.000004
1659629710.109173,435304,3148,1,SA,1,100,0.000005
1659629710.577558,435761,3215,1,SA,1,100,0.000066
1659629710.909630,436085,3334,1,SA,1,100,0.000201
1659629711.642442,436800,3402,1,SA,1,100,0.000063
1659629712.107752,437254,3494,1,SA,1,100,0.000051
1659629712.441873,437580,3528,1,SA,1,100,0.000046
1659629712.773944,437904,3614,1,SA,1,100,0.000195
1659629713.242329,438361,3682,1,SA,1,100,0.000146
1659629713.639995,438749,3749,1,SA,1,100,0.000201
1659629714.106330,439204,3851,1,SA,1,100,0.000238
1659629716.303741,441348,4154,1,SA,1,100,0.000049
1659629716.570218,441608,4205,1,SA,1,100,0.000121
1659629716.965834,441994,4259,1,SA,1,100,0.000030
1659629717.166717,442190,4333,1,SA,1,100,0.000137
1659629717.831885,442839,4403,1,SA,1,100,0.000064
1659629718.298219,443294,4485,1,SA,1,100,0.000025
1659629718.765579,443750,4555,1,SA,1,100,0.000049
1659629719.497366,444464,4674,1,SA,1,100,0.000001
1659629719.699274,444661,4709,1,SA,1,100,0.000055
1659629720.563275,445504,4858,1,SA,1,100,0.000009
1659629720.959916,445891,4961,1,SA,1,100,0.000198
1659629722.422465,447318,5182,1,SA,1,100,0.000132
1659629723.290565,448165,5336,1,SA,1,100,0.000244
1659629724.223235,449075,5455,1,SA,1,100,0.000091
1659629726.016831,450825,5756,1,SA,1,100,0.000158
1659629726.484191,451281,5806,1,SA,1,100,0.000019
1659629726.812163,451601,5875,1,SA,1,100,0.000162
1659629729.611197,454332,6329,1,SA,1,100,0.000013
1659629729.943269,454656,6400,1,SA,1,100,0.000213
1659629730.608437,455305,6483,1,SA,1,100,0.000157
1659629731.608751,456281,6667,1,SA,1,100,0.000156
1659629733.072325,457709,6872,1,SA,1,100,0.000009
1659629733.737493,458358,7005,1,SA,1,100,0.000058
1659629736.932143,461475,7506,1,SA,1,100,0.000027
1659629738.662194,463163,7776,1,SA,1,100,0.000006
1659629739.058835,463550,7847,1,SA,1,100,0.000062
1659629739.328387,463813,7880,1,SA,1,100,0.000078
1659629741.457129,465890,8246,1,SA,1,100,0.000073
1659629741.924489,466346,8282,1,SA,1,100,0.000044
1659629743.655565,468035,8571,1,SA,1,100,0.000113
1659629743.918967,468292,8574,1,SA,1,100,0.000061
1659629744.918257,469267,8741,1,SA,1,100,0.000023
1659629745.186784,469529,8809,1,SA,1,100,0.000075
1659629745.651069,469982,8859,1,SA,1,100,0.000014
1659629746.848166,471150,9044,1,SA,1,100,0.000055
1659629747.050073,471347,9112,1,SA,1,100,0.000081
1659629748.379384,472644,9295,1,SA,1,100,0.000041
1659629749.178816,473424,9420,1,SA,1,100,0.000049
1659629749.379698,473620,9453,1,SA,1,100,0.000018
1659629749.980297,474206,9554,1,SA,1,100,0.000040
1659629750.645464,474855,9671,1,SA,1,100,0.000034
1659629750.912966,475116,9723,1,SA,1,100,0.000072
1659629751.241963,475437,9775,1,SA,1,100,0.000096
1659629752.106989,476281,9909,1,SA,1,100,0.000075
1659629752.706562,476866,10010,1,SA,1,100,0.000003
1659629754.769710,478879,10313,1,SA,1,100,0.000055
1659629757.033741,481088,10678,1,SA,1,100,0.000006
1659629757.435506,481480,10761,1,SA,1,100,0.000097
1659629757.829072,481864,10828,1,SA,1,100,0.000191
1659629759.427935,483424,11057,1,SA,1,100,0.000013
1659629759.695437,483685,11092,1,SA,1,100,0.000121
1659629760.094127,484074,11160,1,SA,1,100,0.000040
1659629760.359580,484333,11213,1,SA,1,100,0.000038
1659629760.960178,484919,11329,1,SA,1,100,0.000104
1659629761.695040,485636,11414,1,SA,1,100,0.000092
1659629763.489661,487387,11714,1,SA,1,100,0.000026
1659629764.090259,487973,11816,1,SA,1,100,0.000015
1659629764.422330,488297,11871,1,SA,1,100,0.000024
1659629764.952210,488814,11956,1,SA,1,100,0.000021
1659629765.553833,489401,12040,1,SA,1,100,0.000016
1659629765.751641,489594,12076,1,SA,1,100,0.000051
1659629766.151357,489984,12176,1,SA,1,100,0.000120
1659629766.750930,490569,12229,1,SA,1,100,0.000017
1659629768.147885,491932,12496,1,SA,1,100,0.000048
1659629768.613195,492386,12531,1,SA,1,100,0.000005
1659629769.078505,492840,12616,1,SA,1,100,0.000075
1659629770.679418,494402,12870,1,SA,1,100,0.000049
1659629771.208272,494918,12955,1,SA,1,100,0.000005
1659629771.807846,495503,13054,1,SA,1,100,0.000026
1659629772.405369,496086,13142,1,SA,1,100,0.000016
1659629772.804060,496475,13225,1,SA,1,100,0.000019
1659629773.071562,496736,13262,1,SA,1,100,0.000015
1659629773.272445,496932,13313,1,SA,1,100,0.000087
1659629773.736730,497385,13380,1,SA,1,100,0.000085
1659629774.538211,498167,13496,1,SA,1,100,0.000017
1659629775.069115,498685,13572,1,SA,1,100,0.000025
1659629775.403237,499011,13642,1,SA,1,100,0.000037
1659629775.669714,499271,13676,1,SA,1,100,0.000027
1659629775.934141,499529,13744,1,SA,1,100,0.000169
1659629777.065644,500633,13911,1,SA,1,100,0.000029
1659629777.334171,500895,13929,1,SA,1,100,0.000042
1659629777.666242,501219,14030,1,SA,1,100,0.000050
1659629778.063908,501607,14082,1,SA,1,100,0.000143
1659629779.264080,502778,14234,1,SA,1,100,0.000029
1659629779.463938,502973,14285,1,SA,1,100,0.000066
1659629780.060436,503555,14440,1,SA,1,100,0.000133
1659629781.059726,504530,14525,1,SA,1,100,0.000003
1659629781.259583,504725,14593,1,SA,1,100,0.000050
1659629782.257848,505699,14743,1,SA,1,100,0.000030
1659629782.589919,506023,14778,1,SA,1,100,0.000008
1659629783.056254,506478,14895,1,SA,1,100,0.000085
1659629783.454945,506867,14945,1,SA,1,100,0.000142
1659629784.253351,507646,15064,1,SA,1,100,0.000029
1659629784.651017,508034,15114,1,SA,1,100,0.000003
1659629784.850875,508229,15167,1,SA,1,100,0.000028
1659629785.119402,508491,15218,1,SA,1,100,0.000169
1659629785.450448,508814,15276,1,SA,1,100,0.000124
1659629786.781809,510113,15475,1,SA,1,100,0.000027
1659629787.116955,510440,15512,1,SA,1,100,0.000006
1659629787.316813,510635,15545,1,SA,1,100,0.000011
1659629788.046550,511347,15679,1,SA,1,100,0.000028
1659629789.577769,512841,15928,1,SA,1,100,0.000058
1659629789.908815,513164,16013,1,SA,1,100,0.000149
1659629790.643677,513881,16119,1,SA,1,100,0.000146
1659629791.440033,514658,16235,1,SA,1,100,0.000091
1659629791.906368,515113,16303,1,SA,1,100,0.000034
1659629792.305059,515502,16356,1,SA,1,100,0.000021
1659629792.706825,515894,16424,1,SA,1,100,0.000072
1659629793.304348,516477,16508,1,SA,1,100,0.000025
1659629793.569800,516736,16575,1,SA,1,100,0.000014
1659629793.970541,517127,16627,1,SA,1,100,0.000047
1659629794.369232,517516,16696,1,SA,1,100,0.000036
1659629794.969830,518102,16813,1,SA,1,100,0.000075
1659629795.370571,518493,16864,1,SA,1,100,0.000047
1659629796.235596,519337,17020,1,SA,1,100,0.000108
1659629796.633262,519725,17054,1,SA,1,100,0.000027
1659629797.233860,520311,17156,1,SA,1,100,0.000014
1659629798.232125,521285,17307,1,SA,1,100,0.000081
1659629798.430958,521479,17374,1,SA,1,100,0.000081
1659629798.764054,521804,17410,1,SA,1,100,0.000067
1659629798.963912,521999,17493,1,SA,1,100,0.000178
1659629799.897607,522910,17612,1,SA,1,100,0.000102
1659629800.629394,523624,17712,1,SA,1,100,0.000041
1659629801.492370,524466,17867,1,SA,1,100,0.000114
1659629801.827516,524793,17918,1,SA,1,100,0.000123
1659629802.422990,525374,18036,1,SA,1,100,0.000153
1659629802.825780,525767,18070,1,SA,1,100,0.000035
1659629803.155802,526089,18122,1,SA,1,100,0.000082
1659629804.021852,526934,18272,1,SA,1,100,0.000070
1659629804.353924,527258,18325,1,SA,1,100,0.000076
1659629805.750879,528621,18557,1,SA,1,100,0.000111
1659629806.281783,529139,18648,1,SA,1,100,0.000146
1659629807.547549,530374,18832,1,SA,1,100,0.000034
1659629808.080503,530894,18951,1,SA,1,100,0.000155
1659629809.143337,531931,19084,1,SA,1,100,0.000041
1659629810.009387,532776,19252,1,SA,1,100,0.000075
1659629811.338698,534073,19434,1,SA,1,100,0.000064
1659629811.606200,534334,19475,1,SA,1,100,0.000064
1659629812.270343,534982,19560,1,SA,1,100,0.000099
1659629812.672109,535374,19627,1,SA,1,100,0.000028
1659629813.269632,535957,19746,1,SA,1,100,0.000144
1659629813.603754,536283,19781,1,SA,1,100,0.000028
1659629814.667612,537321,20000,1,SA,1,100,0.000292
1659629815.469093,538103,20084,1,SA,1,100,0.000101
1659629816.334119,538947,20222,1,SA,1,100,0.000014
1659629816.996212,539593,20311,1,SA,1,100,0.000066
1659629817.333408,539922,20381,1,SA,1,100,0.000033
1659629821.124557,543621,20962,1,SA,1,100,0.000013
1659629821.989583,544465,21112,1,SA,1,100,0.000000
1659629822.322679,544790,21170,1,SA,1,100,0.000019
1659629822.792089,545248,21239,1,SA,1,100,0.000099
1659629823.058566,545508,21291,1,SA,1,100,0.000036
1659629824.189044,546611,21460,1,SA,1,100,0.000021
1659629824.654354,547065,21544,1,SA,1,100,0.000129
1659629825.053045,547454,21596,1,SA,1,100,0.000148
1659629825.321572,547716,21646,1,SA,1,100,0.000052
1659629826.251167,548623,21781,1,SA,1,100,0.000006
1659629827.447239,549790,21985,1,SA,1,100,0.000016
1659629827.779310,550114,22036,1,SA,1,100,0.000117
1659629828.181076,550506,22104,1,SA,1,100,0.000038
1659629829.446842,551741,22321,1,SA,1,100,0.000092
1659629830.374387,552646,22409,1,SA,1,100,0.000105
1659629831.641178,553882,22593,1,SA,1,100,0.000123
1659629831.841036,554077,22645,1,SA,1,100,0.000194
1659629832.304296,554529,22695,1,SA,1,100,0.000039
1659629832.770631,554984,22819,1,SA,1,100,0.000180
1659629833.702276,555893,22934,1,SA,1,100,0.000060
1659629834.035373,556218,22988,1,SA,1,100,0.000087
1659629834.301850,556478,23055,1,SA,1,100,0.000152
1659629835.302164,557454,23189,1,SA,1,100,0.000064
1659629835.632185,557776,23272,1,SA,1,100,0.000131
1659629836.032926,558167,23324,1,SA,1,100,0.000052
1659629836.696044,558814,23408,1,SA,1,100,0.000032
1659629837.295618,559399,23541,1,SA,1,100,0.000156
1659629838.162693,560245,23682,1,SA,1,100,0.000032
1659629838.560359,560633,23717,1,SA,1,100,0.000017
1659629839.758481,561802,23916,1,SA,1,100,0.000059
1659629840.023933,562061,23953,1,SA,1,100,0.000054
1659629840.226866,562259,23970,1,SA,1,100,0.000077
1659629840.425699,562453,24038,1,SA,1,100,0.000202
1659629841.690440,563687,24221,1,SA,1,100,0.000044
1659629842.223394,564207,24306,1,SA,1,100,0.000030
1659629842.423252,564402,24341,1,SA,1,100,0.000033
1659629842.821943,564791,24425,1,SA,1,100,0.000014
1659629843.286228,565244,24483,1,SA,1,100,0.000004
1659629843.821232,565766,24584,1,SA,1,100,0.000103
1659629844.417730,566348,24667,1,SA,1,100,0.000055
1659629844.618613,566544,24735,1,SA,1,100,0.000086
1659629845.883354,567778,24901,1,SA,1,100,0.000030
1659629846.150856,568039,24971,1,SA,1,100,0.000130
1659629846.546473,568425,25054,1,SA,1,100,0.000408
1659629847.613406,569466,25257,1,SA,1,100,0.000280
1659629848.540951,570371,25328,1,SA,1,100,0.000054
1659629849.211243,571025,25431,1,SA,1,100,0.000074
1659629849.541265,571347,25514,1,SA,1,100,0.000378
1659629850.142888,571934,25567,1,SA,1,100,0.000067
1659629850.342746,572129,25634,1,SA,1,100,0.000233
1659629852.402819,574139,25933,1,SA,1,100,0.000059
1659629852.870179,574595,26021,1,SA,1,100,0.000201
1659629853.402108,575114,26104,1,SA,1,100,0.000158
1659629853.801824,575504,26160,1,SA,1,100,0.000093
1659629854.268159,575959,26245,1,SA,1,100,0.000278
1659629854.733469,576413,26298,1,SA,1,100,0.000112
1659629858.327835,579920,26866,1,SA,1,100,0.000021
1659629858.990953,580567,27006,1,SA,1,100,0.000013
1659629859.323025,580891,27056,1,SA,1,100,0.000094
1659629859.660220,581220,27107,1,SA,1,100,0.000128
1659629860.056861,581607,27178,1,SA,1,100,0.000121
1659629861.388222,582906,27378,1,SA,1,100,0.000027
1659629861.589105,583102,27429,1,SA,1,100,0.000084
1659629862.385461,583879,27530,1,SA,1,100,0.000054
1659629862.853846,584336,27615,1,SA,1,100,0.000056
1659629863.051654,584529,27651,1,SA,1,100,0.000021
1659629863.585633,585050,27735,1,SA,1,100,0.000114
1659629864.249776,585698,27840,1,SA,1,100,0.000011
1659629864.982588,586413,27959,1,SA,1,100,0.000037
1659629865.182446,586608,27993,1,SA,1,100,0.000050
1659629865.715400,587128,28112,1,SA,1,100,0.000123
1659629866.913522,588297,28200,1,SA,1,100,0.000094
1659629867.976356,589334,28382,1,SA,1,100,0.000060
1659629869.641838,590959,28653,1,SA,1,100,0.000014
1659629870.041553,591349,28721,1,SA,1,100,0.000028
1659629870.840985,592129,28872,1,SA,1,100,0.000122
1659629871.305270,592582,28922,1,SA,1,100,0.000118
1659629871.574821,592845,28958,1,SA,1,100,0.000185
1659629871.903818,593166,29010,1,SA,1,100,0.000070
1659629872.104701,593362,29046,1,SA,1,100,0.000042
1659629872.438822,593688,29114,1,SA,1,100,0.000132
1659629872.837513,594077,29165,1,SA,1,100,0.000118
1659629873.106040,594339,29233,1,SA,1,100,0.000175
1659629873.439136,594664,29268,1,SA,1,100,0.000085
1659629873.703563,594922,29319,1,SA,1,100,0.000126
1659629874.102254,595311,29404,1,SA,1,100,0.000152
1659629874.768447,595961,29477,1,SA,1,100,0.000075
1659629875.034924,596221,29512,1,SA,1,100,0.000030
1659629875.965544,597129,29679,1,SA,1,100,0.000112
1659629876.565118,597714,29763,1,SA,1,100,0.000097
1659629876.963808,598103,29848,1,SA,1,100,0.000163
1659629878.362813,599468,30063,1,SA,1,100,0.000079
1659629878.691810,599789,30134,1,SA,1,100,0.000181
1659629879.092550,600180,30169,1,SA,1,100,0.000026
1659629879.294458,600377,30204,1,SA,1,100,0.000095
1659629880.157434,601219,30361,1,SA,1,100,0.000211
1659629880.689363,601738,30443,1,SA,1,100,0.000033
1659629881.152623,602190,30529,1,SA,1,100,0.000215
1659629881.621008,602647,30597,1,SA,1,100,0.000204
1659629882.286176,603296,30715,1,SA,1,100,0.000119
1659629883.683131,604659,30931,1,SA,1,100,0.000056
1659629884.283729,605245,31016,1,SA,1,100,0.000026
1659629884.682420,605634,31083,1,SA,1,100,0.000215
1659629885.080086,606022,31190,1,SA,1,100,0.000109
1659629885.545396,606476,31226,1,SA,1,100,0.000213
1659629885.946136,606867,31278,1,SA,1,100,0.000093
1659629886.544685,607451,31379,1,SA,1,100,0.000003
1659629886.942351,607839,31447,1,SA,1,100,0.000129
1659629887.672088,608551,31600,1,SA,1,100,0.000228
1659629890.139051,610958,31965,1,SA,1,100,0.000103
1659629891.002027,611800,32088,1,SA,1,100,0.000078
1659629891.737914,612518,32240,1,SA,1,100,0.000251
1659629892.335437,613101,32308,1,SA,1,100,0.000127
1659629892.736178,613492,32375,1,SA,1,100,0.000064
1659629893.132819,613879,32475,1,SA,1,100,0.000138
1659629894.002969,614728,32594,1,SA,1,100,0.000082
1659629894.730656,615438,32695,1,SA,1,100,0.000080
1659629895.396849,616088,32812,1,SA,1,100,0.000089
1659629895.997447,616674,32885,1,SA,1,100,0.000093
1659629896.197305,616869,32936,1,SA,1,100,0.000122
1659629901.588342,622129,33766,1,SA,1,100,0.000040
1659629901.855844,622390,33803,1,SA,1,100,0.000047
1659629902.052627,622582,33837,1,SA,1,100,0.000046
1659629902.253510,622778,33872,1,SA,1,100,0.000087
1659629902.519987,623038,33923,1,SA,1,100,0.000069
1659629902.917653,623426,33978,1,SA,1,100,0.000006
1659629904.315633,624790,34225,1,SA,1,100,0.000053
1659629905.912445,626348,34475,1,SA,1,100,0.000092
1659629906.178922,626608,34497,1,SA,1,100,0.000073
1659629906.643208,627061,34588,1,SA,1,100,0.000071
1659629907.110567,627517,34639,1,SA,1,100,0.000037
1659629907.376020,627776,34707,1,SA,1,100,0.000118
1659629907.709116,628101,34777,1,SA,1,100,0.000143
1659629908.771950,629138,34911,1,SA,1,100,0.000061
1659629909.107096,629465,34980,1,SA,1,100,0.000051
1659629909.374598,629726,35017,1,SA,1,100,0.000059
1659629910.173004,630505,35151,1,SA,1,100,0.000074
1659629910.837147,631153,35302,1,SA,1,100,0.000164
1659629911.501290,631801,35358,1,SA,1,100,0.000080
1659629911.702173,631997,35376,1,SA,1,100,0.000067
1659629912.568223,632842,35564,1,SA,1,100,0.000049
1659629913.163697,633423,35614,1,SA,1,100,0.000046
1659629914.295200,634527,35830,1,SA,1,100,0.000220
1659629915.295514,635503,35963,1,SA,1,100,0.000002
1659629915.696254,635894,36030,1,SA,1,100,0.000032
1659629915.962732,636154,36067,1,SA,1,100,0.000010
1659629916.160540,636347,36103,1,SA,1,100,0.000092
1659629916.424967,636605,36153,1,SA,1,100,0.000080
1659629917.093210,637257,36261,1,SA,1,100,0.000130
1659629917.623089,637774,36330,1,SA,1,100,0.000005
1659629917.891616,638036,36365,1,SA,1,100,0.000027
1659629918.488115,638618,36484,1,SA,1,100,0.000049
1659629919.087688,639203,36569,1,SA,1,100,0.000030
1659629919.355190,639464,36619,1,SA,1,100,0.000100
1659629919.621667,639724,36655,1,SA,1,100,0.000024
1659629920.286835,640373,36790,1,SA,1,100,0.000046
1659629920.884359,640956,36890,1,SA,1,100,0.000150
1659629921.284074,641346,36943,1,SA,1,100,0.000073
1659629921.817029,641866,37027,1,SA,1,100,0.000039
1659629923.148389,643165,37264,1,SA,1,100,0.000083
1659629923.812532,643813,37333,1,SA,1,100,0.000010
1659629924.081059,644075,37367,1,SA,1,100,0.000045
1659629924.745202,644723,37486,1,SA,1,100,0.000039
1659629925.013729,644985,37554,1,SA,1,100,0.000130
1659629926.676136,646607,37819,1,SA,1,100,0.000128
1659629927.075851,646997,37891,1,SA,1,100,0.000243
1659629927.738970,647644,37978,1,SA,1,100,0.000084
1659629928.539426,648425,38077,1,SA,1,100,0.000089
1659629928.739284,648620,38113,1,SA,1,100,0.000061
1659629929.138999,649010,38181,1,SA,1,100,0.000063
1659629929.604309,649464,38265,1,SA,1,100,0.000164
1659629930.337121,650179,38367,1,SA,1,100,0.000053
1659629930.864951,650694,38485,1,SA,1,100,0.000160
1659629931.400980,651217,38553,1,SA,1,100,0.000070
1659629933.666035,653427,38876,1,SA,1,100,0.000100
1659629933.865893,653622,38978,1,SA,1,100,0.000305
1659629934.929752,654660,39099,1,SA,1,100,0.000056
1659629935.328442,655049,39166,1,SA,1,100,0.000053
1659629935.594919,655309,39235,1,SA,1,100,0.000046
1659629935.995660,655700,39269,1,SA,1,100,0.000062
1659629937.060544,656739,39437,1,SA,1,100,0.000017
1659629937.722636,657385,39562,1,SA,1,100,0.000183
1659629937.990139,657646,39582,1,SA,1,100,0.000073
1659629938.590737,658232,39733,1,SA,1,100,0.000216
1659629939.391193,659013,39887,1,SA,1,100,0.000675
1659629940.590340,660183,40005,1,SA,1,100,0.000113
1659629940.786098,660374,40042,1,SA,1,100,0.000143
1659629940.984931,660568,40092,1,SA,1,100,0.000229
1659629941.452291,661024,40143,1,SA,1,100,0.000033
1659629942.050840,661608,40263,1,SA,1,100,0.000087
1659629942.517174,662063,40330,1,SA,1,100,0.000087
1659629942.782627,662322,40404,1,SA,1,100,0.000261
1659629943.180292,662710,40425,1,SA,1,100,0.000171
1659629943.581033,663101,40492,1,SA,1,100,0.000176
1659629943.847510,663361,40544,1,SA,1,100,0.000063
1659629947.376282,666804,41091,1,SA,1,100,0.000019
1659629948.372496,667776,41268,1,SA,1,100,0.000126
1659629949.701807,669073,41470,1,SA,1,100,0.000095
1659629950.169167,669529,41556,1,SA,1,100,0.000217
1659629951.365239,670696,41806,1,SA,1,100,0.000655
1659629952.032457,671347,41841,1,SA,1,100,0.000171
1659629952.365553,671672,41961,1,SA,1,100,0.000371
1659629952.965127,672257,41994,1,SA,1,100,0.000176
1659629953.363817,672646,42102,1,SA,1,100,0.000421
1659629955.359321,674593,42401,1,SA,1,100,0.000114
1659629956.155677,675370,42520,1,SA,1,100,0.000046
1659629956.555393,675760,42556,1,SA,1,100,0.000041
1659629957.089372,676281,42672,1,SA,1,100,0.000263
1659629958.154256,677320,42807,1,SA,1,100,0.000193
1659629961.880835,680956,43545,1,SA,1,100,0.000575
1659629963.077932,682124,43596,1,SA,1,100,0.000167
1659629963.744125,682774,43754,1,SA,1,100,0.000306
1659629964.271955,683289,43772,1,SA,1,100,0.000036
1659629964.944297,683945,43906,1,SA,1,100,0.000060
1659629965.474176,684462,43990,1,SA,1,100,0.000273
1659629967.403061,686344,44274,1,SA,1,100,0.000015
1659629967.599844,686536,44309,1,SA,1,100,0.000018
1659629967.802776,686734,44378,1,SA,1,100,0.000164
1659629968.403375,687320,44462,1,SA,1,100,0.000140
1659629968.866635,687772,44530,1,SA,1,100,0.000090
1659629969.200756,688098,44588,1,SA,1,100,0.000082
1659629969.933568,688813,44690,1,SA,1,100,0.000027
1659629975.259011,694009,45509,1,SA,1,100,0.000016
1659629975.458868,694204,45545,1,SA,1,100,0.000037
1659629976.792279,695505,45747,1,SA,1,100,0.000010
1659629976.992137,695700,45815,1,SA,1,100,0.000277
1659629978.057020,696739,45966,1,SA,1,100,0.000064
1659629978.587924,697257,46048,1,SA,1,100,0.000069
1659629978.787782,697452,46085,1,SA,1,100,0.000096
1659629979.387356,698037,46200,1,SA,1,100,0.000041
1659629980.519883,699142,46408,1,SA,1,100,0.000169
1659629981.784625,700376,46592,1,SA,1,100,0.000165
1659629982.850533,701416,46711,1,SA,1,100,0.000051
1659629983.182605,701740,46812,1,SA,1,100,0.000155
1659629983.714534,702259,46895,1,SA,1,100,0.000248
1659629986.176372,704661,47282,1,SA,1,100,0.000101
1659629986.775946,705246,47335,1,SA,1,100,0.000103
1659629987.108017,705570,47419,1,SA,1,100,0.000083
1659629987.442138,705896,47436,1,SA,1,100,0.000129
1659629987.637897,706087,47471,1,SA,1,100,0.000058
1659629988.307164,706740,47588,1,SA,1,100,0.000025
1659629988.503947,706932,47624,1,SA,1,100,0.000030
1659629988.904688,707323,47709,1,SA,1,100,0.000051
1659629989.836333,708232,47826,1,SA,1,100,0.000058
1659629990.037215,708428,47878,1,SA,1,100,0.000163
1659629990.570170,708948,48034,1,SA,1,100,0.000254
1659629992.031694,710374,48201,1,SA,1,100,0.000104
1659629993.631582,711935,48435,1,SA,1,100,0.000042
1659629993.896009,712193,48485,1,SA,1,100,0.000137
1659629994.161461,712452,48519,1,SA,1,100,0.000075
1659629996.024751,714270,48824,1,SA,1,100,0.000043
1659629996.490061,714724,48877,1,SA,1,100,0.000009
1659629997.554944,715763,49058,1,SA,1,100,0.000023
1659629999.153807,717323,49325,1,SA,1,100,0.000046
1659629999.815900,717969,49425,1,SA,1,100,0.000026
1659630000.151046,718296,49478,1,SA,1,100,0.000077
1659630000.548712,718684,49563,1,SA,1,100,0.000102
1659630001.347118,719463,49652,1,SA,1,100,0.000011
1659630001.678165,719786,49736,1,SA,1,100,0.000069
1659630002.479646,720568,49870,1,SA,1,100,0.000088
1659630003.008501,721084,49923,1,SA,1,100,0.000036
1659630004.078509,722128,50121,1,SA,1,100,0.000135
1659630006.139606,724139,50442,1,SA,1,100,0.000098
1659630006.671536,724658,50511,1,SA,1,100,0.000068
1659630007.533487,725499,50643,1,SA,1,100,0.000047
1659630007.736419,725697,50678,1,SA,1,100,0.000038
1659630008.004946,725959,50779,1,SA,1,100,0.000209
1659630008.534826,726476,50831,1,SA,1,100,0.000084
1659630009.799567,727710,51014,1,SA,1,100,0.000042
1659630010.796806,728683,51165,1,SA,1,100,0.000011
1659630010.995639,728877,51232,1,SA,1,100,0.000177
1659630011.396380,729268,51273,1,SA,1,100,0.000034
1659630012.061548,729917,51375,1,SA,1,100,0.000065
1659630012.329050,730178,51409,1,SA,1,100,0.000012
1659630013.260695,731087,51576,1,SA,1,100,0.000021
1659630013.526147,731346,51629,1,SA,1,100,0.000157
1659630013.992482,731801,51680,1,SA,1,100,0.000085
1659630015.724583,733491,51978,1,SA,1,100,0.000097
1659630015.990035,733750,52045,1,SA,1,100,0.000065
1659630016.855061,734594,52135,1,SA,1,100,0.000004
1659630017.054919,734789,52186,1,SA,1,100,0.000103
1659630018.184371,735891,52370,1,SA,1,100,0.000034
1659630018.517468,736216,52438,1,SA,1,100,0.000184
1659630019.052472,736738,52505,1,SA,1,100,0.000092
1659630019.316899,736996,52539,1,SA,1,100,0.000031
1659630020.914737,738555,52838,1,SA,1,100,0.000053
1659630021.447691,739075,52907,1,SA,1,100,0.000111
1659630022.046240,739659,52981,1,SA,1,100,0.000039
1659630022.912290,740504,53097,1,SA,1,100,0.000008
1659630023.112148,740699,53182,1,SA,1,100,0.000113
1659630023.912604,741480,53266,1,SA,1,100,0.000051
1659630024.309245,741867,53351,1,SA,1,100,0.000039
1659630024.644391,742194,53402,1,SA,1,100,0.000065
1659630025.106627,742645,53469,1,SA,1,100,0.000152
1659630025.440748,742971,53505,1,SA,1,100,0.000045
1659630026.176635,743689,53622,1,SA,1,100,0.000033
1659630026.372393,743880,53691,1,SA,1,100,0.000128
1659630027.306087,744791,53849,1,SA,1,100,0.000111
1659630027.974330,745443,53931,1,SA,1,100,0.000030
1659630028.636423,746089,54017,1,SA,1,100,0.000053
1659630029.569093,746999,54167,1,SA,1,100,0.000051
1659630029.836595,747260,54219,1,SA,1,100,0.000073
1659630030.767215,748168,54369,1,SA,1,100,0.000023
1659630031.031642,748426,54403,1,SA,1,100,0.000025
1659630031.763429,749140,54570,1,SA,1,100,0.000076
1659630032.696099,750050,54663,1,SA,1,100,0.000063
1659630033.028171,750374,54730,1,SA,1,100,0.000029
1659630033.897296,751222,54864,1,SA,1,100,0.000022
1659630035.225582,752518,55096,1,SA,1,100,0.000147
1659630035.558678,752843,55132,1,SA,1,100,0.000054
1659630035.891775,753168,55183,1,SA,1,100,0.000053
1659630036.157227,753427,55250,1,SA,1,100,0.000158
1659630037.819634,755049,55520,1,SA,1,100,0.000233
1659630038.885542,756089,55653,1,SA,1,100,0.000029
1659630039.418497,756609,55738,1,SA,1,100,0.000057
1659630040.350142,757518,55905,1,SA,1,100,0.000050
1659630040.615594,757777,55942,1,SA,1,100,0.000054
1659630041.748121,758882,56107,1,SA,1,100,0.000047
1659630041.944904,759074,56175,1,SA,1,100,0.000067
1659630042.280051,759401,56210,1,SA,1,100,0.000077
1659630042.481958,759598,56245,1,SA,1,100,0.000075
1659630043.010813,760114,56386,1,SA,1,100,0.000155
1659630044.275554,761348,56536,1,SA,1,100,0.000066
1659630044.675270,761738,56588,1,SA,1,100,0.000060
1659630045.074985,762128,56655,1,SA,1,100,0.000042
1659630046.008680,763039,56838,1,SA,1,100,0.000058
1659630046.607229,763623,56890,1,SA,1,100,0.000025
1659630046.940325,763948,56958,1,SA,1,100,0.000147
1659630047.205777,764207,57008,1,SA,1,100,0.000140
1659630047.672112,764662,57077,1,SA,1,100,0.000047
1659630048.138447,765117,57180,1,SA,1,100,0.000114
1659630048.600682,765568,57215,1,SA,1,100,0.000094
1659630049.999687,766933,57464,1,SA,1,100,0.000055
1659630050.402478,767326,57533,1,SA,1,100,0.000065
1659630051.063546,767971,57616,1,SA,1,100,0.000068
1659630051.332073,768233,57667,1,SA,1,100,0.000062
1659630052.594764,769465,57851,1,SA,1,100,0.000026
1659630053.527434,770375,58024,1,SA,1,100,0.000094
1659630053.856431,770696,58108,1,SA,1,100,0.000386
1659630054.391435,771218,58160,1,SA,1,100,0.000191
1659630055.788390,772581,58409,1,SA,1,100,0.000209
1659630056.251650,773033,58445,1,SA,1,100,0.000013
1659630056.585771,773359,58496,1,SA,1,100,0.000046
1659630056.786654,773555,58549,1,SA,1,100,0.000113
1659630058.450086,775178,58813,1,SA,1,100,0.000005
1659630058.717588,775439,58871,1,SA,1,100,0.000172
1659630059.182898,775893,58905,1,SA,1,100,0.000013
1659630059.647183,776346,59006,1,SA,1,100,0.000118
1659630060.646472,777321,59191,1,SA,1,100,0.000182
1659630061.112807,777776,59224,1,SA,1,100,0.000085
1659630061.643711,778294,59309,1,SA,1,100,0.000004
1659630061.839470,778485,59362,1,SA,1,100,0.000113
1659630063.174930,779788,59577,1,SA,1,100,0.000115
1659630064.369977,780954,59768,1,SA,1,100,0.000101
1659630065.370291,781930,59900,1,SA,1,100,0.000078
1659630065.636768,782190,59937,1,SA,1,100,0.000064
1659630065.903245,782450,59971,1,SA,1,100,0.000023
1659630066.434150,782968,60106,1,SA,1,100,0.000101
1659630068.366109,784853,60370,1,SA,1,100,0.000053
1659630068.563917,785046,60407,1,SA,1,100,0.000085
1659630069.299803,785764,60528,1,SA,1,100,0.000046
1659630070.429256,786866,60696,1,SA,1,100,0.000083
1659630070.760303,787189,60747,1,SA,1,100,0.000087
1659630071.025755,787448,60783,1,SA,1,100,0.000026
1659630071.226638,787644,60819,1,SA,1,100,0.000078
1659630071.427521,787840,60872,1,SA,1,100,0.000129
1659630071.889756,788291,60971,1,SA,1,100,0.000154
1659630072.624618,789008,61056,1,SA,1,100,0.000113
1659630072.953614,789329,61092,1,SA,1,100,0.000075
1659630073.421999,789786,61193,1,SA,1,100,0.000138
1659630074.351594,790693,61328,1,SA,1,100,0.000003
1659630074.952193,791279,61436,1,SA,1,100,0.000156
1659630075.615311,791926,61539,1,SA,1,100,0.000168
1659630076.150315,792448,61640,1,SA,1,100,0.000250
1659630076.615625,792902,61675,1,SA,1,100,0.000114
1659630076.817532,793099,61728,1,SA,1,100,0.000262
1659630077.082984,793358,61795,1,SA,1,100,0.000162
1659630078.544509,794784,61997,1,SA,1,100,0.000030
1659630078.744367,794979,62032,1,SA,1,100,0.000059
1659630079.144082,795369,62100,1,SA,1,100,0.000104
1659630079.411584,795630,62149,1,SA,1,100,0.000363
1659630079.943514,796149,62244,1,SA,1,100,0.000162
1659630080.409849,796604,62344,1,SA,1,100,0.000136
1659630080.875159,797058,62380,1,SA,1,100,0.000081
1659630081.077066,797255,62415,1,SA,1,100,0.000066
1659630081.274874,797448,62449,1,SA,1,100,0.000154
1659630081.474732,797643,62485,1,SA,1,100,0.000098
1659630081.676640,797840,62502,1,SA,1,100,0.000049
1659630081.873423,798032,62571,1,SA,1,100,0.000273
1659630082.276213,798425,62605,1,SA,1,100,0.000117
1659630084.804671,800892,63007,1,SA,1,100,0.000204
1659630085.004529,801087,63080,1,SA,1,100,0.000212
1659630086.533697,802579,63281,1,SA,1,100,0.000023
1659630086.997983,803032,63368,1,SA,1,100,0.000040
1659630087.330054,803356,63488,1,SA,1,100,0.000209
1659630087.932702,803944,63605,1,SA,1,100,0.000504
1659630089.595109,805566,63806,1,SA,1,100,0.000223
1659630090.460135,806410,63915,1,SA,1,100,0.000098
1659630090.726612,806670,63950,1,SA,1,100,0.000030
1659630091.857090,807773,64150,1,SA,1,100,0.000071
1659630093.988907,809853,64484,1,SA,1,100,0.000145
1659630094.319953,810176,64570,1,SA,1,100,0.000225
1659630094.723768,810570,64639,1,SA,1,100,0.000323
1659630095.521150,811348,64744,1,SA,1,100,0.000282
1659630095.986460,811802,64794,1,SA,1,100,0.000110
1659630097.917394,813686,65095,1,SA,1,100,0.000099
1659630098.248441,814009,65181,1,SA,1,100,0.000096
1659630098.714775,814464,65266,1,SA,1,100,0.000244
1659630099.848328,815570,65434,1,SA,1,100,0.000108
1659630100.444827,816152,65522,1,SA,1,100,0.000247
1659630101.044400,816737,73,1,SA,1,100,0.000333
1659630101.312927,816999,109,1,SA,1,100,0.000139
1659630106.839252,822391,1031,1,SA,1,100,0.000032
1659630107.301487,822842,1098,1,SA,1,100,0.000101
1659630107.834442,823362,1183,1,SA,1,100,0.000034
1659630108.234157,823752,1252,1,SA,1,100,0.000038
1659630108.499609,824011,1304,1,SA,1,100,0.000120
1659630108.901375,824403,1423,1,SA,1,100,0.000258
1659630110.166116,825637,1574,1,SA,1,100,0.000103
1659630110.628351,826088,1642,1,SA,1,100,0.000079
1659630111.364238,826806,1768,1,SA,1,100,0.000163
1659630111.694260,827128,1835,1,SA,1,100,0.000198
1659630112.092951,827517,1868,1,SA,1,100,0.000070
1659630113.092240,828492,2019,1,SA,1,100,0.000007
1659630113.294147,828689,2055,1,SA,1,100,0.000042
1659630114.156098,829530,2237,1,SA,1,100,0.000256
1659630116.218221,831542,2574,1,SA,1,100,0.000070
1659630116.817795,832127,2647,1,SA,1,100,0.000240
1659630117.415318,832710,2732,1,SA,1,100,0.000116
1659630117.683845,832972,2767,1,SA,1,100,0.000017
1659630118.880942,834140,2982,1,SA,1,100,0.000029
1659630119.149469,834402,3002,1,SA,1,100,0.000037
1659630120.214353,835441,3184,1,SA,1,100,0.000011
1659630120.811876,836024,3302,1,SA,1,100,0.000075
1659630121.280261,836481,3369,1,SA,1,100,0.000071
1659630121.608233,836801,3406,1,SA,1,100,0.000017
1659630121.809116,836997,3445,1,SA,1,100,0.000084
1659630122.343095,837518,3512,1,SA,1,100,0.000014
1659630122.677216,837844,3581,1,SA,1,100,0.000106
1659630124.274029,839402,3830,1,SA,1,100,0.000083
1659630124.473887,839597,3849,1,SA,1,100,0.000102
1659630124.739339,839856,3917,1,SA,1,100,0.000041
1659630125.138030,840245,3984,1,SA,1,100,0.000038
1659630125.668934,840763,4069,1,SA,1,100,0.000043
1659630126.402771,841479,4203,1,SA,1,100,0.000228
1659630129.331969,844337,4653,1,SA,1,100,0.000067
1659630129.595371,844594,4690,1,SA,1,100,0.000009
1659630130.860113,845828,4906,1,SA,1,100,0.000017
1659630131.727188,846674,5056,1,SA,1,100,0.000120
1659630132.192498,847128,5129,1,SA,1,100,0.000060
1659630134.387860,849270,5481,1,SA,1,100,0.000088
1659630134.720956,849595,5516,1,SA,1,100,0.000057
1659630135.186266,850049,5568,1,SA,1,100,0.000057
1659630136.317769,851153,5786,1,SA,1,100,0.000022
1659630136.650865,851478,5837,1,SA,1,100,0.000185
1659630137.712674,852514,6009,1,SA,1,100,0.000024
1659630139.245942,854010,6241,1,SA,1,100,0.000108
1659630140.705417,855434,6457,1,SA,1,100,0.000039
1659630141.107182,855826,6525,1,SA,1,100,0.000018
1659630141.573517,856281,6626,1,SA,1,100,0.000108
1659630143.370188,858034,6897,1,SA,1,100,0.000057
1659630143.901092,858552,6981,1,SA,1,100,0.000078
1659630144.768167,859398,7115,1,SA,1,100,0.000044
1659630145.829976,860434,7282,1,SA,1,100,0.000009
1659630146.962504,861539,7465,1,SA,1,100,0.000039
1659630147.827529,862383,7630,1,SA,1,100,0.000123
1659630148.227245,862773,7657,1,SA,1,100,0.000047
1659630148.558292,863096,7727,1,SA,1,100,0.000088
1659630148.894463,863424,7843,1,SA,1,100,0.000328
1659630149.758464,864267,7913,1,SA,1,100,0.000090
1659630151.619704,866083,8227,1,SA,1,100,0.000002
1659630152.418110,866862,8362,1,SA,1,100,0.000230
1659630153.084303,867512,8445,1,SA,1,100,0.000088
1659630153.284161,867707,8479,1,SA,1,100,0.000095
1659630154.482283,868876,8703,1,SA,1,100,0.000114
1659630155.412903,869784,8820,1,SA,1,100,0.000026
1659630156.410142,870757,9036,1,SA,1,100,0.000294
1659630157.276192,871602,9119,1,SA,1,100,0.000086
1659630159.401860,873676,9458,1,SA,1,100,0.000147
1659630160.137747,874394,9574,1,SA,1,100,0.000024
1659630160.535412,874782,9643,1,SA,1,100,0.000018
1659630162.398702,876600,9974,1,SA,1,100,0.000095
1659630163.130489,877314,10058,1,SA,1,100,0.000059
1659630163.994490,878157,10214,1,SA,1,100,0.000076
1659630165.194662,879328,10413,1,SA,1,100,0.000131
1659630165.795260,879914,10514,1,SA,1,100,0.000093
1659630167.454593,881533,10764,1,SA,1,100,0.000167
1659630167.722095,881794,10799,1,SA,1,100,0.000006
1659630170.714838,884714,11271,1,SA,1,100,0.000010
1659630171.114553,885104,11322,1,SA,1,100,0.000037
1659630172.248106,886210,11572,1,SA,1,100,0.000477
1659630172.910199,886856,11605,1,SA,1,100,0.000042
1659630173.112107,887053,11641,1,SA,1,100,0.000094
1659630173.445203,887378,11693,1,SA,1,100,0.000076
1659630173.974057,887894,11776,1,SA,1,100,0.000035
1659630174.309204,888221,11899,1,SA,1,100,0.000720
1659630175.508351,889391,12050,1,SA,1,100,0.000610
1659630176.439996,890300,12201,1,SA,1,100,0.000135
1659630177.903570,891728,12416,1,SA,1,100,0.000131
1659630178.165947,891984,12469,1,SA,1,100,0.000236
1659630179.965693,893740,12758,1,SA,1,100,0.000121
1659630180.363358,894128,12859,1,SA,1,100,0.000215
1659630182.625339,896335,13177,1,SA,1,100,0.000255
1659630183.357126,897049,13296,1,SA,1,100,0.000032
1659630183.955675,897633,13398,1,SA,1,100,0.000119
1659630185.088202,898738,13573,1,SA,1,100,0.000062
1659630189.413331,902958,14272,1,SA,1,100,0.000112
1659630191.011168,904517,14527,1,SA,1,100,0.000038
1659630192.939028,906398,14827,1,SA,1,100,0.000045
1659630193.605220,907048,14963,1,SA,1,100,0.000095
1659630194.339057,907764,15065,1,SA,1,100,0.000006
1659630194.735698,908151,15115,1,SA,1,100,0.000075
1659630195.932795,909319,15320,1,SA,1,100,0.000065
1659630196.333536,909710,15391,1,SA,1,100,0.000016
1659630196.533394,909905,15442,1,SA,1,100,0.000144
1659630196.865465,910229,15525,1,SA,1,100,0.000282
1659630197.729466,911072,15611,1,SA,1,100,0.000056
1659630199.129495,912438,15843,1,SA,1,100,0.000017
1659630200.126735,913411,16010,1,SA,1,100,0.000057
1659630200.925141,914190,16149,1,SA,1,100,0.000004
1659630201.522665,914773,16233,1,SA,1,100,0.000008
1659630201.923405,915164,16318,1,SA,1,100,0.000068
1659630202.922694,916139,16468,1,SA,1,100,0.000042
1659630203.254766,916463,16501,1,SA,1,100,0.000086
1659630203.456674,916660,16555,1,SA,1,100,0.000138
1659630204.584077,917760,16722,1,SA,1,100,0.000064
1659630206.981346,920099,17093,1,SA,1,100,0.000111
1659630207.515325,920620,17178,1,SA,1,100,0.000017
1659630207.782827,920881,17279,1,SA,1,100,0.000172
1659630208.378301,921462,17314,1,SA,1,100,0.000128
1659630211.104566,924122,17769,1,SA,1,100,0.000103
1659630211.506332,924514,17802,1,SA,1,100,0.000008
1659630212.370332,925357,17969,1,SA,1,100,0.000062
1659630213.970220,926918,18218,1,SA,1,100,0.000123
1659630214.437580,927374,18286,1,SA,1,100,0.000080
1659630215.434819,928347,18471,1,SA,1,100,0.000271
1659630216.630891,929514,18627,1,SA,1,100,0.000053
1659630217.095176,929967,18696,1,SA,1,100,0.000017
1659630217.631205,930490,18780,1,SA,1,100,0.000000
1659630219.827592,932633,19160,1,SA,1,100,0.000096
1659630221.025714,933802,19344,1,SA,1,100,0.000071
1659630221.356760,934125,19381,1,SA,1,100,0.000025
1659630221.557643,934321,19419,1,SA,1,100,0.000077
1659630221.755451,934514,19455,1,SA,1,100,0.000152
1659630222.224861,934972,19524,1,SA,1,100,0.000144
1659630224.621105,937310,19921,1,SA,1,100,0.000167
1659630227.548253,940166,20356,1,SA,1,100,0.000091
1659630228.279015,940879,20506,1,SA,1,100,0.000083
1659630228.681806,941272,20575,1,SA,1,100,0.000158
1659630230.944811,943480,20923,1,SA,1,100,0.000148
1659630231.810862,944325,21056,1,SA,1,100,0.000098
1659630232.344841,944846,21130,1,SA,1,100,0.000083
1659630233.277511,945756,21279,1,SA,1,100,0.000019
1659630234.472558,946922,21479,1,SA,1,100,0.000024
1659630236.201584,948609,21778,1,SA,1,100,0.000204
1659630237.401756,949780,21999,1,SA,1,100,0.000178
1659630240.066527,952380,22415,1,SA,1,100,0.000161
1659630240.595382,952896,22432,1,SA,1,100,0.000054
1659630244.720652,956921,23099,1,SA,1,100,0.000013
1659630245.324325,957510,23185,1,SA,1,100,0.000043
1659630245.786561,957961,23285,1,SA,1,100,0.000066
1659630247.919402,960042,23621,1,SA,1,100,0.000090
1659630248.450307,960560,23706,1,SA,1,100,0.000137
1659630249.450621,961536,23856,1,SA,1,100,0.000037
1659630251.312886,963353,24140,1,SA,1,100,0.000007
1659630251.512743,963548,24191,1,SA,1,100,0.000008
1659630251.912459,963938,24274,1,SA,1,100,0.000144
1659630252.844104,964847,24408,1,SA,1,100,0.000021
1659630254.771963,966728,24713,1,SA,1,100,0.000013
1659630255.504776,967443,24847,1,SA,1,100,0.000040
1659630256.638328,968549,24965,1,SA,1,100,0.000075
1659630256.971424,968874,25001,1,SA,1,100,0.000113
1659630258.367354,970236,25240,1,SA,1,100,0.000190
1659630259.633121,971471,25424,1,SA,1,100,0.000023
1659630262.893365,974652,25936,1,SA,1,100,0.000179
1659630263.758391,975496,26060,1,SA,1,100,0.000040
1659630263.958249,975691,26094,1,SA,1,100,0.000114
1659630264.159132,975887,26147,1,SA,1,100,0.000053
1659630265.089752,976795,26280,1,SA,1,100,0.000035
1659630265.556087,977250,26349,1,SA,1,100,0.000047
1659630268.352046,979978,26812,1,SA,1,100,0.000071
1659630269.218097,980823,26967,1,SA,1,100,0.000031
1659630269.550168,981147,27002,1,SA,1,100,0.000099
1659630270.411094,981987,27168,1,SA,1,100,0.000017
1659630270.947123,982510,27235,1,SA,1,100,0.000164
1659630271.744505,983288,27354,1,SA,1,100,0.000104
1659630272.275409,983806,27439,1,SA,1,100,0.000033
1659630273.008221,984521,27555,1,SA,1,100,0.000136
1659630273.738983,985234,27673,1,SA,1,100,0.000043
1659630276.336110,987768,28094,1,SA,1,100,0.000088
1659630277.265705,988675,28242,1,SA,1,100,0.000147
1659630278.798974,990171,28492,1,SA,1,100,0.000227
1659630279.529736,990884,28580,1,SA,1,100,0.000057
1659630280.794477,992118,28812,1,SA,1,100,0.000115
1659630281.591858,992896,28898,1,SA,1,100,0.000015
1659630281.927005,993223,28967,1,SA,1,100,0.000002
1659630284.524132,995757,29386,1,SA,1,100,0.000044
1659630285.054011,996274,29473,1,SA,1,100,0.000126
1659630285.520346,996729,29524,1,SA,1,100,0.000059
1659630288.648377,999781,30052,1,SA,1,100,0.000105
1659630289.513403,1000625,30170,1,SA,1,100,0.000012
1659630289.913118,1001015,30258,1,SA,1,100,0.000110
1659630290.245190,1001339,30297,1,SA,1,100,0.000239
1659630292.306288,1003350,30645,1,SA,1,100,0.000229
1659630293.971770,1004975,30911,1,SA,1,100,0.000102
1659630294.702532,1005688,31015,1,SA,1,100,0.000084
1659630296.098462,1007050,31237,1,SA,1,100,0.000091
1659630296.698035,1007635,31370,1,SA,1,100,0.000117
1659630297.497467,1008415,31488,1,SA,1,100,0.000016
1659630301.022139,1011854,32028,1,SA,1,100,0.000112
1659630301.289641,1012115,32045,1,SA,1,100,0.000054
1659630301.689356,1012505,32113,1,SA,1,100,0.000038
1659630302.223335,1013026,32198,1,SA,1,100,0.000014
1659630303.087336,1013869,32348,1,SA,1,100,0.000067
1659630303.289244,1014066,32434,1,SA,1,100,0.000165
1659630303.817073,1014581,32470,1,SA,1,100,0.000112
1659630304.151195,1014907,32538,1,SA,1,100,0.000047
1659630304.418697,1015168,32588,1,SA,1,100,0.000095
1659630304.815338,1015555,32641,1,SA,1,100,0.000153
1659630305.081815,1015815,32676,1,SA,1,100,0.000035
1659630305.815652,1016531,32800,1,SA,1,100,0.000140
1659630306.080079,1016789,32835,1,SA,1,100,0.000045
1659630307.679966,1018350,33084,1,SA,1,100,0.000088
1659630308.008963,1018671,33152,1,SA,1,100,0.000127
1659630310.074161,1020686,33501,1,SA,1,100,0.000239
1659630310.469777,1021072,33554,1,SA,1,100,0.000154
1659630310.736254,1021332,33612,1,SA,1,100,0.000193
1659630311.535685,1022112,33714,1,SA,1,100,0.000179
1659630312.069664,1022633,33783,1,SA,1,100,0.000028
1659630312.336141,1022893,33833,1,SA,1,100,0.000330
1659630312.600569,1023151,33869,1,SA,1,100,0.000108
1659630314.333694,1024842,34150,1,SA,1,100,0.000131
1659630314.594022,1025096,34203,1,SA,1,100,0.000239
1659630315.262265,1025748,34319,1,SA,1,100,0.000149
1659630318.054125,1028472,34743,1,SA,1,100,0.000101
1659630318.390296,1028800,34796,1,SA,1,100,0.000176
1659630318.654723,1029058,34829,1,SA,1,100,0.000091
1659630318.857656,1029256,34865,1,SA,1,100,0.000063
1659630319.255322,1029644,34935,1,SA,1,100,0.000200
1659630319.586368,1029967,35002,1,SA,1,100,0.000064
1659630320.054753,1030424,35071,1,SA,1,100,0.000183
1659630322.313659,1032628,35440,1,SA,1,100,0.000052
1659630322.848663,1033150,35493,1,SA,1,100,0.000019
1659630323.182784,1033476,35544,1,SA,1,100,0.000011
1659630323.379567,1033668,35611,1,SA,1,100,0.000217
1659630323.913546,1034189,35697,1,SA,1,100,0.000095
1659630324.980479,1035230,35880,1,SA,1,100,0.000081
1659630325.381220,1035621,35897,1,SA,1,100,0.000094
1659630325.710217,1035942,35966,1,SA,1,100,0.000039
1659630325.911099,1036138,36016,1,SA,1,100,0.000079
1659630326.843769,1037048,36157,1,SA,1,100,0.000074
1659630327.173791,1037370,36192,1,SA,1,100,0.000017
1659630327.904553,1038083,36310,1,SA,1,100,0.000041
1659630328.105436,1038279,36361,1,SA,1,100,0.000147
1659630328.372938,1038540,36380,1,SA,1,100,0.000050
1659630329.504441,1039644,36595,1,SA,1,100,0.000174
1659630330.768157,1040877,36780,1,SA,1,100,0.000116
1659630332.564828,1042630,37068,1,SA,1,100,0.000021
1659630334.230309,1044255,37334,1,SA,1,100,0.000057
1659630334.562381,1044579,37351,1,SA,1,100,0.000220
1659630335.027691,1045033,37435,1,SA,1,100,0.000050
1659630335.559620,1045552,37537,1,SA,1,100,0.000057
1659630335.825073,1045811,37573,1,SA,1,100,0.000120
1659630337.423935,1047371,37811,1,SA,1,100,0.000086
1659630338.223366,1048151,37945,1,SA,1,100,0.000017
1659630339.688990,1049581,38193,1,SA,1,100,0.000155
1659630340.620635,1050490,38311,1,SA,1,100,0.000083
1659630342.750402,1052568,38633,1,SA,1,100,0.000123
1659630343.085548,1052895,38701,1,SA,1,100,0.000020
1659630343.747642,1053541,38802,1,SA,1,100,0.000017
1659630345.346504,1055101,39067,1,SA,1,100,0.000176
1659630345.809764,1055553,39136,1,SA,1,100,0.000076
1659630346.077266,1055814,39188,1,SA,1,100,0.000222
1659630348.672343,1058346,39592,1,SA,1,100,0.000105
1659630349.336486,1058994,39725,1,SA,1,100,0.000122
1659630349.805896,1059452,39761,1,SA,1,100,0.000138
1659630350.401370,1060033,39861,1,SA,1,100,0.000034
1659630350.869755,1060490,39929,1,SA,1,100,0.000030
1659630351.934638,1061529,40097,1,SA,1,100,0.000108
1659630352.264660,1061851,40149,1,SA,1,100,0.000021
1659630354.131024,1063672,40438,1,SA,1,100,0.000059
1659630354.463096,1063996,40489,1,SA,1,100,0.000114
1659630356.662557,1066142,40890,1,SA,1,100,0.000185
1659630358.457177,1067893,41094,1,SA,1,100,0.000107
1659630359.057776,1068479,41196,1,SA,1,100,0.000077
1659630359.389847,1068803,41247,1,SA,1,100,0.000067
1659630359.590730,1068999,41282,1,SA,1,100,0.000098
1659630359.790588,1069194,41317,1,SA,1,100,0.000144
1659630361.185493,1070555,41534,1,SA,1,100,0.000045
1659630361.986974,1071337,41685,1,SA,1,100,0.000324
1659630363.050833,1072375,41771,1,SA,1,100,0.000134
1659630364.253054,1073548,41961,1,SA,1,100,0.000068
1659630364.517482,1073806,41997,1,SA,1,100,0.000062
1659630364.781909,1074064,42032,1,SA,1,100,0.000043
1659630367.179178,1076403,42446,1,SA,1,100,0.000141
1659630367.513299,1076729,42465,1,SA,1,100,0.000092
1659630367.845371,1077053,42567,1,SA,1,100,0.000172
1659630369.242326,1078416,42756,1,SA,1,100,0.000056
1659630370.973402,1080105,43024,1,SA,1,100,0.000071
1659630371.505331,1080624,43107,1,SA,1,100,0.000106
1659630371.771808,1080884,43142,1,SA,1,100,0.000059
1659630373.237432,1082314,43391,1,SA,1,100,0.000047
1659630373.634073,1082701,43459,1,SA,1,100,0.000058
1659630376.697535,1085690,43929,1,SA,1,100,0.000143
1659630377.098275,1086081,44013,1,SA,1,100,0.000138
1659630379.160398,1088093,44319,1,SA,1,100,0.000163
1659630379.760997,1088679,44404,1,SA,1,100,0.000094
1659630381.024713,1089912,44606,1,SA,1,100,0.000045
1659630381.625311,1090498,44704,1,SA,1,100,0.000027
1659630381.957383,1090822,44806,1,SA,1,100,0.000321
1659630383.686409,1092509,45040,1,SA,1,100,0.000159
1659630386.417799,1095174,45474,1,SA,1,100,0.000135
1659630386.749871,1095498,45527,1,SA,1,100,0.000187
1659630387.215181,1095952,45612,1,SA,1,100,0.000093
1659630388.876563,1097573,45862,1,SA,1,100,0.000145
1659630389.942472,1098613,46052,1,SA,1,100,0.000246
1659630392.073263,1100692,46367,1,SA,1,100,0.000345
1659630392.536524,1101144,46434,1,SA,1,100,0.000078
1659630394.071842,1102642,46668,1,SA,1,100,0.000059
1659630397.263417,1105756,47205,1,SA,1,100,0.000474
1659630398.593753,1107054,47389,1,SA,1,100,0.000027
1659630402.386952,1110755,47957,1,SA,1,100,0.000022
1659630402.721073,1111081,48009,1,SA,1,100,0.000009
1659630404.051409,1112379,48242,1,SA,1,100,0.000049
1659630404.384505,1112704,48276,1,SA,1,100,0.000051
1659630404.717602,1113029,48329,1,SA,1,100,0.000029
1659630404.984079,1113289,48380,1,SA,1,100,0.000051
1659630405.181887,1113482,48420,1,SA,1,100,0.000075
1659630406.846344,1115106,48668,1,SA,1,100,0.000112
1659630407.843583,1116079,48836,1,SA,1,100,0.000103
1659630408.843897,1117055,48986,1,SA,1,100,0.000023
1659630410.637493,1118805,49257,1,SA,1,100,0.000046
1659630411.100753,1119257,49326,1,SA,1,100,0.000020
1659630413.168000,1121274,49674,1,SA,1,100,0.000147
1659630413.564641,1121661,49709,1,SA,1,100,0.000039
1659630413.899787,1121988,49777,1,SA,1,100,0.000099
1659630414.300528,1122379,49845,1,SA,1,100,0.000054
1659630414.698194,1122767,49897,1,SA,1,100,0.000066
1659630414.897027,1122961,49949,1,SA,1,100,0.000057
1659630415.164529,1123222,49984,1,SA,1,100,0.000037
1659630419.156561,1127117,50602,1,SA,1,100,0.000079
1659630419.490682,1127443,50669,1,SA,1,100,0.000181
1659630420.021586,1127961,50739,1,SA,1,100,0.000012
1659630421.882827,1129777,51013,1,SA,1,100,0.000013
1659630422.082684,1129972,51082,1,SA,1,100,0.000291
1659630423.681547,1131532,51314,1,SA,1,100,0.000170
1659630424.612167,1132440,51464,1,SA,1,100,0.000052
1659630424.946288,1132766,51501,1,SA,1,100,0.000107
1659630427.273863,1135037,51872,1,SA,1,100,0.000037
1659630427.672554,1135426,51954,1,SA,1,100,0.000090
1659630428.003600,1135749,51991,1,SA,1,100,0.000098
1659630430.198962,1137891,52338,1,SA,1,100,0.000030
1659630431.132657,1138802,52505,1,SA,1,100,0.000015
1659630432.663875,1140296,52763,1,SA,1,100,0.000093
1659630433.593470,1141203,52879,1,SA,1,100,0.000019
1659630435.190283,1142761,53160,1,SA,1,100,0.000103
1659630436.986953,1144514,53418,1,SA,1,100,0.000349
1659630437.716691,1145226,53519,1,SA,1,100,0.000088
1659630438.320364,1145815,53621,1,SA,1,100,0.000161
1659630440.178529,1147628,53920,1,SA,1,100,0.000089
1659630440.580295,1148020,53971,1,SA,1,100,0.000040
1659630444.042447,1151398,54506,1,SA,1,100,0.000009
1659630445.837068,1153149,54838,1,SA,1,100,0.000162
1659630447.101809,1154383,55009,1,SA,1,100,0.000038
1659630447.631689,1154900,55079,1,SA,1,100,0.000058
1659630449.430409,1156655,55392,1,SA,1,100,0.000101
1659630451.760034,1158928,55724,1,SA,1,100,0.000023
1659630453.156989,1160291,55949,1,SA,1,100,0.000172
1659630453.619224,1160742,56033,1,SA,1,100,0.000158
1659630453.888776,1161005,56101,1,SA,1,100,0.000225
1659630456.151781,1163213,56481,1,SA,1,100,0.000238
1659630459.012311,1166004,56903,1,SA,1,100,0.000051
1659630459.744097,1166718,56986,1,SA,1,100,0.000179
1659630460.541479,1167496,57171,1,SA,1,100,0.000293
1659630462.738890,1169640,57507,1,SA,1,100,0.000084
1659630463.403033,1170288,57608,1,SA,1,100,0.000178
1659630464.998821,1171845,57841,1,SA,1,100,0.000178
1659630468.924234,1175675,58444,1,SA,1,100,0.000060
1659630469.191736,1175936,58480,1,SA,1,100,0.000173
1659630469.722640,1176454,58580,1,SA,1,100,0.000291
1659630470.988406,1177689,58798,1,SA,1,100,0.000094
1659630471.386072,1178077,58831,1,SA,1,100,0.000142
1659630472.449931,1179115,59015,1,SA,1,100,0.000146
1659630473.250387,1179896,59154,1,SA,1,100,0.000431
1659630475.913108,1182494,59555,1,SA,1,100,0.000143
1659630476.179585,1182754,59572,1,SA,1,100,0.000107
1659630476.642845,1183206,59656,1,SA,1,100,0.000004
1659630476.911372,1183468,59724,1,SA,1,100,0.000144
1659630479.971759,1186454,60179,1,SA,1,100,0.000054
1659630480.169567,1186647,60213,1,SA,1,100,0.000168
1659630480.903404,1187363,60331,1,SA,1,100,0.000070
1659630481.103262,1187558,60365,1,SA,1,100,0.000073
1659630481.502978,1187948,60416,1,SA,1,100,0.000001
1659630481.702835,1188143,60467,1,SA,1,100,0.000008
1659630483.763933,1190154,60799,1,SA,1,100,0.000026
1659630485.027650,1191387,60989,1,SA,1,100,0.000103
1659630486.624462,1192945,61255,1,SA,1,100,0.000240
1659630488.553347,1194827,61553,1,SA,1,100,0.000077
1659630491.079755,1197292,61974,1,SA,1,100,0.000236
1659630495.608840,1201711,62658,1,SA,1,100,0.000086
1659630497.006820,1203075,62875,1,SA,1,100,0.000070
1659630497.408586,1203467,62943,1,SA,1,100,0.000200
1659630498.341255,1204377,63092,1,SA,1,100,0.000039
1659630499.538352,1205545,63291,1,SA,1,100,0.000079
1659630499.865299,1205864,63318,1,SA,1,100,0.000029
1659630501.799308,1207751,63636,1,SA,1,100,0.000020
1659630502.532120,1208466,63752,1,SA,1,100,0.000051
1659630503.128619,1209048,63854,1,SA,1,100,0.000061
1659630503.727168,1209632,63954,1,SA,1,100,0.000144
1659630503.992620,1209891,63989,1,SA,1,100,0.000057
1659630505.925604,1211777,64293,1,SA,1,100,0.000142
1659630506.523127,1212360,64427,1,SA,1,100,0.000202
1659630508.520681,1214309,64695,1,SA,1,100,0.000002
1659630509.520995,1215285,64893,1,SA,1,100,0.000280
1659630511.115757,1216841,65136,1,SA,1,100,0.000084
1659630511.651787,1217364,65220,1,SA,1,100,0.000148
1659630512.049452,1217752,65255,1,SA,1,100,0.000109
1659630513.980386,1219636,51,1,SA,1,100,0.000083
1659630515.111889,1220740,233,1,SA,1,100,0.000190
1659630517.906824,1223467,685,1,SA,1,100,0.000180
1659630519.703495,1225220,969,1,SA,1,100,0.000151
1659630520.569545,1226065,1087,1,SA,1,100,0.000126
1659630524.364794,1229768,1721,1,SA,1,100,0.000291
1659630527.625039,1232949,2260,1,SA,1,100,0.000219
1659630528.025779,1233340,2297,1,SA,1,100,0.000164
1659630530.422023,1235678,2679,1,SA,1,100,0.000104
1659630530.890408,1236135,2748,1,SA,1,100,0.000086
1659630531.954267,1237173,2935,1,SA,1,100,0.000102
1659630532.950481,1238145,3105,1,SA,1,100,0.000048
1659630533.281528,1238468,3156,1,SA,1,100,0.000112
1659630535.813060,1240938,3572,1,SA,1,100,0.000082
1659630537.343253,1242431,3812,1,SA,1,100,0.000305
1659630537.942827,1243016,3914,1,SA,1,100,0.000149
1659630541.601763,1246586,4499,1,SA,1,100,0.000315
1659630542.266930,1247235,4584,1,SA,1,100,0.000100
1659630545.194079,1250091,5063,1,SA,1,100,0.000092
1659630547.258251,1252105,5386,1,SA,1,100,0.000046
1659630548.654181,1253467,5622,1,SA,1,100,0.000098
1659630550.252019,1255026,5904,1,SA,1,100,0.000132
1659630552.178854,1256906,6208,1,SA,1,100,0.000137
1659630552.580619,1257298,6241,1,SA,1,100,0.000329
1659630552.845046,1257556,6278,1,SA,1,100,0.000050
1659630554.642742,1259310,6559,1,SA,1,100,0.000079
1659630557.102530,1261710,6976,1,SA,1,100,0.000053
1659630558.565080,1263137,7215,1,SA,1,100,0.000196
1659630559.033464,1263594,7282,1,SA,1,100,0.000141
1659630559.699657,1264244,7384,1,SA,1,100,0.000009
1659630560.163942,1264697,7468,1,SA,1,100,0.000137
1659630561.430733,1265933,7652,1,SA,1,100,0.000095
1659630562.361353,1266841,7803,1,SA,1,100,0.000071
1659630563.026521,1267490,7908,1,SA,1,100,0.000035
1659630563.693739,1268141,8009,1,SA,1,100,0.000177
1659630564.025810,1268465,8077,1,SA,1,100,0.000167
1659630566.818695,1271190,8523,1,SA,1,100,0.000191
1659630569.016106,1273334,8861,1,SA,1,100,0.000137
1659630570.212179,1274501,9076,1,SA,1,100,0.000086
1659630570.481730,1274764,9095,1,SA,1,100,0.000043
1659630571.010585,1275280,9197,1,SA,1,100,0.000150
1659630572.010899,1276256,9362,1,SA,1,100,0.000173
1659630572.874900,1277099,9497,1,SA,1,100,0.000139
1659630573.074758,1277294,9515,1,SA,1,100,0.000135
1659630574.141691,1278335,9705,1,SA,1,100,0.000008
1659630575.669835,1279826,9956,1,SA,1,100,0.000170
1659630577.135459,1281256,10205,1,SA,1,100,0.000183
1659630578.000484,1282100,10338,1,SA,1,100,0.000164
1659630578.402250,1282492,10372,1,SA,1,100,0.000069
1659630580.063632,1284113,10644,1,SA,1,100,0.000170
1659630581.863377,1285869,10944,1,SA,1,100,0.000090
1659630583.393571,1287362,11177,1,SA,1,100,0.000017
1659630583.592404,1287556,11211,1,SA,1,100,0.000071
1659630583.792262,1287751,11252,1,SA,1,100,0.000043
1659630585.124647,1289051,11470,1,SA,1,100,0.000195
1659630585.323480,1289245,11522,1,SA,1,100,0.000138
1659630587.318983,1291192,11852,1,SA,1,100,0.000054
1659630587.850913,1291711,11923,1,SA,1,100,0.000075
1659630590.381420,1294180,12311,1,SA,1,100,0.000015
1659630590.776011,1294565,12379,1,SA,1,100,0.000085
1659630593.375188,1297101,12798,1,SA,1,100,0.000156
1659630593.641665,1297361,12849,1,SA,1,100,0.000079
1659630595.503930,1299178,13118,1,SA,1,100,0.000028
1659630595.704813,1299374,13137,1,SA,1,100,0.000117
1659630595.905695,1299570,13205,1,SA,1,100,0.000311
1659630597.104842,1300740,13387,1,SA,1,100,0.000484
1659630599.694795,1303267,13824,1,SA,1,100,0.000187
1659630600.230824,1303790,13960,1,SA,1,100,0.000261
1659630602.160733,1305673,14191,1,SA,1,100,0.000042
1659630602.360591,1305868,14226,1,SA,1,100,0.000187
1659630602.625018,1306126,14263,1,SA,1,100,0.000029
1659630602.958114,1306451,14314,1,SA,1,100,0.000116
1659630603.422400,1306904,14432,1,SA,1,100,0.000180
1659630605.887313,1309309,14805,1,SA,1,100,0.000048
1659630606.152765,1309568,14838,1,SA,1,100,0.000020
1659630607.549720,1310931,15058,1,SA,1,100,0.000128
1659630608.016055,1311386,15141,1,SA,1,100,0.000064
1659630608.281507,1311645,15194,1,SA,1,100,0.000241
1659630608.947700,1312295,15294,1,SA,1,100,0.000007
1659630609.547273,1312880,15396,1,SA,1,100,0.000141
1659630612.275589,1315542,15885,1,SA,1,100,0.000316
1659630612.808543,1316062,15918,1,SA,1,100,0.000110
1659630613.473711,1316711,16019,1,SA,1,100,0.000085
1659630614.070209,1317293,16138,1,SA,1,100,0.000083
1659630614.470950,1317684,16188,1,SA,1,100,0.000165
1659630616.999408,1320151,16596,1,SA,1,100,0.000158
1659630617.199265,1320346,16647,1,SA,1,100,0.000260
1659630617.665600,1320801,16716,1,SA,1,100,0.000272
1659630617.933102,1321062,16751,1,SA,1,100,0.000063
1659630618.198555,1321321,16786,1,SA,1,100,0.000021
1659630621.661732,1324700,17342,1,SA,1,100,0.000003
1659630621.859540,1324893,17393,1,SA,1,100,0.000260
1659630623.322089,1326320,17625,1,SA,1,100,0.000014
1659630623.792524,1326779,17710,1,SA,1,100,0.000223
1659630624.656524,1327622,17843,1,SA,1,100,0.000248
1659630626.516740,1329437,18134,1,SA,1,100,0.000010
1659630627.120413,1330026,18233,1,SA,1,100,0.000015
1659630628.585012,1331455,18451,1,SA,1,100,0.000148
1659630629.050322,1331909,18521,1,SA,1,100,0.000045
1659630629.449013,1332298,18625,1,SA,1,100,0.000153
1659630631.845257,1334636,18977,1,SA,1,100,0.000100
1659630632.444830,1335221,19093,1,SA,1,100,0.000074
1659630634.238426,1336971,19360,1,SA,1,100,0.000066
1659630636.832478,1339502,19801,1,SA,1,100,0.000066
1659630637.102030,1339765,19834,1,SA,1,100,0.000127
1659630637.632934,1340283,19920,1,SA,1,100,0.000007
1659630639.561819,1342165,20252,1,SA,1,100,0.000146
1659630639.893890,1342489,20269,1,SA,1,100,0.000105
1659630641.360539,1343920,20538,1,SA,1,100,0.000218
1659630644.954905,1347427,21093,1,SA,1,100,0.000081
1659630645.151688,1347619,21111,1,SA,1,100,0.000101
1659630645.553454,1348011,21179,1,SA,1,100,0.000071
1659630645.753311,1348206,21215,1,SA,1,100,0.000087
1659630647.483363,1349894,21536,1,SA,1,100,0.000050
1659630647.882053,1350283,21570,1,SA,1,100,0.000131
1659630649.349727,1351715,21804,1,SA,1,100,0.000079
1659630651.478469,1353792,22154,1,SA,1,100,0.000331
1659630652.808805,1355090,22342,1,SA,1,100,0.000076
1659630653.205446,1355477,22428,1,SA,1,100,0.000145
1659630654.870928,1357102,22680,1,SA,1,100,0.000078
1659630655.070786,1357297,22715,1,SA,1,100,0.000147
1659630657.400410,1359570,23138,1,SA,1,100,0.000164
1659630659.598846,1361715,23455,1,SA,1,100,0.000073
1659630659.929893,1362038,23507,1,SA,1,100,0.000167
1659630661.593325,1363661,23773,1,SA,1,100,0.000114
1659630661.994066,1364052,23840,1,SA,1,100,0.000126
1659630662.262593,1364314,23890,1,SA,1,100,0.000148
1659630662.658209,1364700,23965,1,SA,1,100,0.000219
1659630663.859405,1365872,24168,1,SA,1,100,0.000212
1659630665.320930,1367298,24386,1,SA,1,100,0.000105
1659630666.318169,1368271,24571,1,SA,1,100,0.000310
1659630667.186269,1369118,24672,1,SA,1,100,0.000107
1659630667.648505,1369569,24740,1,SA,1,100,0.000050
1659630668.578100,1370476,24900,1,SA,1,100,0.000085
1659630670.576678,1372426,25217,1,SA,1,100,0.000130
1659630672.641876,1374441,25537,1,SA,1,100,0.000020
1659630672.905278,1374698,25573,1,SA,1,100,0.000078
1659630673.438232,1375218,25663,1,SA,1,100,0.000025
1659630673.639115,1375414,25715,1,SA,1,100,0.000213
1659630674.104425,1375868,25766,1,SA,1,100,0.000133
1659630676.969054,1378663,26221,1,SA,1,100,0.000168
1659630680.693583,1382297,26797,1,SA,1,100,0.000157
1659630683.693501,1385224,27253,1,SA,1,100,0.000180
1659630684.154711,1385674,27339,1,SA,1,100,0.000212
1659630685.353858,1386844,27556,1,SA,1,100,0.000179
1659630685.821218,1387300,27606,1,SA,1,100,0.000212
1659630686.085645,1387558,27644,1,SA,1,100,0.000153
1659630689.946488,1391325,28284,1,SA,1,100,0.000154
1659630692.941281,1394247,28735,1,SA,1,100,0.000030
1659630693.205708,1394505,28820,1,SA,1,100,0.000106
1659630693.740712,1395027,28889,1,SA,1,100,0.000261
1659630694.136328,1395413,28947,1,SA,1,100,0.000107
1659630694.404855,1395675,29000,1,SA,1,100,0.000096
1659630694.672357,1395936,29035,1,SA,1,100,0.000197
1659630696.999932,1398207,29420,1,SA,1,100,0.000252
1659630697.268459,1398469,29454,1,SA,1,100,0.000066
1659630698.930866,1400091,29723,1,SA,1,100,0.000063
1659630699.929130,1401065,29883,1,SA,1,100,0.000009
1659630700.194582,1401324,29917,1,SA,1,100,0.000108
1659630701.262541,1402366,30120,1,SA,1,100,0.000287
1659630701.661232,1402755,30156,1,SA,1,100,0.000065
1659630703.190400,1404247,30391,1,SA,1,100,0.000036
1659630704.589405,1405612,30631,1,SA,1,100,0.000040
1659630704.789263,1405807,30681,1,SA,1,100,0.000233
1659630705.653263,1406650,30817,1,SA,1,100,0.000063
1659630705.921790,1406912,30852,1,SA,1,100,0.000038
1659630706.118573,1407104,30890,1,SA,1,100,0.000014
1659630707.317720,1408274,31088,1,SA,1,100,0.000128
1659630707.716411,1408663,31157,1,SA,1,100,0.000076
1659630708.513793,1409441,31278,1,SA,1,100,0.000202
1659630710.045011,1410935,31532,1,SA,1,100,0.000020
1659630710.312513,1411196,31567,1,SA,1,100,0.000176
1659630711.643874,1412495,31788,1,SA,1,100,0.000017
1659630712.506850,1413337,31922,1,SA,1,100,0.000200
1659630712.972159,1413791,32007,1,SA,1,100,0.000023
1659630715.102951,1415870,32364,1,SA,1,100,0.000287
1659630715.435023,1416194,32401,1,SA,1,100,0.000036
1659630716.900647,1417624,32635,1,SA,1,100,0.000053
1659630719.362485,1420026,33034,1,SA,1,100,0.000209
1659630720.425319,1421063,33191,1,SA,1,100,0.000148
1659630724.554689,1425092,33872,1,SA,1,100,0.000038
1659630724.948255,1425476,33924,1,SA,1,100,0.000522
1659630725.485309,1426000,34013,1,SA,1,100,0.000101
1659630725.949594,1426453,34098,1,SA,1,100,0.000061
1659630727.080072,1427556,34265,1,SA,1,100,0.000080
1659630729.080700,1429508,34580,1,SA,1,100,0.000230
1659630729.542935,1429959,34652,1,SA,1,100,0.000026
1659630729.742793,1430154,34686,1,SA,1,100,0.000055
1659630731.541513,1431909,34961,1,SA,1,100,0.000002
1659630732.670966,1433011,35162,1,SA,1,100,0.000324
1659630734.403068,1434701,35412,1,SA,1,100,0.000080
1659630734.603950,1434897,35462,1,SA,1,100,0.000167
1659630735.401332,1435675,35581,1,SA,1,100,0.000160
1659630736.198713,1436453,35704,1,SA,1,100,0.000117
1659630736.798287,1437038,35787,1,SA,1,100,0.000066
1659630738.397149,1438598,36073,1,SA,1,100,0.000217
1659630739.657791,1439828,36256,1,SA,1,100,0.000035
1659630740.922532,1441062,36473,1,SA,1,100,0.000169
1659630742.852442,1442945,36762,1,SA,1,100,0.000027
1659630743.051274,1443139,36798,1,SA,1,100,0.000099
1659630743.254207,1443337,36831,1,SA,1,100,0.000075
1659630744.118208,1444180,36983,1,SA,1,100,0.000048
1659630744.585567,1444636,37053,1,SA,1,100,0.000046
1659630745.783689,1445805,37254,1,SA,1,100,0.000042
1659630746.049142,1446064,37289,1,SA,1,100,0.000110
1659630746.314594,1446323,37323,1,SA,1,100,0.000132
1659630748.243478,1448205,37629,1,SA,1,100,0.000085
1659630750.044248,1449962,37949,1,SA,1,100,0.000110
1659630752.774614,1452626,38340,1,SA,1,100,0.000035
1659630753.837447,1453663,38524,1,SA,1,100,0.000064
1659630754.770117,1454573,38693,1,SA,1,100,0.000083
1659630755.234402,1455026,38744,1,SA,1,100,0.000069
1659630757.229906,1456973,39068,1,SA,1,100,0.000050
1659630759.492911,1459181,39437,1,SA,1,100,0.000044
1659630760.025866,1459701,39540,1,SA,1,100,0.000205
1659630761.222963,1460869,39707,1,SA,1,100,0.000043
1659630763.751420,1463336,40115,1,SA,1,100,0.000098
1659630765.617785,1465157,40397,1,SA,1,100,0.000154
1659630765.950881,1465482,40466,1,SA,1,100,0.000095
1659630767.678883,1467168,40756,1,SA,1,100,0.000083
1659630768.013004,1467494,40807,1,SA,1,100,0.000251
1659630768.478314,1467948,40891,1,SA,1,100,0.000236
1659630770.343654,1469768,41161,1,SA,1,100,0.000047
1659630770.873533,1470285,41245,1,SA,1,100,0.000118
1659630772.405777,1471780,41483,1,SA,1,100,0.000004
1659630777.327404,1476582,42290,1,SA,1,100,0.000010
1659630777.594906,1476843,42327,1,SA,1,100,0.000065
1659630777.794763,1477038,42361,1,SA,1,100,0.000161
1659630779.128174,1478339,42567,1,SA,1,100,0.000069
1659630779.589384,1478789,42652,1,SA,1,100,0.000054
1659630782.853729,1481974,43149,1,SA,1,100,0.000076
1659630785.048065,1484115,43508,1,SA,1,100,0.000076
1659630786.845761,1485869,43810,1,SA,1,100,0.000136
1659630789.111841,1488080,44169,1,SA,1,100,0.000096
1659630792.371061,1491260,44690,1,SA,1,100,0.000169
1659630793.102848,1491974,44808,1,SA,1,100,0.000025
1659630793.435944,1492299,44878,1,SA,1,100,0.000081
1659630796.227804,1495023,45317,1,SA,1,100,0.000391
1659630797.227093,1495998,45467,1,SA,1,100,0.000002
1659630800.157316,1498857,45926,1,SA,1,100,0.000025
1659630800.619552,1499308,46028,1,SA,1,100,0.000040
1659630802.018557,1500673,46229,1,SA,1,100,0.000076
1659630802.219439,1500869,46301,1,SA,1,100,0.000154
1659630804.282587,1502882,46604,1,SA,1,100,0.000163
1659630806.546617,1505091,46962,1,SA,1,100,0.000175
1659630807.010902,1505544,47046,1,SA,1,100,0.000075
1659630807.409593,1505933,47116,1,SA,1,100,0.000116
1659630807.678120,1506195,47135,1,SA,1,100,0.000060
1659630813.468873,1511845,48071,1,SA,1,100,0.000086
1659630813.730225,1512100,48126,1,SA,1,100,0.000311
1659630813.997727,1512361,48160,1,SA,1,100,0.000100
1659630816.925900,1515218,48633,1,SA,1,100,0.000198
1659630817.258997,1515543,48668,1,SA,1,100,0.000136
1659630818.390500,1516647,48868,1,SA,1,100,0.000123
1659630818.724621,1516973,48904,1,SA,1,100,0.000015
1659630823.781536,1521907,49728,1,SA,1,100,0.000137
1659630830.567478,1528528,50799,1,SA,1,100,0.000049
1659630830.969244,1528920,50858,1,SA,1,100,0.000028
1659630831.899863,1529828,51027,1,SA,1,100,0.000004
1659630833.562271,1531450,51311,1,SA,1,100,0.000157
1659630834.095225,1531970,51365,1,SA,1,100,0.000030
1659630835.095539,1532946,51534,1,SA,1,100,0.000039
1659630835.295397,1533141,51569,1,SA,1,100,0.000106
1659630835.958515,1533788,51670,1,SA,1,100,0.000017
1659630836.157347,1533982,51696,1,SA,1,100,0.000146
1659630837.490758,1535283,51965,1,SA,1,100,0.000145
1659630842.749581,1540414,52721,1,SA,1,100,0.000091
1659630843.745795,1541386,52873,1,SA,1,100,0.000048
1659630845.743349,1543335,53192,1,SA,1,100,0.000229
1659630849.138882,1546648,53717,1,SA,1,100,0.000091
1659630851.464407,1548917,54086,1,SA,1,100,0.000026
1659630851.797503,1549242,54142,1,SA,1,100,0.000011
1659630854.395655,1551777,54547,1,SA,1,100,0.000026
1659630854.728751,1552102,54614,1,SA,1,100,0.000113
1659630857.119871,1554435,54909,1,SA,1,100,0.000058
1659630860.584073,1557815,55479,1,SA,1,100,0.000192
1659630862.450438,1559636,55787,1,SA,1,100,0.000129
1659630862.847079,1560023,55823,1,SA,1,100,0.000131
1659630863.114581,1560284,55891,1,SA,1,100,0.000038
1659630863.780774,1560934,55977,1,SA,1,100,0.000130
1659630866.575708,1563661,56428,1,SA,1,100,0.000147
1659630866.841161,1563920,56479,1,SA,1,100,0.000281
1659630869.834928,1566841,56954,1,SA,1,100,0.000272
1659630872.099983,1569051,57308,1,SA,1,100,0.000150
1659630873.099273,1570026,57463,1,SA,1,100,0.000137
1659630873.298105,1570220,57499,1,SA,1,100,0.000249
1659630875.295659,1572169,57818,1,SA,1,100,0.000069
1659630877.424401,1574246,58153,1,SA,1,100,0.000080
1659630880.220361,1576974,58626,1,SA,1,100,0.000320
1659630884.677703,1581323,59310,1,SA,1,100,0.000029
1659630885.477134,1582103,59463,1,SA,1,100,0.000312
1659630885.808180,1582426,59482,1,SA,1,100,0.000205
1659630888.336638,1584893,59902,1,SA,1,100,0.000331
1659630888.604140,1585154,59942,1,SA,1,100,0.000182
1659630891.732171,1588206,60479,1,SA,1,100,0.000132
1659630893.927533,1590348,60785,1,SA,1,100,0.000018
1659630894.129440,1590545,60822,1,SA,1,100,0.000223
1659630894.595775,1591000,60907,1,SA,1,100,0.000119
1659630897.658212,1593988,61408,1,SA,1,100,0.000088
1659630897.923664,1594247,61428,1,SA,1,100,0.000086
1659630899.652691,1595934,61718,1,SA,1,100,0.000121
1659630902.112479,1598334,62105,1,SA,1,100,0.000101
1659630903.911200,1600089,62389,1,SA,1,100,0.000063
1659630911.296715,1607295,63583,1,SA,1,100,0.000226
1659630911.566267,1607558,63617,1,SA,1,100,0.000191
1659630916.488919,1612361,64387,1,SA,1,100,0.000055
1659630917.554827,1613401,64556,1,SA,1,100,0.000040
1659630918.752949,1614570,64743,1,SA,1,100,0.000080
1659630919.281804,1615086,64826,1,SA,1,100,0.000120
1659630923.741195,1619437,10,1,SA,1,100,0.000027
1659630924.075317,1619763,62,1,SA,1,100,0.000243
1659630924.609296,1620284,130,1,SA,1,100,0.000243
1659630924.806079,1620476,165,1,SA,1,100,0.000250
1659630925.007987,1620673,200,1,SA,1,100,0.000268
1659630930.533287,1626064,1088,1,SA,1,100,0.000052
1659630932.193644,1627684,1364,1,SA,1,100,0.000010
1659630932.395552,1627881,1415,1,SA,1,100,0.000350
1659630936.389633,1631778,2039,1,SA,1,100,0.000018
1659630936.590516,1631974,2074,1,SA,1,100,0.000110
1659630938.451756,1633790,2393,1,SA,1,100,0.000198
1659630939.514590,1634827,2546,1,SA,1,100,0.000093
1659630940.779331,1636061,2748,1,SA,1,100,0.000008
1659630947.635992,1642751,3845,1,SA,1,100,0.000054
1659630947.833800,1642944,3880,1,SA,1,100,0.000238
1659630948.302185,1643401,3967,1,SA,1,100,0.000219
1659630952.095383,1647102,4576,1,SA,1,100,0.000020
1659630952.492024,1647489,4644,1,SA,1,100,0.000032
1659630952.759526,1647750,4695,1,SA,1,100,0.000053
1659630954.489578,1649438,4981,1,SA,1,100,0.000038
1659630958.284827,1653141,5588,1,SA,1,100,0.000104
1659630960.148116,1654959,5872,1,SA,1,100,0.000101
1659630960.345924,1655152,5926,1,SA,1,100,0.000805
1659630962.741144,1657489,6299,1,SA,1,100,0.000030
1659630962.942026,1657685,6351,1,SA,1,100,0.000132
1659630963.275123,1658010,6403,1,SA,1,100,0.000269
1659630965.205032,1659893,6705,1,SA,1,100,0.000017
1659630970.662688,1665218,7579,1,SA,1,100,0.000060
1659630971.527714,1666062,7731,1,SA,1,100,0.000078
1659630971.997123,1666520,7815,1,SA,1,100,0.000145
1659630974.519431,1668981,8225,1,SA,1,100,0.000119
1659630974.989866,1669440,8294,1,SA,1,100,0.000036
1659630976.915675,1671319,8611,1,SA,1,100,0.000145
1659630979.511777,1673852,9018,1,SA,1,100,0.000369
1659630979.712660,1674048,9054,1,SA,1,100,0.000188
1659630979.912518,1674243,9122,1,SA,1,100,0.000395
1659630980.510041,1674826,9175,1,SA,1,100,0.000033
1659630984.237646,1678463,9782,1,SA,1,100,0.000292
1659630984.701931,1678916,9849,1,SA,1,100,0.000001
1659630985.370174,1679568,9969,1,SA,1,100,0.000118
1659630988.900995,1683013,10526,1,SA,1,100,0.000051
1659630989.297636,1683400,10593,1,SA,1,100,0.000084
1659630993.688359,1687684,11300,1,SA,1,100,0.000220
1659630995.087364,1689049,11521,1,SA,1,100,0.000215
1659630995.751507,1689697,11638,1,SA,1,100,0.000179
1659631002.742431,1696518,12732,1,SA,1,100,0.000063
1659631005.798718,1699500,13238,1,SA,1,100,0.000072
1659631006.001651,1699698,13276,1,SA,1,100,0.000080
1659631008.465539,1702102,13676,1,SA,1,100,0.000217
1659631010.526637,1704113,14002,1,SA,1,100,0.000060
1659631013.856575,1707362,14540,1,SA,1,100,0.000033
1659631020.377065,1713724,15568,1,SA,1,100,0.000020
1659631020.976639,1714309,15672,1,SA,1,100,0.000010
1659631023.305238,1716581,16040,1,SA,1,100,0.000013
1659631026.301056,1719504,16531,1,SA,1,100,0.000047
1659631028.096702,1721256,16833,1,SA,1,100,0.000224
1659631033.092122,1726130,17624,1,SA,1,100,0.000254
1659631036.615770,1729568,18181,1,SA,1,100,0.000047
1659631036.815627,1729763,18215,1,SA,1,100,0.000041
1659631042.805213,1735607,19189,1,SA,1,100,0.000348
1659631046.335009,1739051,19763,1,SA,1,100,0.000033
1659631048.463751,1741128,20098,1,SA,1,100,0.000072
1659631048.861417,1741516,20168,1,SA,1,100,0.000236
1659631049.860706,1742491,20335,1,SA,1,100,0.000105
1659631053.387428,1745932,20877,1,SA,1,100,0.000021
1659631056.979744,1749437,21471,1,SA,1,100,0.000093
1659631060.441897,1752815,22021,1,SA,1,100,0.000011
1659631061.704588,1754047,22246,1,SA,1,100,0.000106
1659631073.482876,1765539,24110,1,SA,1,100,0.000280
1659631074.218763,1766257,24245,1,SA,1,100,0.000266
1659631076.945029,1768917,24699,1,SA,1,100,0.000252
1659631080.206298,1772099,25207,1,SA,1,100,0.000172
1659631080.407181,1772295,25241,1,SA,1,100,0.000131
1659631080.674683,1772556,25276,1,SA,1,100,0.000241
1659631083.202116,1775022,25688,1,SA,1,100,0.000094
1659631085.133050,1776906,25989,1,SA,1,100,0.000056
1659631087.196198,1778919,26324,1,SA,1,100,0.000116
1659631089.591417,1781256,26731,1,SA,1,100,0.000076
1659631091.455731,1783075,27020,1,SA,1,100,0.000223
1659631093.851976,1785413,27394,1,SA,1,100,0.000051
1659631096.511622,1788008,27829,1,SA,1,100,0.000070
1659631100.371440,1791774,28452,1,SA,1,100,0.000179
1659631100.969989,1792358,28539,1,SA,1,100,0.000136
1659631104.100070,1795412,29048,1,SA,1,100,0.000051
1659631106.893980,1798138,29498,1,SA,1,100,0.000002
1659631109.624345,1800802,29973,1,SA,1,100,0.000240
1659631111.753087,1802879,30292,1,SA,1,100,0.000058
1659631117.809292,1808788,31250,1,SA,1,100,0.000031
1659631118.474459,1809437,31368,1,SA,1,100,0.000046
1659631122.667374,1813528,32025,1,SA,1,100,0.000158
1659631126.528217,1817295,32633,1,SA,1,100,0.000124
1659631141.567775,1831969,35028,1,SA,1,100,0.000318
1659631150.486558,1840671,36452,1,SA,1,100,0.000039
1659631157.409838,1847426,37506,1,SA,1,100,0.000053
1659631159.002551,1848980,37775,1,SA,1,100,0.000110
1659631170.251985,1859956,39493,1,SA,1,100,0.000136
1659631172.579560,1862227,39773,1,SA,1,100,0.000267
1659631175.242281,1864825,40229,1,SA,1,100,0.000022
1659631175.510808,1865087,40262,1,SA,1,100,0.000028
1659631175.840829,1865409,40315,1,SA,1,100,0.000073
1659631179.703722,1869178,40941,1,SA,1,100,0.000029
1659631184.493136,1873851,41681,1,SA,1,100,0.000038
1659631188.289409,1877555,42290,1,SA,1,100,0.000252
1659631190.149625,1879370,42594,1,SA,1,100,0.000336
1659631190.483746,1879696,42628,1,SA,1,100,0.000026
1659631197.404976,1886449,43742,1,SA,1,100,0.000166
1659631198.869575,1887878,43933,1,SA,1,100,0.000142
1659631199.070458,1888074,43986,1,SA,1,100,0.000240
1659631203.063515,1891970,44622,1,SA,1,100,0.000073
1659631209.385171,1898138,45603,1,SA,1,100,0.000337
1659631217.769976,1906319,46929,1,SA,1,100,0.000006
1659631229.483694,1917748,48800,1,SA,1,100,0.000055
1659631238.868812,1926905,50266,1,SA,1,100,0.000070
1659631242.861869,1930801,50891,1,SA,1,100,0.000011
1659631243.327179,1931255,50973,1,SA,1,100,0.000178
1659631248.782785,1936578,51836,1,SA,1,100,0.000017
1659631250.650175,1938400,52139,1,SA,1,100,0.000223
1659631250.849008,1938594,52164,1,SA,1,100,0.000134
1659631251.980510,1939698,52333,1,SA,1,100,0.000224
1659631255.839304,1943463,52970,1,SA,1,100,0.000005
1659631259.697072,1947227,53576,1,SA,1,100,0.000263
1659631269.285123,1956582,55079,1,SA,1,100,0.000022
1659631278.730711,1965798,56485,1,SA,1,100,0.000026
1659631278.932619,1965995,56523,1,SA,1,100,0.000032
1659631286.987402,1973854,57847,1,SA,1,100,0.000262
1659631291.182366,1977947,58458,1,SA,1,100,0.000108
1659631294.910996,1981585,59068,1,SA,1,100,0.000125
1659631295.107779,1981777,59104,1,SA,1,100,0.000146
1659631298.233760,1984827,59596,1,SA,1,100,0.000319
1659631301.030745,1987556,60033,1,SA,1,100,0.000016
1659631311.347508,1997622,61666,1,SA,1,100,0.000059
1659631311.549416,1997819,61702,1,SA,1,100,0.000337
1659631319.864527,2005932,63021,1,SA,1,100,0.000341
1659631321.531033,2007558,63274,1,SA,1,100,0.000198
1659631324.658039,2010609,63764,1,SA,1,100,0.000177
1659631328.916548,2014764,64450,1,SA,1,100,0.000039
1659631333.777706,2019507,65226,1,SA,1,100,0.000035
1659631336.973381,2022625,196,1,SA,1,100,0.000136
1659631343.560490,2029052,1258,1,SA,1,100,0.000095
1659631350.151698,2035483,2314,1,SA,1,100,0.000065
1659631352.809295,2038076,2756,1,SA,1,100,0.000033
1659631359.266240,2044376,3798,1,SA,1,100,0.000178
1659631363.591368,2048596,4473,1,SA,1,100,0.000087
1659631375.769372,2060478,6422,1,SA,1,100,0.000159
1659631384.687130,2069179,7871,1,SA,1,100,0.000080
1659631386.952186,2071389,8222,1,SA,1,100,0.000200
1659631387.152044,2071584,8272,1,SA,1,100,0.000068
1659631391.678055,2076000,8981,1,SA,1,100,0.000176
1659631393.140604,2077427,9224,1,SA,1,100,0.000080
1659631395.468179,2079698,9611,1,SA,1,100,0.000326
1659631400.391856,2084502,10399,1,SA,1,100,0.000239
1659631403.521937,2087556,10876,1,SA,1,100,0.000010
1659631407.249541,2091193,11480,1,SA,1,100,0.000037
1659631412.173218,2095997,12287,1,SA,1,100,0.000378
1659631426.681871,2110153,14604,1,SA,1,100,0.000010
1659631431.871000,2115216,15447,1,SA,1,100,0.000340
1659631432.206146,2115543,15482,1,SA,1,100,0.000238
1659631437.261012,2120475,16308,1,SA,1,100,0.000173
1659631439.989328,2123137,16734,1,SA,1,100,0.000155
1659631448.577065,2131516,18097,1,SA,1,100,0.000040
1659631450.639187,2133528,18438,1,SA,1,100,0.000162
1659631451.506263,2134374,18572,1,SA,1,100,0.000313
1659631452.503502,2135347,18741,1,SA,1,100,0.000034
1659631461.555524,2144179,20204,1,SA,1,100,0.000231
1659631465.345648,2147877,20807,1,SA,1,100,0.000071
1659631474.999294,2157296,22357,1,SA,1,100,0.000205
1659631479.127639,2161324,23018,1,SA,1,100,0.000116
1659631486.446535,2168465,24208,1,SA,1,100,0.000132
1659631491.906241,2173792,25069,1,SA,1,100,0.000227
1659631495.568251,2177365,25679,1,SA,1,100,0.000197
1659631501.355928,2183012,26605,1,SA,1,100,0.000149
1659631501.685950,2183334,26640,1,SA,1,100,0.000143
1659631505.416630,2186974,27249,1,SA,1,100,0.000120
1659631514.067911,2195415,28617,1,SA,1,100,0.000409
1659631514.335413,2195676,28650,1,SA,1,100,0.000173
1659631524.519963,2205613,30316,1,SA,1,100,0.000415
1659631526.382228,2207430,30600,1,SA,1,100,0.000036
1659631528.239368,2209242,30905,1,SA,1,100,0.000216
1659631531.105022,2212038,31363,1,SA,1,100,0.000175
1659631537.295490,2218078,32353,1,SA,1,100,0.000210
1659631548.141108,2228660,34068,1,SA,1,100,0.000067
1659631554.663647,2235024,35110,1,SA,1,100,0.000107
1659631564.452581,2244575,36659,1,SA,1,100,0.000135
1659631565.513365,2245610,36845,1,SA,1,100,0.000407
1659631572.898880,2252816,38011,1,SA,1,100,0.000450
1659631581.483542,2261192,39353,1,SA,1,100,0.000026
1659631586.278080,2265870,40079,1,SA,1,100,0.000297
1659631588.740943,2268273,40473,1,SA,1,100,0.000240
1659631590.803066,2270285,40792,1,SA,1,100,0.000245
1659631606.112175,2285222,43156,1,SA,1,100,0.000182
1659631622.486168,2301198,45719,1,SA,1,100,0.000473
1659631627.807511,2306390,46579,1,SA,1,100,0.000046
1659631632.467785,2310937,47307,1,SA,1,100,0.000122
1659631640.920234,2319184,48657,1,SA,1,100,0.000080
1659631641.186711,2319444,48676,1,SA,1,100,0.000214
1659631644.249148,2322432,49177,1,SA,1,100,0.000006
1659631646.645392,2324770,49571,1,SA,1,100,0.000070
1659631649.572540,2327626,50024,1,SA,1,100,0.000134
1659631651.969809,2329965,50400,1,SA,1,100,0.000144
1659631665.941409,2343597,52610,1,SA,1,100,0.000353
1659631670.003134,2347560,53279,1,SA,1,100,0.000701
1659631676.855695,2354246,54345,1,SA,1,100,0.000021
1659631677.391725,2354769,54428,1,SA,1,100,0.000021
1659631686.104501,2363270,55789,1,SA,1,100,0.000139
1659631686.305383,2363466,55824,1,SA,1,100,0.000222
1659631693.162044,2370156,56894,1,SA,1,100,0.000160
1659631706.072860,2382753,58881,1,SA,1,100,0.000146
1659631706.474625,2383145,58950,1,SA,1,100,0.000284
1659631710.599895,2387170,59627,1,SA,1,100,0.000126
1659631722.248019,2398535,61426,1,SA,1,100,0.000140
1659631722.514497,2398795,61495,1,SA,1,100,0.000150
1659631722.781999,2399056,61516,1,SA,1,100,0.000059
1659631723.844832,2400093,61691,1,SA,1,100,0.000056
1659631727.570387,2403728,62278,1,SA,1,100,0.000285
1659631731.696682,2407754,62953,1,SA,1,100,0.000118
1659631736.888886,2412820,63796,1,SA,1,100,0.000200
1659631737.355221,2413275,63849,1,SA,1,100,0.000064
1659631738.351435,2414247,64001,1,SA,1,100,0.000167
1659631742.142585,2417946,64624,1,SA,1,100,0.000115
1659631750.065154,2425676,336,1,SA,1,100,0.000070
1659631750.997824,2426586,488,1,SA,1,100,0.000009
1659631755.189713,2430676,1162,1,SA,1,100,0.000057
1659631770.027363,2445153,3545,1,SA,1,100,0.000333
1659631774.821901,2449831,4323,1,SA,1,100,0.000399
1659631775.089403,2450092,4359,1,SA,1,100,0.000264
1659631779.215698,2454118,5015,1,SA,1,100,0.000235
1659631784.142450,2458925,5810,1,SA,1,100,0.000013
1659631784.408927,2459185,5844,1,SA,1,100,0.000182
1659631789.466867,2464120,6668,1,SA,1,100,0.000235
1659631791.994300,2466586,7059,1,SA,1,100,0.000016
1659631805.239237,2479509,9210,1,SA,1,100,0.000115
1659631812.360325,2486457,10373,1,SA,1,100,0.000520
1659631812.693421,2486782,10391,1,SA,1,100,0.000522
1659631817.417240,2491391,11178,1,SA,1,100,0.000362
1659631825.670856,2499444,12465,1,SA,1,100,0.000094
1659631828.068125,2501783,12835,1,SA,1,100,0.000013
1659631834.386707,2507948,13867,1,SA,1,100,0.000088
1659631840.777033,2514183,14890,1,SA,1,100,0.000020
1659631841.709702,2515093,15043,1,SA,1,100,0.000182
1659631846.034831,2519313,15735,1,SA,1,100,0.000179
1659631856.816904,2529833,17469,1,SA,1,100,0.000235
1659631868.128857,2540870,19302,1,SA,1,100,0.000006
1659631869.794339,2542495,19554,1,SA,1,100,0.000026
1659631881.441438,2553859,21441,1,SA,1,100,0.000491
1659631896.744398,2568790,23866,1,SA,1,100,0.000167
1659631899.806834,2571778,24352,1,SA,1,100,0.000005
1659631900.538622,2572492,24487,1,SA,1,100,0.000210
1659631907.265119,2579055,25551,1,SA,1,100,0.000006
1659631909.061789,2580808,25856,1,SA,1,100,0.000174
1659631913.519131,2585157,26564,1,SA,1,100,0.000061
1659631913.784583,2585416,26598,1,SA,1,100,0.000069
1659631915.512585,2587102,26900,1,SA,1,100,0.000037
1659631919.772119,2591258,27562,1,SA,1,100,0.000182
1659631923.235296,2594637,28105,1,SA,1,100,0.000031
1659631931.755389,2602950,29478,1,SA,1,100,0.000099
1659631932.018791,2603207,29514,1,SA,1,100,0.000501
1659631933.150294,2604311,29681,1,SA,1,100,0.000253
1659631947.060398,2617883,31921,1,SA,1,100,0.000200
1659631956.312278,2626910,33405,1,SA,1,100,0.000298
1659631961.438888,2631912,34215,1,SA,1,100,0.000156
1659631963.568655,2633990,34568,1,SA,1,100,0.000197
1659631963.965296,2634377,34604,1,SA,1,100,0.000042
1659631976.076680,2646194,36516,1,SA,1,100,0.000024
1659631978.407329,2648468,36900,1,SA,1,100,0.000182
1659631986.394468,2656261,38182,1,SA,1,100,0.000400
1659632002.897600,2672363,40763,1,SA,1,100,0.000187
1659632007.690088,2677039,41539,1,SA,1,100,0.000255
1659632024.661604,2693598,44155,1,SA,1,100,0.000361
1659632037.973160,2706586,46274,1,SA,1,100,0.000207
1659632049.682779,2718011,48084,1,SA,1,100,0.000376
1659632050.082494,2718401,48153,1,SA,1,100,0.000005
1659632051.879165,2720154,48456,1,SA,1,100,0.000418
1659632054.208790,2722427,48816,1,SA,1,100,0.000301
1659632057.870800,2726000,49404,1,SA,1,100,0.000243
1659632065.923533,2733857,50706,1,SA,1,100,0.000056
1659632068.184489,2736063,51057,1,SA,1,100,0.000159
1659632071.643566,2739438,51563,1,SA,1,100,0.000148
1659632077.102247,2744764,52460,1,SA,1,100,0.000244
1659632087.485630,2754895,54096,1,SA,1,100,0.000134
1659632090.351284,2757691,54564,1,SA,1,100,0.000032
1659632094.340241,2761583,55192,1,SA,1,100,0.000032
1659632098.265653,2765413,55819,1,SA,1,100,0.000326
1659632101.260446,2768335,56296,1,SA,1,100,0.000028
1659632105.854101,2772817,57016,1,SA,1,100,0.000050
1659632106.453675,2773402,57102,1,SA,1,100,0.000067
1659632115.838793,2782559,58540,1,SA,1,100,0.000441
1659632134.802738,2801062,61476,1,SA,1,100,0.000411
1659632149.049014,2814962,63722,1,SA,1,100,0.000061
1659632156.902914,2822625,64963,1,SA,1,100,0.000092
1659632170.878613,2836261,1686,1,SA,1,100,0.000278
1659632178.265153,2843468,2877,1,SA,1,100,0.000074
1659632180.731091,2845874,3252,1,SA,1,100,0.000184
1659632187.385844,2852367,4328,1,SA,1,100,0.000013
1659632187.652321,2852627,4364,1,SA,1,100,0.000337
1659632193.378504,2858214,5271,1,SA,1,100,0.000038
1659632194.641196,2859446,5492,1,SA,1,100,0.000456
1659632201.631095,2866266,6604,1,SA,1,100,0.000097
1659632204.625888,2869188,7074,1,SA,1,100,0.000162
1659632215.674438,2879968,8859,1,SA,1,100,0.000322
1659632222.592593,2886718,9955,1,SA,1,100,0.000123
1659632226.256654,2890293,10609,1,SA,1,100,0.000332
1659632228.051274,2892044,10834,1,SA,1,100,0.000375
1659632234.308362,2898149,11859,1,SA,1,100,0.000376
1659632242.160212,2905810,13103,1,SA,1,100,0.000166
1659632248.215391,2911718,14078,1,SA,1,100,0.000309
1659632248.813940,2912302,14188,1,SA,1,100,0.000024
1659632257.266388,2920549,15547,1,SA,1,100,0.000189
1659632264.988075,2928083,16772,1,SA,1,100,0.000233
1659632274.502332,2937366,18302,1,SA,1,100,0.000069
1659632284.954384,2947564,19970,1,SA,1,100,0.000420
1659632292.342974,2954773,21170,1,SA,1,100,0.000286
1659632300.257344,2962495,22412,1,SA,1,100,0.000050
1659632304.522002,2966656,23104,1,SA,1,100,0.000455
1659632313.240928,2975163,24520,1,SA,1,100,0.000068
1659632316.635436,2978475,25046,1,SA,1,100,0.000289
1659632319.030655,2980812,25432,1,SA,1,100,0.000212
1659632327.878720,2989445,26832,1,SA,1,100,0.000021
1659632329.410963,2990940,27101,1,SA,1,100,0.000029
1659632330.610110,2992110,27321,1,SA,1,100,0.000170
1659632336.930742,2998277,28312,1,SA,1,100,0.000003
1659632340.058773,3001329,28804,1,SA,1,100,0.000048
1659632353.769020,3014706,31024,1,SA,1,100,0.000288
1659632357.094859,3017951,31557,1,SA,1,100,0.000458
1659632361.421012,3022172,32249,1,SA,1,100,0.000093
1659632361.621895,3022368,32286,1,SA,1,100,0.000145
1659632375.132284,3035550,34442,1,SA,1,100,0.000471
1659632387.243668,3047367,36356,1,SA,1,100,0.000305
1659632390.037578,3050093,36792,1,SA,1,100,0.000169
1659632393.631944,3053600,37386,1,SA,1,100,0.000533
1659632398.690909,3058536,38179,1,SA,1,100,0.000075
1659632415.131521,3074577,40772,1,SA,1,100,0.000186
1659632415.330354,3074771,40809,1,SA,1,100,0.000214
1659632433.299110,3092303,43639,1,SA,1,100,0.000275
1659632437.026714,3095940,44244,1,SA,1,100,0.000284
1659632448.672788,3107303,46069,1,SA,1,100,0.000239
1659632448.867522,3107493,46105,1,SA,1,100,0.000324
1659632453.995156,3112496,46930,1,SA,1,100,0.000021
1659632460.121055,3118473,47889,1,SA,1,100,0.000002
1659632464.846923,3123084,48633,1,SA,1,100,0.000105
1659632486.144593,3143864,52030,1,SA,1,100,0.000323
1659632488.143171,3145814,52348,1,SA,1,100,0.000116
1659632494.465853,3151983,53343,1,SA,1,100,0.000141
1659632501.320464,3158671,54410,1,SA,1,100,0.000695
1659632513.431848,3170488,56256,1,SA,1,100,0.000002
1659632516.692093,3173669,56763,1,SA,1,100,0.000138
1659632523.415515,3180229,57839,1,SA,1,100,0.000198
1659632524.947758,3181724,58107,1,SA,1,100,0.000002
1659632534.930400,3191464,59658,1,SA,1,100,0.000237
1659632537.188281,3193667,60043,1,SA,1,100,0.000191
1659632549.637886,3205814,61925,1,SA,1,100,0.000013
1659632583.247823,3238607,1764,1,SA,1,100,0.000007
1659632584.378301,3239710,1947,1,SA,1,100,0.000018
1659632586.709975,3241985,2322,1,SA,1,100,0.000206
1659632602.281462,3257178,4827,1,SA,1,100,0.000208
1659632605.342874,3260165,5314,1,SA,1,100,0.000200
1659632623.311630,3277697,8218,1,SA,1,100,0.000008
1659632648.067352,3301851,12192,1,SA,1,100,0.000235
1659632658.918094,3312438,13925,1,SA,1,100,0.000105
1659632665.239751,3318606,14953,1,SA,1,100,0.000378
1659632671.095073,3324319,15911,1,SA,1,100,0.000069
1659632673.358078,3326527,16280,1,SA,1,100,0.000109
1659632677.284516,3330358,16921,1,SA,1,100,0.000487
1659632682.945105,3335881,17796,1,SA,1,100,0.000235
1659632688.334091,3341139,18671,1,SA,1,100,0.000108
1659632698.517616,3351075,20305,1,SA,1,100,0.000019
1659632703.976297,3356401,21198,1,SA,1,100,0.000140
1659632706.902421,3359256,21673,1,SA,1,100,0.000035
1659632719.348951,3371400,23677,1,SA,1,100,0.000324
1659632727.865969,3379710,25042,1,SA,1,100,0.000113
1659632728.464517,3380294,25145,1,SA,1,100,0.000065
1659632733.590102,3385295,25954,1,SA,1,100,0.000093
1659632738.781281,3390360,26795,1,SA,1,100,0.000042
1659632764.137602,3415100,30930,1,SA,1,100,0.000252
1659632768.995684,3419840,31674,1,SA,1,100,0.000313
1659632798.612564,3448737,36395,1,SA,1,100,0.000031
1659632803.602860,3453606,37190,1,SA,1,100,0.000018
1659632805.133053,3455099,37425,1,SA,1,100,0.000150
1659632808.729469,3458608,37983,1,SA,1,100,0.000368
1659632809.060516,3458931,38053,1,SA,1,100,0.000111
1659632824.833910,3474321,40544,1,SA,1,100,0.000133
1659632825.031718,3474514,40579,1,SA,1,100,0.000176
1659632828.427251,3477827,41121,1,SA,1,100,0.000108
1659632842.935905,3491983,43428,1,SA,1,100,0.000063
1659632846.532320,3495492,43983,1,SA,1,100,0.000199
1659632849.258586,3498152,44424,1,SA,1,100,0.000131
1659632850.126686,3498999,44560,1,SA,1,100,0.000021
1659632857.645440,3506335,45769,1,SA,1,100,0.000156
1659632863.635026,3512179,46720,1,SA,1,100,0.000139
1659632863.833858,3512373,46757,1,SA,1,100,0.000040
1659632869.287415,3517694,47647,1,SA,1,100,0.000691
1659632877.613799,3525818,48975,1,SA,1,100,0.000283
1659632879.076348,3527245,49211,1,SA,1,100,0.000047
1659632881.469518,3529580,49570,1,SA,1,100,0.000075
1659632887.527772,3535491,50546,1,SA,1,100,0.000226
1659632889.658564,3537570,50904,1,SA,1,100,0.000047
1659632893.317499,3541140,51489,1,SA,1,100,0.000096
1659632899.707825,3547375,52499,1,SA,1,100,0.000116
1659632924.526067,3571590,56438,1,SA,1,100,0.000202
1659632929.918129,3576851,57266,1,SA,1,100,0.000142
1659632937.969837,3584707,58502,1,SA,1,100,0.000326
1659632944.758853,3591331,59594,1,SA,1,100,0.000215
1659632955.870949,3602173,61345,1,SA,1,100,0.000164
1659632967.589791,3613607,63137,1,SA,1,100,0.000011
1659632967.854218,3613865,63171,1,SA,1,100,0.000289
1659633001.395486,3646591,3015,1,SA,1,100,0.000005
1659633010.849273,3655815,4529,1,SA,1,100,0.000009
1659633032.609178,3677046,8060,1,SA,1,100,0.000165
1659633054.238919,3698150,11496,1,SA,1,100,0.000055
1659633080.328052,3723605,15713,1,SA,1,100,0.000021
1659633108.215905,3750815,20214,1,SA,1,100,0.000157
1659633113.008394,3755491,20972,1,SA,1,100,0.000445
1659633154.400486,3795877,27611,1,SA,1,100,0.000217
1659633158.527807,3799904,28286,1,SA,1,100,0.000110
1659633164.251940,3805489,29195,1,SA,1,100,0.000223
1659633168.443829,3809579,29886,1,SA,1,100,0.000101
1659633173.768247,3814774,30745,1,SA,1,100,0.000048
1659633178.094400,3818995,31432,1,SA,1,100,0.000219
1659633185.282107,3826008,32600,1,SA,1,100,0.000294
1659633185.479915,3826201,32634,1,SA,1,100,0.000255
1659633207.309514,3847500,36104,1,SA,1,100,0.000250
1659633224.413244,3864188,38823,1,SA,1,100,0.000002
1659633225.076362,3864835,38961,1,SA,1,100,0.001117
1659633225.344889,3865097,38994,1,SA,1,100,0.000808
1659633225.877843,3865617,39084,1,SA,1,100,0.000954
1659633243.913218,3883214,41932,1,SA,1,100,0.000120
1659633269.273639,3907958,45974,1,SA,1,100,0.000044
1659633277.790657,3916268,47334,1,SA,1,100,0.000291
1659633293.498457,3931594,49839,1,SA,1,100,0.000022
1659633297.422845,3935423,50467,1,SA,1,100,0.000211
1659633300.221879,3938154,50909,1,SA,1,100,0.000137
1659633316.792655,3954322,53533,1,SA,1,100,0.000085
1659633326.508820,3963802,55067,1,SA,1,100,0.000045
1659633332.233978,3969388,55962,1,SA,1,100,0.000108
1659633357.129088,3993678,59911,1,SA,1,100,0.000028
1659633370.306381,4006535,61985,1,SA,1,100,0.000158
1659633394.993434,4030622,252,1,SA,1,100,0.000015
1659633408.170727,4043479,2352,1,SA,1,100,0.000302
1659633431.533594,4066274,5981,1,SA,1,100,0.000307
1659633477.453747,4111078,13324,1,SA,1,100,0.000028
1659633501.544302,4134583,17176,1,SA,1,100,0.000116
1659633503.940546,4136921,17564,1,SA,1,100,0.000049
1659633506.870769,4139780,18010,1,SA,1,100,0.000139
1659633544.141691,4176145,24013,1,SA,1,100,0.000365
1659633553.330026,4185110,25495,1,SA,1,100,0.000763
1659633553.793286,4185562,25545,1,SA,1,100,0.000842
1659633554.722882,4186469,25712,1,SA,1,100,0.001477
1659633555.921004,4187638,25881,1,SA,1,100,0.000309
1659633556.519552,4188222,25990,1,SA,1,100,0.000047
1659633578.815486,4209976,29576,1,SA,1,100,0.000050
1659633582.406777,4213480,30213,1,SA,1,100,0.244527
1659633583.140614,4214196,30281,1,SA,1,100,0.728264
1659633584.738452,4215755,30548,1,SA,1,100,0.034575
