LocalTimestamp,EmotiBitTimestamp,PacketNumber,DataLength,TypeTag,ProtocolVersion,DataReliability,TL
1660673734.104079,8329609.000,23394,1,TL,1,100,2022-08-16_14-15-28-973111
1660673734.133833,8329638.000,23397,1,TL,1,100,2022-08-16_14-15-34-113027
1660673739.393134,8334764.000,24244,1,TL,1,100,2022-08-16_14-15-34-193886
1660673739.423914,8334794.000,24247,1,TL,1,100,2022-08-16_14-15-39-406227
1660673744.632940,8339871.000,25074,1,TL,1,100,2022-08-16_14-15-39-470596
1660673744.661668,8339899.000,25077,1,TL,1,100,2022-08-16_14-15-44-648399
1660673749.873772,8344979.000,25908,1,TL,1,100,2022-08-16_14-15-44-708516
1660673749.903526,8345008.000,25911,1,TL,1,100,2022-08-16_14-15-49-891031
1660673755.114604,8350087.000,26741,1,TL,1,100,2022-08-16_14-15-49-965930
1660673755.142306,8350114.000,26744,1,TL,1,100,2022-08-16_14-15-55-130222
1660673760.355437,8355195.000,27569,1,TL,1,100,2022-08-16_14-15-55-192100
1660673760.383139,8355222.000,27572,1,TL,1,100,2022-08-16_14-16-00-371666
1660673765.596269,8360303.000,28400,1,TL,1,100,2022-08-16_14-16-00-439912
1660673765.622945,8360329.000,28403,1,TL,1,100,2022-08-16_14-16-05-611945
1660673770.837101,8365411.000,29232,1,TL,1,100,2022-08-16_14-16-05-670012
1660673770.868907,8365442.000,29235,1,TL,1,100,2022-08-16_14-16-10-856957
1660673776.078959,8370520.000,30065,1,TL,1,100,2022-08-16_14-16-10-920214
1660673776.113843,8370554.000,30068,1,TL,1,100,2022-08-16_14-16-16-095724
1660673781.318765,8375627.000,30901,1,TL,1,100,2022-08-16_14-16-16-166916
1660673781.361858,8375669.000,30904,1,TL,1,100,2022-08-16_14-16-21-341588
1660673786.560624,8380736.000,31735,1,TL,1,100,2022-08-16_14-16-21-419696
1660673786.589352,8380764.000,31738,1,TL,1,100,2022-08-16_14-16-26-579739
1660673791.848652,8385890.000,32584,1,TL,1,100,2022-08-16_14-16-26-643514
1660673791.898926,8385939.000,32587,1,TL,1,100,2022-08-16_14-16-31-888266
1660673797.090510,8390999.000,33413,1,TL,1,100,2022-08-16_14-16-31-958626
1660673797.121290,8391029.000,33416,1,TL,1,100,2022-08-16_14-16-37-117847
1660673802.385721,8396160.000,34244,1,TL,1,100,2022-08-16_14-16-37-286891
1660673802.415475,8396189.000,34247,1,TL,1,100,2022-08-16_14-16-42-407194
1660673807.666567,8401307.000,35075,1,TL,1,100,2022-08-16_14-16-42-563063
1660673807.695295,8401335.000,35078,1,TL,1,100,2022-08-16_14-16-47-686845
1660673812.927919,8406435.000,35907,1,TL,1,100,2022-08-16_14-16-47-838891
1660673812.965882,8406472.000,35910,1,TL,1,100,2022-08-16_14-16-52-951859
1660673818.216974,8411590.000,36740,1,TL,1,100,2022-08-16_14-16-53-105363
1660673818.249806,8411622.000,36743,1,TL,1,100,2022-08-16_14-16-58-243092
1660673823.481404,8416721.000,37572,1,TL,1,100,2022-08-16_14-16-58-389428
1660673823.512184,8416751.000,37575,1,TL,1,100,2022-08-16_14-17-03-505210
1660673828.789953,8421895.000,38401,1,TL,1,100,2022-08-16_14-17-03-665493
1660673828.818681,8421923.000,38404,1,TL,1,100,2022-08-16_14-17-08-814021
1660673834.065669,8427037.000,39233,1,TL,1,100,2022-08-16_14-17-08-975758
1660673834.095423,8427066.000,39236,1,TL,1,100,2022-08-16_14-17-14-087984
1660673839.309579,8432148.000,40049,1,TL,1,100,2022-08-16_14-17-14-249145
1660673839.338308,8432176.000,40052,1,TL,1,100,2022-08-16_14-17-19-332967
1660673844.592478,8437297.000,40880,1,TL,1,100,2022-08-16_14-17-19-487943
1660673844.621206,8437325.000,40883,1,TL,1,100,2022-08-16_14-17-24-613853
1660673849.842544,8442414.000,41692,1,TL,1,100,2022-08-16_14-17-24-768427
1660673849.871272,8442442.000,41695,1,TL,1,100,2022-08-16_14-17-29-864886
1660673855.123390,8447561.000,42521,1,TL,1,100,2022-08-16_14-17-30-024803
1660673855.155197,8447592.000,42524,1,TL,1,100,2022-08-16_14-17-35-144277
1660673860.395003,8452699.000,43353,1,TL,1,100,2022-08-16_14-17-35-294573
1660673860.424757,8452728.000,43356,1,TL,1,100,2022-08-16_14-17-40-419675
1660673865.677901,8457848.000,44184,1,TL,1,100,2022-08-16_14-17-40-575645
1660673865.707655,8457877.000,44187,1,TL,1,100,2022-08-16_14-17-45-701449
1660673870.945410,8462982.000,45019,1,TL,1,100,2022-08-16_14-17-45-854047
1660673870.973112,8463009.000,45022,1,TL,1,100,2022-08-16_14-17-50-962095
1660673876.234464,8468137.000,45851,1,TL,1,100,2022-08-16_14-17-51-114997
1660673876.264218,8468166.000,45854,1,TL,1,100,2022-08-16_14-17-56-252801
1660673881.504025,8473273.000,46683,1,TL,1,100,2022-08-16_14-17-56-413254
1660673881.535830,8473304.000,46686,1,TL,1,100,2022-08-16_14-18-01-525325
1660673886.755117,8478391.000,47500,1,TL,1,100,2022-08-16_14-18-01-678218
1660673886.785897,8478421.000,47503,1,TL,1,100,2022-08-16_14-18-06-775680
1660673891.990819,8483494.000,48315,1,TL,1,100,2022-08-16_14-18-06-975534
1660673892.018521,8483521.000,48318,1,TL,1,100,2022-08-16_14-18-12-007077
1660673897.230625,8488601.000,49131,1,TL,1,100,2022-08-16_14-18-12-197886
1660673902.512498,8493749.000,49959,1,TL,1,100,2022-08-16_14-18-17-365456
1660673902.540200,8493776.000,49961,1,TL,1,100,2022-08-16_14-18-17-423052
1660673913.034176,8504004.000,51607,1,TL,1,100,2022-08-16_14-18-27-844808
1660673913.069060,8504038.000,51609,1,TL,1,100,2022-08-16_14-18-27-963279
1660673913.117283,8504085.000,51612,1,TL,1,100,2022-08-16_14-18-33-102200
1660673918.298606,8509135.000,52429,1,TL,1,100,2022-08-16_14-18-33-308263
1660673918.338621,8509174.000,52432,1,TL,1,100,2022-08-16_14-18-38-325570
1660673923.530205,8514234.000,53246,1,TL,1,100,2022-08-16_14-18-38-511914
1660673923.605103,8514307.000,53249,1,TL,1,100,2022-08-16_14-18-43-588267
1660673928.771037,8519342.000,54061,1,TL,1,100,2022-08-16_14-18-43-840153
1660673928.835675,8519405.000,54064,1,TL,1,100,2022-08-16_14-18-48-821165
1660673934.045727,8524483.000,54892,1,TL,1,100,2022-08-16_14-18-48-995742
1660673934.080611,8524517.000,54895,1,TL,1,100,2022-08-16_14-18-54-063916
1660673939.368640,8529671.000,55725,1,TL,1,100,2022-08-16_14-18-59-359341
1660673944.577666,8534748.000,56554,1,TL,1,100,2022-08-16_14-18-59-511729
1660673949.859538,8539896.000,57387,1,TL,1,100,2022-08-16_14-19-04-673105
1660673949.879032,8539915.000,57389,1,TL,1,100,2022-08-16_14-19-04-833406
1660673950.003179,8540036.000,57392,1,TL,1,100,2022-08-16_14-19-09-981435
1660673955.216309,8545117.000,58204,1,TL,1,100,2022-08-16_14-19-10-092750
1660673955.288130,8545187.000,58207,1,TL,1,100,2022-08-16_14-19-15-249146
1660673960.444829,8550213.000,59022,1,TL,1,100,2022-08-16_14-19-15-434690
1660673960.476635,8550244.000,59025,1,TL,1,100,2022-08-16_14-19-20-467324
1660673965.715416,8555350.000,59851,1,TL,1,100,2022-08-16_14-19-20-622878
1660673965.752352,8555386.000,59854,1,TL,1,100,2022-08-16_14-19-25-739514
1660673970.994210,8560495.000,60684,1,TL,1,100,2022-08-16_14-19-25-893537
1660673971.021912,8560522.000,60687,1,TL,1,100,2022-08-16_14-19-31-008295
1660673976.234016,8565602.000,61508,1,TL,1,100,2022-08-16_14-19-31-159479
1660673976.264796,8565632.000,61511,1,TL,1,100,2022-08-16_14-19-36-252254
1660673981.527175,8570761.000,62342,1,TL,1,100,2022-08-16_14-19-36-409784
1660673981.561033,8570794.000,62345,1,TL,1,100,2022-08-16_14-19-41-544795
1660673986.794683,8575895.000,63176,1,TL,1,100,2022-08-16_14-19-41-702266
1660673986.825463,8575925.000,63179,1,TL,1,100,2022-08-16_14-19-46-814233
1660673992.034489,8581002.000,63992,1,TL,1,100,2022-08-16_14-19-46-963507
1660673992.066295,8581033.000,63995,1,TL,1,100,2022-08-16_14-19-52-054419
1660673997.292764,8586127.000,64828,1,TL,1,100,2022-08-16_14-19-52-210731
1660674002.559246,8591260.000,125,1,TL,1,100,2022-08-16_14-19-57-698192
1660674002.579766,8591280.000,127,1,TL,1,100,2022-08-16_14-19-57-699032
1660674002.613624,8591313.000,130,1,TL,1,100,2022-08-16_14-20-02-597775
1660674007.824702,8596392.000,961,1,TL,1,100,2022-08-16_14-20-07-808874
1660674013.040910,8601476.000,1789,1,TL,1,100,2022-08-16_14-20-07-871800
1660674018.309445,8606611.000,2623,1,TL,1,100,2022-08-16_14-20-13-518530
1660674018.330991,8606632.000,2625,1,TL,1,100,2022-08-16_14-20-13-691636
1660674018.358693,8606659.000,2628,1,TL,1,100,2022-08-16_14-20-18-334177
1660674023.549251,8611718.000,3458,1,TL,1,100,2022-08-16_14-20-18-412451
1660674023.579005,8611747.000,3461,1,TL,1,100,2022-08-16_14-20-23-556320
1660674028.813681,8616849.000,4291,1,TL,1,100,2022-08-16_14-20-23-617811
1660674028.845487,8616880.000,4294,1,TL,1,100,2022-08-16_14-20-28-821387
1660674034.053488,8621956.000,5121,1,TL,1,100,2022-08-16_14-20-28-912178
1660674034.081190,8621983.000,5124,1,TL,1,100,2022-08-16_14-20-34-060869
1660674039.294320,8627064.000,5955,1,TL,1,100,2022-08-16_14-20-34-125932
1660674039.324074,8627093.000,5958,1,TL,1,100,2022-08-16_14-20-39-298238
1660674044.554646,8632191.000,6784,1,TL,1,100,2022-08-16_14-20-39-355688
1660674044.586452,8632222.000,6787,1,TL,1,100,2022-08-16_14-20-44-561083
1660674049.786244,8637290.000,7613,1,TL,1,100,2022-08-16_14-20-44-637684
1660674049.817024,8637320.000,7616,1,TL,1,100,2022-08-16_14-20-49-787793
1660674055.026051,8642397.000,8443,1,TL,1,100,2022-08-16_14-20-49-855653
1660674055.055805,8642426.000,8446,1,TL,1,100,2022-08-16_14-20-55-025333
1660674060.269961,8647508.000,9278,1,TL,1,100,2022-08-16_14-20-55-108705
1660674060.309975,8647547.000,9281,1,TL,1,100,2022-08-16_14-21-00-277683
1660674065.537469,8652642.000,10113,1,TL,1,100,2022-08-16_14-21-00-346198
1660674065.565171,8652669.000,10116,1,TL,1,100,2022-08-16_14-21-05-534613
1660674070.779327,8657751.000,10946,1,TL,1,100,2022-08-16_14-21-05-605258
1660674070.806003,8657777.000,10949,1,TL,1,100,2022-08-16_14-21-10-773164
1660674076.022212,8662861.000,11774,1,TL,1,100,2022-08-16_14-21-10-836360
1660674076.050940,8662889.000,11777,1,TL,1,100,2022-08-16_14-21-16-011040
1660674081.262018,8667968.000,12606,1,TL,1,100,2022-08-16_14-21-16-078964
1660674081.293824,8667999.000,12609,1,TL,1,100,2022-08-16_14-21-21-251471
1660674086.539786,8673112.000,13450,1,TL,1,100,2022-08-16_14-21-21-336187
1660674086.596216,8673167.000,13453,1,TL,1,100,2022-08-16_14-21-26-548172
1660674091.785748,8678225.000,14288,1,TL,1,100,2022-08-16_14-21-26-623011
1660674091.817554,8678256.000,14291,1,TL,1,100,2022-08-16_14-21-31-770565
1660674097.022477,8683329.000,15105,1,TL,1,100,2022-08-16_14-21-31-840020
1660674097.052231,8683358.000,15108,1,TL,1,100,2022-08-16_14-21-37-005619
1660674102.263309,8688437.000,15922,1,TL,1,100,2022-08-16_14-21-37-067307
1660674102.297167,8688470.000,15925,1,TL,1,100,2022-08-16_14-21-42-242980
1660674107.502089,8693543.000,16759,1,TL,1,100,2022-08-16_14-21-42-319626
1660674107.530817,8693571.000,16762,1,TL,1,100,2022-08-16_14-21-47-479205
1660674112.748051,8698656.000,17533,1,TL,1,100,2022-08-16_14-21-47-556732
1660674112.834236,8698740.000,17536,1,TL,1,100,2022-08-16_14-21-52-770774
1660674118.005300,8703780.000,18367,1,TL,1,100,2022-08-16_14-21-52-859190
1660674118.055574,8703829.000,18370,1,TL,1,100,2022-08-16_14-21-57-997312
1660674123.245106,8708887.000,19198,1,TL,1,100,2022-08-16_14-21-58-091648
1660674123.285120,8708926.000,19201,1,TL,1,100,2022-08-16_14-22-03-223723
1660674128.501328,8714010.000,20032,1,TL,1,100,2022-08-16_14-22-08-444658
1660674133.761654,8719137.000,20863,1,TL,1,100,2022-08-16_14-22-08-535263
1660674133.791409,8719166.000,20866,1,TL,1,100,2022-08-16_14-22-13-736146
1660674139.010695,8724253.000,21700,1,TL,1,100,2022-08-16_14-22-13-865122
1660674139.065073,8724306.000,21703,1,TL,1,100,2022-08-16_14-22-18-995754
1660674144.250501,8729360.000,22534,1,TL,1,100,2022-08-16_14-22-19-080482
1660674149.534425,8734510.000,23361,1,TL,1,100,2022-08-16_14-22-24-413766
1660674149.602142,8734576.000,23364,1,TL,1,100,2022-08-16_14-22-29-535646
1660674154.787570,8739630.000,24196,1,TL,1,100,2022-08-16_14-22-29-630253
1660674154.830662,8739672.000,24199,1,TL,1,100,2022-08-16_14-22-34-766495
1660674160.023272,8744733.000,25028,1,TL,1,100,2022-08-16_14-22-34-857822
1660674160.050974,8744760.000,25031,1,TL,1,100,2022-08-16_14-22-39-992530
1660674165.326690,8749902.000,25879,1,TL,1,100,2022-08-16_14-22-40-081195
1660674165.356444,8749931.000,25882,1,TL,1,100,2022-08-16_14-22-45-294318
1660674170.631135,8755072.000,26731,1,TL,1,100,2022-08-16_14-22-45-405066
1660674170.659863,8755100.000,26734,1,TL,1,100,2022-08-16_14-22-50-593859
1660674175.879149,8760187.000,27567,1,TL,1,100,2022-08-16_14-22-50-731450
1660674175.918137,8760225.000,27570,1,TL,1,100,2022-08-16_14-22-55-849950
1660674181.116903,8765292.000,28399,1,TL,1,100,2022-08-16_14-22-55-952791
1660674181.237972,8765410.000,28402,1,TL,1,100,2022-08-16_14-23-01-174839
1660674186.380308,8770422.000,29214,1,TL,1,100,2022-08-16_14-23-01-278241
1660674186.409036,8770450.000,29217,1,TL,1,100,2022-08-16_14-23-06-346911
1660674191.617036,8775526.000,30043,1,TL,1,100,2022-08-16_14-23-06-410640
1660674191.685778,8775593.000,30046,1,TL,1,100,2022-08-16_14-23-11-619812
1660674196.858894,8780635.000,30856,1,TL,1,100,2022-08-16_14-23-11-725783
1660674196.914298,8780689.000,30859,1,TL,1,100,2022-08-16_14-23-16-842247
1660674202.102804,8785746.000,31670,1,TL,1,100,2022-08-16_14-23-16-944023
1660674202.141793,8785784.000,31673,1,TL,1,100,2022-08-16_14-23-22-065970
1660674207.337481,8790848.000,32486,1,TL,1,100,2022-08-16_14-23-22-168550
1660674207.368261,8790878.000,32489,1,TL,1,100,2022-08-16_14-23-27-297425
1660674212.587547,8795965.000,33323,1,TL,1,100,2022-08-16_14-23-27-389340
1660674212.617301,8795994.000,33326,1,TL,1,100,2022-08-16_14-23-32-541811
1660674217.984332,8801225.000,34120,1,TL,1,100,2022-08-16_14-23-32-714249
1660674218.020242,8801260.000,34123,1,TL,1,100,2022-08-16_14-23-37-938631
1660674223.230294,8806338.000,34890,1,TL,1,100,2022-08-16_14-23-38-141637
1660674223.336998,8806442.000,34893,1,TL,1,100,2022-08-16_14-23-43-256736
1660674228.478308,8811453.000,35706,1,TL,1,100,2022-08-16_14-23-43-339934
1660674228.552181,8811525.000,35709,1,TL,1,100,2022-08-16_14-23-48-477383
1660674233.775571,8816616.000,36540,1,TL,1,100,2022-08-16_14-23-48-601179
1660674233.805325,8816645.000,36543,1,TL,1,100,2022-08-16_14-23-53-726175
1660674239.015377,8821723.000,37360,1,TL,1,100,2022-08-16_14-23-53-903185
1660674244.262365,8826837.000,38171,1,TL,1,100,2022-08-16_14-23-59-133368
1660674244.329056,8826902.000,38174,1,TL,1,100,2022-08-16_14-24-04-246412
1660674249.500119,8831942.000,38987,1,TL,1,100,2022-08-16_14-24-04-376672
1660674249.530900,8831972.000,38990,1,TL,1,100,2022-08-16_14-24-09-445120
1660674254.791226,8837099.000,39825,1,TL,1,100,2022-08-16_14-24-09-675195
1660674254.820980,8837128.000,39828,1,TL,1,100,2022-08-16_14-24-14-730849
1660674260.039240,8842214.000,40642,1,TL,1,100,2022-08-16_14-24-14-904467
1660674260.117216,8842290.000,40645,1,TL,1,100,2022-08-16_14-24-20-023691
1660674265.315983,8847357.000,41479,1,TL,1,100,2022-08-16_14-24-20-140112
1660674265.351893,8847392.000,41482,1,TL,1,100,2022-08-16_14-24-25-261099
1660674270.553737,8852462.000,42304,1,TL,1,100,2022-08-16_14-24-25-452753
1660674270.583491,8852491.000,42307,1,TL,1,100,2022-08-16_14-24-30-492876
1660674275.836635,8857611.000,43126,1,TL,1,100,2022-08-16_14-24-30-673716
1660674275.886909,8857660.000,43129,1,TL,1,100,2022-08-16_14-24-35-794411
1660674281.123637,8862764.000,43959,1,TL,1,100,2022-08-16_14-24-35-998633
1660674281.213926,8862852.000,43962,1,TL,1,100,2022-08-16_14-24-41-118228
1660674286.403458,8867910.000,44793,1,TL,1,100,2022-08-16_14-24-41-222530
1660674286.462966,8867968.000,44796,1,TL,1,100,2022-08-16_14-24-46-357792
1660674291.639160,8873013.000,45610,1,TL,1,100,2022-08-16_14-24-46-548402
1660674291.678148,8873051.000,45613,1,TL,1,100,2022-08-16_14-24-51-580206
1660674296.876914,8878118.000,46428,1,TL,1,100,2022-08-16_14-24-51-754525
1660674296.909746,8878150.000,46431,1,TL,1,100,2022-08-16_14-24-56-807862
1660674302.124929,8883233.000,47249,1,TL,1,100,2022-08-16_14-24-56-990841
1660674302.209061,8883315.000,47252,1,TL,1,100,2022-08-16_14-25-02-104090
1660674307.366787,8888342.000,48067,1,TL,1,100,2022-08-16_14-25-02-222285
1660674307.428347,8888402.000,48070,1,TL,1,100,2022-08-16_14-25-07-327014
1660674312.609671,8893452.000,48868,1,TL,1,100,2022-08-16_14-25-07-534022
1660674312.670205,8893511.000,48871,1,TL,1,100,2022-08-16_14-25-12-556341
1660674317.842295,8898552.000,49690,1,TL,1,100,2022-08-16_14-25-12-766570
1660674323.122116,8903698.000,50527,1,TL,1,100,2022-08-16_14-25-17-931198
1660674323.154948,8903730.000,50529,1,TL,1,100,2022-08-16_14-25-17-979592
1660674323.238054,8903811.000,50532,1,TL,1,100,2022-08-16_14-25-23-142036
1660674328.355766,8908799.000,51347,1,TL,1,100,2022-08-16_14-25-23-254476
1660674328.446054,8908887.000,51350,1,TL,1,100,2022-08-16_14-25-28-350299
1660674333.630456,8913940.000,52184,1,TL,1,100,2022-08-16_14-25-28-450202
1660674338.915407,8919091.000,53019,1,TL,1,100,2022-08-16_14-25-33-779133
1660674344.192149,8924234.000,53848,1,TL,1,100,2022-08-16_14-25-39-008550
1660674344.212669,8924254.000,53850,1,TL,1,100,2022-08-16_14-25-39-115285
1660674344.244475,8924285.000,53853,1,TL,1,100,2022-08-16_14-25-44-142972
1660674349.484282,8929392.000,54683,1,TL,1,100,2022-08-16_14-25-44-309877
1660674354.725114,8934500.000,55503,1,TL,1,100,2022-08-16_14-25-49-442720
1660674354.737426,8934512.000,55504,1,TL,1,100,2022-08-16_14-25-49-614089
1660674354.768206,8934542.000,55507,1,TL,1,100,2022-08-16_14-25-54-662410
1660674359.958764,8939601.000,56320,1,TL,1,100,2022-08-16_14-25-54-854598
1660674365.233454,8944742.000,57153,1,TL,1,100,2022-08-16_14-25-59-896400
1660674365.253974,8944762.000,57155,1,TL,1,100,2022-08-16_14-26-00-063731
1660674370.520457,8949895.000,57990,1,TL,1,100,2022-08-16_14-26-05-310410
1660674370.542003,8949916.000,57992,1,TL,1,100,2022-08-16_14-26-05-370755
1660674375.760263,8955002.000,58814,1,TL,1,100,2022-08-16_14-26-10-483205
1660674375.780783,8955022.000,58816,1,TL,1,100,2022-08-16_14-26-10-644695
1660674375.839265,8955079.000,58819,1,TL,1,100,2022-08-16_14-26-15-730002
1660674381.022641,8960131.000,59637,1,TL,1,100,2022-08-16_14-26-15-864426
1660674386.276812,8965252.000,60469,1,TL,1,100,2022-08-16_14-26-21-135023
1660674386.297332,8965272.000,60471,1,TL,1,100,2022-08-16_14-26-21-173426
1660674396.824140,8975532.000,62134,1,TL,1,100,2022-08-16_14-26-31-626368
1660674396.853894,8975561.000,62137,1,TL,1,100,2022-08-16_14-26-36-747756
1660674402.108065,8980682.000,62971,1,TL,1,100,2022-08-16_14-26-36-939843
1660674402.165521,8980738.000,62974,1,TL,1,100,2022-08-16_14-26-42-058034
1660674407.349923,8985791.000,63790,1,TL,1,100,2022-08-16_14-26-42-199795
1660674412.582547,8990891.000,64605,1,TL,1,100,2022-08-16_14-26-47-378408
1660674412.614353,8990922.000,64607,1,TL,1,100,2022-08-16_14-26-47-481757
1660674412.730292,8991035.000,64610,1,TL,1,100,2022-08-16_14-26-52-620748
1660674417.834666,8996010.000,65433,1,TL,1,100,2022-08-16_14-26-52-720769
1660674423.088836,9001131.000,726,1,TL,1,100,2022-08-16_14-26-57-838780
1660674423.112434,9001154.000,728,1,TL,1,100,2022-08-16_14-26-57-970408
1660674423.155526,9001196.000,731,1,TL,1,100,2022-08-16_14-27-03-048058
1660674428.331720,9006241.000,1559,1,TL,1,100,2022-08-16_14-27-03-151977
1660674433.576656,9011353.000,2375,1,TL,1,100,2022-08-16_14-27-10-034352
1660674433.605384,9011381.000,2378,1,TL,1,100,2022-08-16_14-27-13-494052
1660674438.867763,9016510.000,3227,1,TL,1,100,2022-08-16_14-27-13-595451
1660674438.932401,9016573.000,3230,1,TL,1,100,2022-08-16_14-27-18-819099
1660674444.108595,9021618.000,4058,1,TL,1,100,2022-08-16_14-27-18-919625
1660674444.151687,9021660.000,4061,1,TL,1,100,2022-08-16_14-27-24-040894
1660674449.350453,9026727.000,4889,1,TL,1,100,2022-08-16_14-27-24-140623
1660674449.392519,9026768.000,4892,1,TL,1,100,2022-08-16_14-27-29-266362
1660674454.583077,9031827.000,5727,1,TL,1,100,2022-08-16_14-27-29-367417
1660674454.610779,9031854.000,5730,1,TL,1,100,2022-08-16_14-27-34-498135
1660674459.824935,9036936.000,6564,1,TL,1,100,2022-08-16_14-27-34-586227
1660674459.855716,9036966.000,6567,1,TL,1,100,2022-08-16_14-27-39-744002
1660674465.064742,9042043.000,7395,1,TL,1,100,2022-08-16_14-27-39-808581
1660674465.094496,9042072.000,7398,1,TL,1,100,2022-08-16_14-27-44-979075
1660674470.305574,9047151.000,8228,1,TL,1,100,2022-08-16_14-27-45-050211
1660674470.385602,9047229.000,8231,1,TL,1,100,2022-08-16_14-27-50-253301
1660674475.553588,9052266.000,9061,1,TL,1,100,2022-08-16_14-27-50-355372
1660674475.599758,9052311.000,9064,1,TL,1,100,2022-08-16_14-27-55-476982
1660674480.793394,9057373.000,9900,1,TL,1,100,2022-08-16_14-27-55-578928
1660674480.825201,9057404.000,9903,1,TL,1,100,2022-08-16_14-28-00-700316
1660674486.030123,9062477.000,10735,1,TL,1,100,2022-08-16_14-28-00-800295
1660674486.058851,9062505.000,10738,1,TL,1,100,2022-08-16_14-28-05-931860
1660674491.301735,9067615.000,11570,1,TL,1,100,2022-08-16_14-28-06-025145
1660674491.402283,9067713.000,11573,1,TL,1,100,2022-08-16_14-28-11-259460
1660674496.586685,9072766.000,12400,1,TL,1,100,2022-08-16_14-28-11-450054
1660674496.623622,9072802.000,12403,1,TL,1,100,2022-08-16_14-28-16-490634
1660674501.823414,9077870.000,13232,1,TL,1,100,2022-08-16_14-28-16-569908
1660674501.851116,9077897.000,13235,1,TL,1,100,2022-08-16_14-28-21-720205
1660674507.107338,9083020.000,14081,1,TL,1,100,2022-08-16_14-28-21-793419
1660674507.150430,9083062.000,14084,1,TL,1,100,2022-08-16_14-28-27-019703
1660674512.340988,9088121.000,14913,1,TL,1,100,2022-08-16_14-28-27-120280
1660674512.397418,9088176.000,14916,1,TL,1,100,2022-08-16_14-28-32-255128
1660674517.581820,9093229.000,15747,1,TL,1,100,2022-08-16_14-28-32-340827
1660674517.612601,9093259.000,15750,1,TL,1,100,2022-08-16_14-28-37-476261
1660674522.838043,9098352.000,16563,1,TL,1,100,2022-08-16_14-28-37-567199
1660674522.913967,9098426.000,16566,1,TL,1,100,2022-08-16_14-28-42-779543
1660674528.073745,9103455.000,17384,1,TL,1,100,2022-08-16_14-28-42-887009
1660674528.146591,9103526.000,17387,1,TL,1,100,2022-08-16_14-28-48-008538
1660674533.342279,9108590.000,18201,1,TL,1,100,2022-08-16_14-28-48-110936
1660674533.387424,9108634.000,18204,1,TL,1,100,2022-08-16_14-28-53-241711
1660674538.588242,9113703.000,18989,1,TL,1,100,2022-08-16_14-28-53-325539
1660674538.691868,9113804.000,18992,1,TL,1,100,2022-08-16_14-28-58-557208
1660674543.848568,9118830.000,19818,1,TL,1,100,2022-08-16_14-28-58-658443
1660674543.911154,9118891.000,19821,1,TL,1,100,2022-08-16_14-29-03-776962
1660674549.092478,9123941.000,20646,1,TL,1,100,2022-08-16_14-29-03-880983
1660674549.133518,9123981.000,20649,1,TL,1,100,2022-08-16_14-29-08-999363
1660674554.332284,9129048.000,21475,1,TL,1,100,2022-08-16_14-29-09-102700
1660674554.370246,9129085.000,21478,1,TL,1,100,2022-08-16_14-29-14-228265
1660674559.569013,9134152.000,22292,1,TL,1,100,2022-08-16_14-29-14-319062
1660674559.597741,9134180.000,22295,1,TL,1,100,2022-08-16_14-29-19-466146
1660674564.851911,9139301.000,23140,1,TL,1,100,2022-08-16_14-29-19-533444
1660674564.879613,9139328.000,23143,1,TL,1,100,2022-08-16_14-29-24-745122
1660674570.097873,9144414.000,23976,1,TL,1,100,2022-08-16_14-29-24-898945
1660674575.380772,9149563.000,24813,1,TL,1,100,2022-08-16_14-29-30-094105
1660674575.415656,9149597.000,24815,1,TL,1,100,2022-08-16_14-29-30-189375
1660674575.450540,9149631.000,24818,1,TL,1,100,2022-08-16_14-29-35-316976
1660674580.630838,9154680.000,25645,1,TL,1,100,2022-08-16_14-29-35-385253
1660674580.679060,9154727.000,25648,1,TL,1,100,2022-08-16_14-29-40-543043
1660674585.869618,9159786.000,26474,1,TL,1,100,2022-08-16_14-29-40-642125
1660674585.901424,9159817.000,26477,1,TL,1,100,2022-08-16_14-29-45-765520
1660674591.104294,9164888.000,27305,1,TL,1,100,2022-08-16_14-29-45-831050
1660674591.133022,9164916.000,27308,1,TL,1,100,2022-08-16_14-29-50-996992
1660674596.345127,9169996.000,28138,1,TL,1,100,2022-08-16_14-29-51-097908
1660674596.384115,9170034.000,28141,1,TL,1,100,2022-08-16_14-29-56-247402
1660674601.583907,9175102.000,28974,1,TL,1,100,2022-08-16_14-29-56-413112
1660674601.613661,9175131.000,28977,1,TL,1,100,2022-08-16_14-30-01-477234
1660674606.824739,9180210.000,29809,1,TL,1,100,2022-08-16_14-30-01-633968
1660674606.897585,9180281.000,29812,1,TL,1,100,2022-08-16_14-30-06-763697
1660674612.067623,9185320.000,30641,1,TL,1,100,2022-08-16_14-30-06-849801
1660674612.112767,9185364.000,30644,1,TL,1,100,2022-08-16_14-30-11-976555
1660674617.313586,9190433.000,31476,1,TL,1,100,2022-08-16_14-30-12-060560
1660674617.347444,9190466.000,31479,1,TL,1,100,2022-08-16_14-30-17-210258
1660674622.553392,9195540.000,32308,1,TL,1,100,2022-08-16_14-30-17-312754
1660674622.584172,9195570.000,32311,1,TL,1,100,2022-08-16_14-30-22-444299
1660674627.821926,9200675.000,33141,1,TL,1,100,2022-08-16_14-30-22-555361
1660674633.101746,9205821.000,33970,1,TL,1,100,2022-08-16_14-30-27-711632
1660674633.135605,9205854.000,33972,1,TL,1,100,2022-08-16_14-30-27-952164
1660674633.202295,9205919.000,33975,1,TL,1,100,2022-08-16_14-30-33-064695
1660674638.370281,9210956.000,34788,1,TL,1,100,2022-08-16_14-30-33-185923
1660674638.423633,9211008.000,34791,1,TL,1,100,2022-08-16_14-30-38-287921
1660674643.611113,9216064.000,35610,1,TL,1,100,2022-08-16_14-30-38-426640
1660674643.652153,9216104.000,35613,1,TL,1,100,2022-08-16_14-30-43-516267
1660674648.852971,9221173.000,36431,1,TL,1,100,2022-08-16_14-30-43-685502
1660674648.979170,9221296.000,36434,1,TL,1,100,2022-08-16_14-30-48-840541
1660674654.098933,9226286.000,37244,1,TL,1,100,2022-08-16_14-30-48-944465
1660674654.139974,9226326.000,37247,1,TL,1,100,2022-08-16_14-30-54-001164
1660674659.381832,9231435.000,38074,1,TL,1,100,2022-08-16_14-30-54-165917
1660674659.417742,9231470.000,38077,1,TL,1,100,2022-08-16_14-30-59-281131
1660674664.660626,9236580.000,38891,1,TL,1,100,2022-08-16_14-31-04-525114
1660674669.890172,9241677.000,39721,1,TL,1,100,2022-08-16_14-31-04-706213
1660674669.917875,9241704.000,39724,1,TL,1,100,2022-08-16_14-31-09-782508
1660674675.178201,9246831.000,40552,1,TL,1,100,2022-08-16_14-31-09-939745
1660674675.208981,9246861.000,40555,1,TL,1,100,2022-08-16_14-31-15-069618
1660674680.450839,9251970.000,41385,1,TL,1,100,2022-08-16_14-31-15-261422
1660674680.478541,9251997.000,41388,1,TL,1,100,2022-08-16_14-31-20-341196
1660674685.738868,9257124.000,42216,1,TL,1,100,2022-08-16_14-31-20-495671
1660674685.769648,9257154.000,42219,1,TL,1,100,2022-08-16_14-31-25-631272
1660674691.020740,9262272.000,43045,1,TL,1,100,2022-08-16_14-31-25-807192
1660674691.072040,9262322.000,43048,1,TL,1,100,2022-08-16_14-31-30-932095
1660674696.310821,9267428.000,43878,1,TL,1,100,2022-08-16_14-31-31-131989
1660674696.405213,9267520.000,43881,1,TL,1,100,2022-08-16_14-31-36-256057
1660674701.543445,9272528.000,44699,1,TL,1,100,2022-08-16_14-31-36-358479
1660674701.574225,9272558.000,44702,1,TL,1,100,2022-08-16_14-31-41-434601
1660674706.926892,9277775.000,45517,1,TL,1,100,2022-08-16_14-31-41-590619
1660674706.968958,9277816.000,45520,1,TL,1,100,2022-08-16_14-31-46-832015
1660674712.191322,9282906.000,46334,1,TL,1,100,2022-08-16_14-31-47-004466
1660674712.223128,9282937.000,46337,1,TL,1,100,2022-08-16_14-31-52-082834
1660674717.439336,9288021.000,47094,1,TL,1,100,2022-08-16_14-31-52-230224
1660674717.483454,9288064.000,47097,1,TL,1,100,2022-08-16_14-31-57-347368
1660674722.743781,9293191.000,47927,1,TL,1,100,2022-08-16_14-31-57-563448
1660674722.851511,9293296.000,47930,1,TL,1,100,2022-08-16_14-32-02-709185
1660674727.984613,9298299.000,48746,1,TL,1,100,2022-08-16_14-32-02-880598
1660674728.062589,9298375.000,48749,1,TL,1,100,2022-08-16_14-32-07-924378
1660674733.224419,9303406.000,49562,1,TL,1,100,2022-08-16_14-32-08-062997
1660674733.263407,9303444.000,49565,1,TL,1,100,2022-08-16_14-32-13-122469
1660674738.459095,9308508.000,50382,1,TL,1,100,2022-08-16_14-32-13-337666
1660674738.495006,9308543.000,50385,1,TL,1,100,2022-08-16_14-32-18-351483
1660674743.699928,9313616.000,51207,1,TL,1,100,2022-08-16_14-32-18-549462
1660674749.009502,9318791.000,52041,1,TL,1,100,2022-08-16_14-32-23-767150
1660674749.039256,9318820.000,52044,1,TL,1,100,2022-08-16_14-32-28-901210
1660674754.240074,9323889.000,52861,1,TL,1,100,2022-08-16_14-32-29-091341
1660674754.278037,9323926.000,52864,1,TL,1,100,2022-08-16_14-32-34-136820
1660674759.540415,9329055.000,53695,1,TL,1,100,2022-08-16_14-32-34-313588
1660674759.574273,9329088.000,53698,1,TL,1,100,2022-08-16_14-32-39-435424
1660674764.819209,9334200.000,54532,1,TL,1,100,2022-08-16_14-32-39-638306
1660674764.849989,9334230.000,54535,1,TL,1,100,2022-08-16_14-32-44-710044
1660674770.067224,9339315.000,55351,1,TL,1,100,2022-08-16_14-32-44-867357
1660674770.134940,9339381.000,55354,1,TL,1,100,2022-08-16_14-32-49-981656
1660674775.300874,9344416.000,56167,1,TL,1,100,2022-08-16_14-32-50-187071
1660674775.329602,9344444.000,56170,1,TL,1,100,2022-08-16_14-32-55-188501
1660674780.600188,9349581.000,57002,1,TL,1,100,2022-08-16_14-32-55-408411
1660674780.676112,9349655.000,57005,1,TL,1,100,2022-08-16_14-33-00-528237
1660674785.838968,9354687.000,57818,1,TL,1,100,2022-08-16_14-33-00-652973
1660674785.892321,9354739.000,57821,1,TL,1,100,2022-08-16_14-33-05-751350
1660674791.080827,9359796.000,58639,1,TL,1,100,2022-08-16_14-33-05-956296
1660674791.107503,9359822.000,58642,1,TL,1,100,2022-08-16_14-33-10-967991
1660674796.382193,9364963.000,59475,1,TL,1,100,2022-08-16_14-33-11-178221
1660674796.413999,9364994.000,59478,1,TL,1,100,2022-08-16_14-33-16-271918
1660674801.678430,9370125.000,60308,1,TL,1,100,2022-08-16_14-33-16-423619
1660674801.761536,9370206.000,60311,1,TL,1,100,2022-08-16_14-33-21-623974
1660674806.918236,9375232.000,61127,1,TL,1,100,2022-08-16_14-33-21-728322
1660674806.982874,9375295.000,61130,1,TL,1,100,2022-08-16_14-33-26-846996
1660674812.152912,9380334.000,61943,1,TL,1,100,2022-08-16_14-33-26-975395
1660674812.179588,9380360.000,61946,1,TL,1,100,2022-08-16_14-33-32-047853
1660674817.439914,9385487.000,62777,1,TL,1,100,2022-08-16_14-33-32-207037
1660674817.535333,9385580.000,62780,1,TL,1,100,2022-08-16_14-33-37-394408
1660674822.726917,9390640.000,63612,1,TL,1,100,2022-08-16_14-33-37-492250
1660674822.757697,9390670.000,63615,1,TL,1,100,2022-08-16_14-33-42-623609
1660674828.002633,9395782.000,64443,1,TL,1,100,2022-08-16_14-33-42-832239
1660674828.032387,9395811.000,64446,1,TL,1,100,2022-08-16_14-33-47-898324
1660674833.280402,9400926.000,65275,1,TL,1,100,2022-08-16_14-33-48-056765
1660674833.310156,9400955.000,65278,1,TL,1,100,2022-08-16_14-33-53-176945
1660674838.510974,9406024.000,561,1,TL,1,100,2022-08-16_14-33-53-369907
1660674838.538676,9406051.000,564,1,TL,1,100,2022-08-16_14-33-58-409129
1660674843.782586,9411162.000,1410,1,TL,1,100,2022-08-16_14-33-58-487935
1660674843.811314,9411190.000,1413,1,TL,1,100,2022-08-16_14-34-03-680094
1660674849.024444,9416271.000,2246,1,TL,1,100,2022-08-16_14-34-03-813252
1660674849.055225,9416301.000,2249,1,TL,1,100,2022-08-16_14-34-08-923561
1660674854.267329,9421381.000,3082,1,TL,1,100,2022-08-16_14-34-09-034545
1660674854.296057,9421409.000,3085,1,TL,1,100,2022-08-16_14-34-14-165826
1660674859.553305,9426533.000,3935,1,TL,1,100,2022-08-16_14-34-14-263460
1660674859.582033,9426561.000,3938,1,TL,1,100,2022-08-16_14-34-19-453834
1660674864.819788,9431666.000,4772,1,TL,1,100,2022-08-16_14-34-19-584304
1660674864.847490,9431693.000,4775,1,TL,1,100,2022-08-16_14-34-24-718316
1660674870.097556,9436810.000,5618,1,TL,1,100,2022-08-16_14-34-24-805895
1660674870.183740,9436894.000,5621,1,TL,1,100,2022-08-16_14-34-30-037868
1660674875.338388,9441918.000,6432,1,TL,1,100,2022-08-16_14-34-30-141963
1660674875.385584,9441964.000,6435,1,TL,1,100,2022-08-16_14-34-35-249362
1660674880.584350,9447031.000,7249,1,TL,1,100,2022-08-16_14-34-35-345483
1660674880.612052,9447058.000,7252,1,TL,1,100,2022-08-16_14-34-40-482384
1660674885.822104,9452136.000,8084,1,TL,1,100,2022-08-16_14-34-40-574109
1660674885.855963,9452169.000,8087,1,TL,1,100,2022-08-16_14-34-45-728701
1660674891.063963,9457245.000,8919,1,TL,1,100,2022-08-16_14-34-45-902725
1660674891.091665,9457272.000,8922,1,TL,1,100,2022-08-16_14-34-50-962684
1660674896.349939,9462397.000,9763,1,TL,1,100,2022-08-16_14-34-51-128930
1660674896.378667,9462425.000,9766,1,TL,1,100,2022-08-16_14-34-56-248894
1660674901.606161,9467520.000,10596,1,TL,1,100,2022-08-16_14-34-56-345056
1660674901.636942,9467550.000,10599,1,TL,1,100,2022-08-16_14-35-01-504389
1660674906.853150,9472634.000,11431,1,TL,1,100,2022-08-16_14-35-01-568453
1660674906.915736,9472695.000,11434,1,TL,1,100,2022-08-16_14-35-06-789419
1660674912.115528,9477763.000,12269,1,TL,1,100,2022-08-16_14-35-06-866789
1660674912.147334,9477794.000,12272,1,TL,1,100,2022-08-16_14-35-12-018185
1660674917.354308,9482869.000,13102,1,TL,1,100,2022-08-16_14-35-12-088920
1660674917.414843,9482928.000,13105,1,TL,1,100,2022-08-16_14-35-17-277191
1660674922.612582,9487994.000,13937,1,TL,1,100,2022-08-16_14-35-17-442848
1660674922.641311,9488022.000,13940,1,TL,1,100,2022-08-16_14-35-22-515000
1660674927.859571,9493108.000,14770,1,TL,1,100,2022-08-16_14-35-22-662200
1660674927.903689,9493151.000,14773,1,TL,1,100,2022-08-16_14-35-27-781471
1660674933.100403,9498216.000,15601,1,TL,1,100,2022-08-16_14-35-27-884422
1660674933.128105,9498243.000,15604,1,TL,1,100,2022-08-16_14-35-33-007000
1660674938.403821,9503385.000,16450,1,TL,1,100,2022-08-16_14-35-33-106477
1660674943.640550,9508489.000,17263,1,TL,1,100,2022-08-16_14-35-38-341453
1660674943.661070,9508509.000,17265,1,TL,1,100,2022-08-16_14-35-38-533079
1660674943.689798,9508537.000,17268,1,TL,1,100,2022-08-16_14-35-43-571509
1660674948.898824,9513614.000,18080,1,TL,1,100,2022-08-16_14-35-43-654080
1660674948.927552,9513642.000,18083,1,TL,1,100,2022-08-16_14-35-48-811673
1660674954.142734,9518725.000,18901,1,TL,1,100,2022-08-16_14-35-48-992516
1660674954.220711,9518801.000,18904,1,TL,1,100,2022-08-16_14-35-54-098089
1660674959.385618,9523835.000,19719,1,TL,1,100,2022-08-16_14-35-54-200811
1660674959.441023,9523889.000,19722,1,TL,1,100,2022-08-16_14-35-59-321748
1660674964.630555,9528947.000,20478,1,TL,1,100,2022-08-16_14-35-59-423107
1660674969.861127,9534045.000,21294,1,TL,1,100,2022-08-16_14-36-04-645878
1660674969.887803,9534071.000,21296,1,TL,1,100,2022-08-16_14-36-04-747791
1660674969.917557,9534100.000,21299,1,TL,1,100,2022-08-16_14-36-09-802905
1660674975.114271,9539165.000,22134,1,TL,1,100,2022-08-16_14-36-09-976754
1660674975.142999,9539193.000,22137,1,TL,1,100,2022-08-16_14-36-15-026127
1660674980.354077,9544272.000,22966,1,TL,1,100,2022-08-16_14-36-15-193000
1660674980.383832,9544301.000,22969,1,TL,1,100,2022-08-16_14-36-20-267998
1660674985.642106,9549426.000,23819,1,TL,1,100,2022-08-16_14-36-20-416566
1660674985.676990,9549460.000,23822,1,TL,1,100,2022-08-16_14-36-25-563261
1660674990.882938,9554534.000,24653,1,TL,1,100,2022-08-16_14-36-25-659742
1660674990.958863,9554608.000,24656,1,TL,1,100,2022-08-16_14-36-30-846618
1660674996.122744,9559641.000,25489,1,TL,1,100,2022-08-16_14-36-30-964284
1660674996.168915,9559686.000,25492,1,TL,1,100,2022-08-16_14-36-36-057982
1660675001.371785,9564757.000,26318,1,TL,1,100,2022-08-16_14-36-36-185262
1660675001.417955,9564802.000,26321,1,TL,1,100,2022-08-16_14-36-41-306616
1660675006.611591,9569864.000,27150,1,TL,1,100,2022-08-16_14-36-41-378152
1660675006.660839,9569912.000,27153,1,TL,1,100,2022-08-16_14-36-46-549987
1660675011.851397,9574971.000,27985,1,TL,1,100,2022-08-16_14-36-46-629762
1660675011.879099,9574998.000,27988,1,TL,1,100,2022-08-16_14-36-51-773564
1660675017.092229,9580079.000,28819,1,TL,1,100,2022-08-16_14-36-51-852447
1660675017.180466,9580165.000,28822,1,TL,1,100,2022-08-16_14-36-57-074916
1660675022.346400,9585200.000,29658,1,TL,1,100,2022-08-16_14-36-57-177166
1660675022.404882,9585257.000,29661,1,TL,1,100,2022-08-16_14-37-02-300293
1660675027.598518,9590319.000,30490,1,TL,1,100,2022-08-16_14-37-02-410512
1660675027.627246,9590347.000,30493,1,TL,1,100,2022-08-16_14-37-07-523877
1660675032.838324,9595426.000,31320,1,TL,1,100,2022-08-16_14-37-07-622090
1660675032.866026,9595453.000,31323,1,TL,1,100,2022-08-16_14-37-12-763376
1660675038.079156,9600534.000,32152,1,TL,1,100,2022-08-16_14-37-12-852062
1660675038.111988,9600566.000,32155,1,TL,1,100,2022-08-16_14-37-18-009826
1660675043.335379,9605657.000,32984,1,TL,1,100,2022-08-16_14-37-18-078558
1660675043.393861,9605714.000,32987,1,TL,1,100,2022-08-16_14-37-23-296193
1660675048.574159,9610763.000,33803,1,TL,1,100,2022-08-16_14-37-23-487965
1660675048.614173,9610802.000,33806,1,TL,1,100,2022-08-16_14-37-28-515854
1660675053.836537,9615892.000,34617,1,TL,1,100,2022-08-16_14-37-28-717063
1660675053.868343,9615923.000,34620,1,TL,1,100,2022-08-16_14-37-33-766263
1660675059.091733,9621014.000,35453,1,TL,1,100,2022-08-16_14-37-33-940947
1660675059.119436,9621041.000,35456,1,TL,1,100,2022-08-16_14-37-39-023309
1660675064.361294,9626150.000,36288,1,TL,1,100,2022-08-16_14-37-39-184101
1660675064.394126,9626182.000,36291,1,TL,1,100,2022-08-16_14-37-44-302812
1660675069.600074,9631256.000,37110,1,TL,1,100,2022-08-16_14-37-44-480597
1660675069.627776,9631283.000,37113,1,TL,1,100,2022-08-16_14-37-49-537843
1660675074.896310,9636418.000,37943,1,TL,1,100,2022-08-16_14-37-49-709498
1660675074.927091,9636448.000,37946,1,TL,1,100,2022-08-16_14-37-54-836271
1660675080.177157,9641565.000,38783,1,TL,1,100,2022-08-16_14-37-55-036230
1660675080.240769,9641627.000,38786,1,TL,1,100,2022-08-16_14-38-00-153894
1660675085.456977,9646711.000,39616,1,TL,1,100,2022-08-16_14-38-00-307545
1660675085.494939,9646748.000,39619,1,TL,1,100,2022-08-16_14-38-05-403675
1660675090.741928,9651862.000,40447,1,TL,1,100,2022-08-16_14-38-05-581172
1660675090.791176,9651910.000,40450,1,TL,1,100,2022-08-16_14-38-10-704228
1660675095.981734,9656969.000,41265,1,TL,1,100,2022-08-16_14-38-10-850403
1660675101.222566,9662077.000,42075,1,TL,1,100,2022-08-16_14-38-16-026791
1660675101.243086,9662097.000,42077,1,TL,1,100,2022-08-16_14-38-16-128644
1660675101.332349,9662184.000,42080,1,TL,1,100,2022-08-16_14-38-21-249027
1660675106.470580,9667192.000,42892,1,TL,1,100,2022-08-16_14-38-21-353638
1660675106.551635,9667271.000,42895,1,TL,1,100,2022-08-16_14-38-26-465684
1660675111.711413,9672300.000,43706,1,TL,1,100,2022-08-16_14-38-26-589534
1660675111.781181,9672368.000,43709,1,TL,1,100,2022-08-16_14-38-31-694476
1660675117.017909,9677472.000,44538,1,TL,1,100,2022-08-16_14-38-31-819970
1660675117.045611,9677499.000,44541,1,TL,1,100,2022-08-16_14-38-36-964107
1660675122.264897,9682586.000,45355,1,TL,1,100,2022-08-16_14-38-37-123400
1660675122.337744,9682657.000,45358,1,TL,1,100,2022-08-16_14-38-42-253781
1660675127.505730,9687694.000,46156,1,TL,1,100,2022-08-16_14-38-42-377894
1660675127.544718,9687732.000,46159,1,TL,1,100,2022-08-16_14-38-47-468633
1660675132.766056,9692821.000,46977,1,TL,1,100,2022-08-16_14-38-47-667869
1660675132.866604,9692919.000,46980,1,TL,1,100,2022-08-16_14-38-52-747842
1660675138.057162,9697978.000,47811,1,TL,1,100,2022-08-16_14-38-52-890421
1660675138.093072,9698013.000,47814,1,TL,1,100,2022-08-16_14-38-58-016231
1660675143.293890,9703082.000,48565,1,TL,1,100,2022-08-16_14-38-58-220931
1660675143.403673,9703189.000,48568,1,TL,1,100,2022-08-16_14-39-03-328368
1660675148.532671,9708188.000,49381,1,TL,1,100,2022-08-16_14-39-03-440175
1660675148.562425,9708217.000,49384,1,TL,1,100,2022-08-16_14-39-08-481242
1660675153.773503,9713296.000,50204,1,TL,1,100,2022-08-16_14-39-08-666342
1660675153.866869,9713387.000,50207,1,TL,1,100,2022-08-16_14-39-13-782718
1660675159.091285,9718479.000,51021,1,TL,1,100,2022-08-16_14-39-13-885433
1660675159.184652,9718570.000,51024,1,TL,1,100,2022-08-16_14-39-19-107971
1660675164.348534,9723603.000,51838,1,TL,1,100,2022-08-16_14-39-19-221179
1660675164.397782,9723651.000,51841,1,TL,1,100,2022-08-16_14-39-24-319905
1660675169.589366,9728711.000,52659,1,TL,1,100,2022-08-16_14-39-24-463502
1660675169.678628,9728798.000,52662,1,TL,1,100,2022-08-16_14-39-29-602405
1660675174.829172,9733818.000,53481,1,TL,1,100,2022-08-16_14-39-29-759574
1660675174.855849,9733844.000,53484,1,TL,1,100,2022-08-16_14-39-34-777716
1660675180.063848,9738920.000,54299,1,TL,1,100,2022-08-16_14-39-34-981576
1660675180.094629,9738950.000,54302,1,TL,1,100,2022-08-16_14-39-40-018193
1660675185.370345,9744092.000,55134,1,TL,1,100,2022-08-16_14-39-40-202651
1660675185.399073,9744120.000,55137,1,TL,1,100,2022-08-16_14-39-45-321954
1660675190.611177,9749200.000,55951,1,TL,1,100,2022-08-16_14-39-45-527851
1660675190.717882,9749304.000,55954,1,TL,1,100,2022-08-16_14-39-50-638956
1660675195.854062,9754310.000,56756,1,TL,1,100,2022-08-16_14-39-50-751279
1660675195.945376,9754399.000,56759,1,TL,1,100,2022-08-16_14-39-55-870504
1660675201.098998,9759422.000,57574,1,TL,1,100,2022-08-16_14-39-55-970994
1660675206.336752,9764527.000,58387,1,TL,1,100,2022-08-16_14-40-01-219866
1660675206.365480,9764555.000,58390,1,TL,1,100,2022-08-16_14-40-06-291054
1660675211.640171,9769696.000,59219,1,TL,1,100,2022-08-16_14-40-06-442733
1660675211.673003,9769728.000,59222,1,TL,1,100,2022-08-16_14-40-11-598261
1660675216.888185,9774811.000,60039,1,TL,1,100,2022-08-16_14-40-11-748191
1660675216.918965,9774841.000,60042,1,TL,1,100,2022-08-16_14-40-16-847122
1660675222.176213,9779965.000,60876,1,TL,1,100,2022-08-16_14-40-17-066497
1660675222.239825,9780027.000,60879,1,TL,1,100,2022-08-16_14-40-22-171459
1660675227.419097,9785075.000,61696,1,TL,1,100,2022-08-16_14-40-22-294822
1660675227.478606,9785133.000,61699,1,TL,1,100,2022-08-16_14-40-27-410442
1660675232.656852,9790180.000,62514,1,TL,1,100,2022-08-16_14-40-27-615840
1660675232.687632,9790210.000,62517,1,TL,1,100,2022-08-16_14-40-32-619537
1660675237.899736,9795290.000,63328,1,TL,1,100,2022-08-16_14-40-32-835408
1660675238.027987,9795415.000,63331,1,TL,1,100,2022-08-16_14-40-37-959290
1660675243.163140,9800420.000,64145,1,TL,1,100,2022-08-16_14-40-38-057496
1660675243.232908,9800488.000,64148,1,TL,1,100,2022-08-16_14-40-43-168692
1660675248.386530,9805511.000,64959,1,TL,1,100,2022-08-16_14-40-43-289235
1660675248.470663,9805593.000,64962,1,TL,1,100,2022-08-16_14-40-48-399682
1660675253.626337,9810618.000,240,1,TL,1,100,2022-08-16_14-40-48-516936
1660675253.685845,9810676.000,243,1,TL,1,100,2022-08-16_14-40-53-625360
1660675258.870247,9815729.000,1076,1,TL,1,100,2022-08-16_14-40-53-723839
1660675258.907183,9815765.000,1079,1,TL,1,100,2022-08-16_14-40-58-845324
1660675264.108001,9820834.000,1910,1,TL,1,100,2022-08-16_14-40-58-921747
1660675264.137755,9820863.000,1913,1,TL,1,100,2022-08-16_14-41-04-076261
1660675269.383717,9825976.000,2743,1,TL,1,100,2022-08-16_14-41-04-169155
1660675269.459642,9826050.000,2746,1,TL,1,100,2022-08-16_14-41-09-393234
1660675274.641992,9831101.000,3575,1,TL,1,100,2022-08-16_14-41-09-485706
1660675274.674824,9831133.000,3578,1,TL,1,100,2022-08-16_14-41-14-616798
1660675279.875642,9836202.000,4413,1,TL,1,100,2022-08-16_14-41-14-680619
1660675279.903344,9836229.000,4416,1,TL,1,100,2022-08-16_14-41-19-849246
1660675285.219074,9841410.000,5263,1,TL,1,100,2022-08-16_14-41-25-165095
1660675290.398346,9846458.000,6097,1,TL,1,100,2022-08-16_14-41-25-264135
1660675290.434257,9846493.000,6100,1,TL,1,100,2022-08-16_14-41-30-383431
1660675295.642257,9851569.000,6933,1,TL,1,100,2022-08-16_14-41-30-485898
1660675295.759221,9851683.000,6936,1,TL,1,100,2022-08-16_14-41-35-710449
1660675300.889245,9856683.000,7755,1,TL,1,100,2022-08-16_14-41-35-810869
1660675300.996975,9856788.000,7758,1,TL,1,100,2022-08-16_14-41-40-941023
1660675306.123921,9861785.000,8556,1,TL,1,100,2022-08-16_14-41-41-037529
1660675306.153675,9861814.000,8559,1,TL,1,100,2022-08-16_14-41-46-108556
1660675311.369884,9866898.000,9384,1,TL,1,100,2022-08-16_14-41-46-257940
1660675311.424262,9866951.000,9387,1,TL,1,100,2022-08-16_14-41-51-377909
1660675316.630210,9872025.000,10219,1,TL,1,100,2022-08-16_14-41-51-461338
1660675316.657912,9872052.000,10222,1,TL,1,100,2022-08-16_14-41-56-617931
1660675321.871042,9877133.000,11052,1,TL,1,100,2022-08-16_14-41-56-700207
1660675321.971591,9877231.000,11055,1,TL,1,100,2022-08-16_14-42-01-927191
1660675327.161122,9882289.000,11885,1,TL,1,100,2022-08-16_14-42-02-018546
1660675327.214475,9882341.000,11888,1,TL,1,100,2022-08-16_14-42-07-176758
1660675332.410163,9887405.000,12720,1,TL,1,100,2022-08-16_14-42-07-250618
1660675332.437865,9887432.000,12723,1,TL,1,100,2022-08-16_14-42-12-399045
1660675337.687931,9892549.000,13558,1,TL,1,100,2022-08-16_14-42-12-472727
1660675337.736153,9892596.000,13561,1,TL,1,100,2022-08-16_14-42-17-697573
1660675342.923633,9897652.000,14392,1,TL,1,100,2022-08-16_14-42-17-812673
1660675348.163440,9902759.000,15205,1,TL,1,100,2022-08-16_14-42-23-017312
1660675348.191142,9902786.000,15207,1,TL,1,100,2022-08-16_14-42-23-122253
1660675348.282456,9902875.000,15210,1,TL,1,100,2022-08-16_14-42-28-242035
1660675353.418636,9907881.000,16026,1,TL,1,100,2022-08-16_14-42-28-343975
1660675353.448390,9907910.000,16029,1,TL,1,100,2022-08-16_14-42-33-406386
1660675358.661520,9912991.000,16862,1,TL,1,100,2022-08-16_14-42-33-473223
1660675358.733340,9913061.000,16865,1,TL,1,100,2022-08-16_14-42-38-687017
1660675363.910560,9918107.000,17694,1,TL,1,100,2022-08-16_14-42-38-768285
1660675363.948523,9918144.000,17697,1,TL,1,100,2022-08-16_14-42-43-909546
1660675369.147289,9923211.000,18529,1,TL,1,100,2022-08-16_14-42-44-011999
1660675374.434291,9928364.000,19346,1,TL,1,100,2022-08-16_14-42-49-234609
1660675374.455837,9928385.000,19348,1,TL,1,100,2022-08-16_14-42-49-336928
1660675374.485591,9928414.000,19351,1,TL,1,100,2022-08-16_14-42-54-447946
1660675379.677175,9933474.000,20184,1,TL,1,100,2022-08-16_14-42-54-559388
1660675379.715137,9933511.000,20187,1,TL,1,100,2022-08-16_14-42-59-678555
1660675384.919033,9938583.000,21020,1,TL,1,100,2022-08-16_14-42-59-749811
1660675384.947762,9938611.000,21023,1,TL,1,100,2022-08-16_14-43-04-908704
1660675390.156788,9943688.000,21857,1,TL,1,100,2022-08-16_14-43-05-004846
1660675390.186542,9943717.000,21860,1,TL,1,100,2022-08-16_14-43-10-143518
1660675395.397620,9948796.000,22690,1,TL,1,100,2022-08-16_14-43-10-226435
1660675395.488934,9948885.000,22693,1,TL,1,100,2022-08-16_14-43-15-448804
1660675400.683596,9953948.000,23525,1,TL,1,100,2022-08-16_14-43-15-551112
1660675400.712324,9953976.000,23528,1,TL,1,100,2022-08-16_14-43-20-673384
1660675405.925454,9959057.000,24358,1,TL,1,100,2022-08-16_14-43-20-775051
1660675405.954183,9959085.000,24361,1,TL,1,100,2022-08-16_14-43-25-909896
1660675411.164235,9964163.000,25171,1,TL,1,100,2022-08-16_14-43-25-996539
1660675411.196041,9964194.000,25174,1,TL,1,100,2022-08-16_14-43-31-148789
1660675416.405067,9969271.000,26002,1,TL,1,100,2022-08-16_14-43-31-322395
1660675416.434821,9969300.000,26005,1,TL,1,100,2022-08-16_14-43-36-394155
1660675421.651029,9974384.000,26832,1,TL,1,100,2022-08-16_14-43-36-543679
1660675421.759786,9974490.000,26835,1,TL,1,100,2022-08-16_14-43-41-717771
1660675426.917511,9979517.000,27645,1,TL,1,100,2022-08-16_14-43-46-878353
1660675432.132694,9984600.000,28477,1,TL,1,100,2022-08-16_14-43-46-988118
1660675432.187072,9984653.000,28480,1,TL,1,100,2022-08-16_14-43-52-131901
1660675437.370448,9989705.000,29311,1,TL,1,100,2022-08-16_14-43-52-314784
1660675437.404306,9989738.000,29314,1,TL,1,100,2022-08-16_14-43-57-361431
1660675442.659502,9994860.000,30148,1,TL,1,100,2022-08-16_14-43-57-433688
1660675442.696439,9994896.000,30151,1,TL,1,100,2022-08-16_14-44-02-657660
1660675447.929063,9999996.000,30965,1,TL,1,100,2022-08-16_14-44-02-758302
1660675447.970103,10000036.000,30968,1,TL,1,100,2022-08-16_14-44-07-927430
1660675453.186311,10005120.000,31801,1,TL,1,100,2022-08-16_14-44-08-083170
1660675453.247871,10005180.000,31804,1,TL,1,100,2022-08-16_14-44-13-206218
1660675458.424065,10010225.000,32585,1,TL,1,100,2022-08-16_14-44-13-312147
1660675458.461001,10010261.000,32588,1,TL,1,100,2022-08-16_14-44-18-419880
1660675463.664897,10015333.000,33418,1,TL,1,100,2022-08-16_14-44-18-528255
1660675463.693625,10015361.000,33421,1,TL,1,100,2022-08-16_14-44-23-651603
1660675468.908808,10020444.000,34235,1,TL,1,100,2022-08-16_14-44-23-853726
1660675468.937536,10020472.000,34238,1,TL,1,100,2022-08-16_14-44-28-898780
1660675474.139380,10025542.000,35055,1,TL,1,100,2022-08-16_14-44-29-075872
1660675474.167082,10025569.000,35058,1,TL,1,100,2022-08-16_14-44-34-130705
1660675479.406888,10030676.000,35873,1,TL,1,100,2022-08-16_14-44-34-298480
1660675479.444850,10030713.000,35876,1,TL,1,100,2022-08-16_14-44-39-408594
1660675484.647720,10035784.000,36693,1,TL,1,100,2022-08-16_14-44-39-632515
1660675484.680552,10035816.000,36696,1,TL,1,100,2022-08-16_14-44-44-642170
1660675489.889579,10040893.000,37506,1,TL,1,100,2022-08-16_14-44-44-842984
1660675489.918307,10040921.000,37509,1,TL,1,100,2022-08-16_14-44-49-883295
1660675495.132463,10046003.000,38322,1,TL,1,100,2022-08-16_14-44-50-065125
1660675495.218647,10046087.000,38325,1,TL,1,100,2022-08-16_14-44-55-185635
1660675500.377399,10051115.000,39139,1,TL,1,100,2022-08-16_14-44-55-292492
1660675500.456401,10051192.000,39142,1,TL,1,100,2022-08-16_14-45-00-423184
1660675505.619257,10056224.000,39953,1,TL,1,100,2022-08-16_14-45-00-540253
1660675505.665427,10056269.000,39956,1,TL,1,100,2022-08-16_14-45-05-630593
1660675510.859063,10061331.000,40774,1,TL,1,100,2022-08-16_14-45-05-834925
1660675510.891896,10061363.000,40777,1,TL,1,100,2022-08-16_14-45-10-865462
1660675516.093740,10066433.000,41574,1,TL,1,100,2022-08-16_14-45-11-060658
1660675516.122468,10066461.000,41577,1,TL,1,100,2022-08-16_14-45-16-093598
1660675521.341754,10071548.000,42393,1,TL,1,100,2022-08-16_14-45-16-279890
1660675521.436146,10071640.000,42396,1,TL,1,100,2022-08-16_14-45-21-405405
1660675526.577456,10076651.000,43217,1,TL,1,100,2022-08-16_14-45-21-507488
1660675526.605158,10076678.000,43220,1,TL,1,100,2022-08-16_14-45-26-578128
1660675531.863433,10081803.000,44055,1,TL,1,100,2022-08-16_14-45-26-744100
1660675531.895239,10081834.000,44058,1,TL,1,100,2022-08-16_14-45-31-870277
1660675537.098109,10086905.000,44871,1,TL,1,100,2022-08-16_14-45-32-049551
1660675537.128889,10086935.000,44874,1,TL,1,100,2022-08-16_14-45-37-103656
1660675542.343045,10092017.000,45685,1,TL,1,100,2022-08-16_14-45-37-272637
1660675542.423073,10092095.000,45688,1,TL,1,100,2022-08-16_14-45-42-397379
1660675547.648515,10097188.000,46500,1,TL,1,100,2022-08-16_14-45-42-517031
1660675547.677244,10097216.000,46503,1,TL,1,100,2022-08-16_14-45-47-655680
1660675552.896530,10102303.000,47318,1,TL,1,100,2022-08-16_14-45-47-819532
1660675552.964246,10102369.000,47321,1,TL,1,100,2022-08-16_14-45-52-940533
1660675558.138388,10107412.000,48139,1,TL,1,100,2022-08-16_14-45-53-144667
1660675558.202000,10107474.000,48142,1,TL,1,100,2022-08-16_14-45-58-181443
1660675563.377168,10112518.000,48956,1,TL,1,100,2022-08-16_14-45-58-319545
1660675563.406922,10112547.000,48959,1,TL,1,100,2022-08-16_14-46-03-384299
1660675568.678535,10117685.000,49788,1,TL,1,100,2022-08-16_14-46-03-589924
1660675568.730861,10117736.000,49791,1,TL,1,100,2022-08-16_14-46-08-710290
1660675573.918341,10122792.000,50605,1,TL,1,100,2022-08-16_14-46-08-935306
1660675573.962459,10122835.000,50608,1,TL,1,100,2022-08-16_14-46-13-944191
1660675579.156095,10127897.000,51424,1,TL,1,100,2022-08-16_14-46-14-092973
1660675579.202265,10127942.000,51427,1,TL,1,100,2022-08-16_14-46-19-185614
1660675584.457462,10133064.000,52262,1,TL,1,100,2022-08-16_14-46-19-360449
1660675584.501580,10133107.000,52265,1,TL,1,100,2022-08-16_14-46-24-483110
1660675589.739334,10138212.000,53097,1,TL,1,100,2022-08-16_14-46-24-684490
1660675589.769088,10138241.000,53100,1,TL,1,100,2022-08-16_14-46-29-752497
1660675595.022233,10143361.000,53929,1,TL,1,100,2022-08-16_14-46-29-910783
1660675595.067377,10143405.000,53932,1,TL,1,100,2022-08-16_14-46-35-052932
1660675600.261013,10148467.000,54750,1,TL,1,100,2022-08-16_14-46-35-231374
1660675600.290767,10148496.000,54753,1,TL,1,100,2022-08-16_14-46-40-274958
1660675605.501845,10153575.000,55573,1,TL,1,100,2022-08-16_14-46-40-453633
1660675605.537755,10153610.000,55576,1,TL,1,100,2022-08-16_14-46-45-524739
1660675610.781665,10158721.000,56412,1,TL,1,100,2022-08-16_14-46-45-676367
1660675610.812445,10158751.000,56415,1,TL,1,100,2022-08-16_14-46-50-800543
1660675616.062512,10163868.000,57249,1,TL,1,100,2022-08-16_14-46-51-005511
1660675616.094318,10163899.000,57252,1,TL,1,100,2022-08-16_14-46-56-082838
1660675621.308474,10168981.000,58050,1,TL,1,100,2022-08-16_14-46-56-238578
1660675621.358748,10169030.000,58053,1,TL,1,100,2022-08-16_14-47-01-344411
1660675626.582138,10174121.000,58875,1,TL,1,100,2022-08-16_14-47-01-564957
1660675626.617023,10174155.000,58878,1,TL,1,100,2022-08-16_14-47-06-601699
1660675631.838361,10179244.000,59695,1,TL,1,100,2022-08-16_14-47-06-770645
1660675631.870167,10179275.000,59698,1,TL,1,100,2022-08-16_14-47-11-857472
1660675637.085349,10184358.000,60451,1,TL,1,100,2022-08-16_14-47-12-012557
1660675637.124337,10184396.000,60454,1,TL,1,100,2022-08-16_14-47-17-108077
1660675642.326181,10189466.000,61269,1,TL,1,100,2022-08-16_14-47-17-344857
1660675642.356961,10189496.000,61272,1,TL,1,100,2022-08-16_14-47-22-341440
1660675647.558805,10194566.000,62091,1,TL,1,100,2022-08-16_14-47-22-540530
1660675647.587533,10194594.000,62094,1,TL,1,100,2022-08-16_14-47-27-572459
1660675652.801690,10199676.000,62912,1,TL,1,100,2022-08-16_14-47-27-762767
1660675652.831444,10199705.000,62915,1,TL,1,100,2022-08-16_14-47-32-819708
1660675658.049704,10204791.000,63731,1,TL,1,100,2022-08-16_14-47-32-985482
1660675658.109212,10204849.000,63734,1,TL,1,100,2022-08-16_14-47-38-096795
1660675663.289510,10209898.000,64547,1,TL,1,100,2022-08-16_14-47-38-244631
1660675663.341836,10209949.000,64550,1,TL,1,100,2022-08-16_14-47-43-328664
1660675668.530342,10215006.000,65371,1,TL,1,100,2022-08-16_14-47-43-534394
1660675668.565226,10215040.000,65374,1,TL,1,100,2022-08-16_14-47-48-552024
1660675673.818371,10220160.000,670,1,TL,1,100,2022-08-16_14-47-48-755164
1660675673.846073,10220187.000,673,1,TL,1,100,2022-08-16_14-47-53-836024
1660675679.083827,10225292.000,1502,1,TL,1,100,2022-08-16_14-47-53-900932
1660675679.114607,10225322.000,1505,1,TL,1,100,2022-08-16_14-47-59-105784
1660675684.323633,10230399.000,2334,1,TL,1,100,2022-08-16_14-47-59-200653
1660675684.366725,10230441.000,2337,1,TL,1,100,2022-08-16_14-48-04-342395
1660675689.564466,10235507.000,3150,1,TL,1,100,2022-08-16_14-48-04-524728
1660675689.593194,10235535.000,3153,1,TL,1,100,2022-08-16_14-48-09-584332
1660675694.805298,10240615.000,3983,1,TL,1,100,2022-08-16_14-48-09-749246
1660675694.890456,10240698.000,3986,1,TL,1,100,2022-08-16_14-48-14-868896
1660675700.059468,10245736.000,4816,1,TL,1,100,2022-08-16_14-48-14-970752
1660675700.086144,10245762.000,4819,1,TL,1,100,2022-08-16_14-48-20-076868
1660675705.300300,10250844.000,5652,1,TL,1,100,2022-08-16_14-48-20-195705
1660675705.331080,10250874.000,5655,1,TL,1,100,2022-08-16_14-48-25-325410
1660675710.604745,10256014.000,6497,1,TL,1,100,2022-08-16_14-48-25-415445
1660675710.644759,10256053.000,6500,1,TL,1,100,2022-08-16_14-48-30-637034
1660675715.842499,10261119.000,7327,1,TL,1,100,2022-08-16_14-48-30-740428
1660675721.123345,10266266.000,8154,1,TL,1,100,2022-08-16_14-48-36-073484
1660675721.171568,10266313.000,8157,1,TL,1,100,2022-08-16_14-48-41-160639
1660675726.363152,10271373.000,8976,1,TL,1,100,2022-08-16_14-48-41-289010
1660675726.391880,10271401.000,8979,1,TL,1,100,2022-08-16_14-48-46-385123
1660675731.606036,10276483.000,9806,1,TL,1,100,2022-08-16_14-48-46-509737
1660675731.636816,10276513.000,9809,1,TL,1,100,2022-08-16_14-48-51-629264
1660675736.888934,10281632.000,10651,1,TL,1,100,2022-08-16_14-48-51-731629
1660675736.958703,10281700.000,10654,1,TL,1,100,2022-08-16_14-48-56-948569
1660675742.142078,10286752.000,11487,1,TL,1,100,2022-08-16_14-48-57-041820
1660675742.188249,10286797.000,11490,1,TL,1,100,2022-08-16_14-49-02-177607
1660675747.387015,10291864.000,12321,1,TL,1,100,2022-08-16_14-49-02-280099
1660675747.421899,10291898.000,12324,1,TL,1,100,2022-08-16_14-49-07-412674
1660675752.672991,10297016.000,13168,1,TL,1,100,2022-08-16_14-49-07-505467
1660675752.700693,10297043.000,13171,1,TL,1,100,2022-08-16_14-49-12-692486
1660675757.934344,10302144.000,13999,1,TL,1,100,2022-08-16_14-49-12-826376
1660675757.965124,10302174.000,14002,1,TL,1,100,2022-08-16_14-49-17-957152
1660675763.228528,10307304.000,14851,1,TL,1,100,2022-08-16_14-49-18-049323
1660675763.280854,10307355.000,14854,1,TL,1,100,2022-08-16_14-49-23-272288
1660675768.470386,10312413.000,15683,1,TL,1,100,2022-08-16_14-49-23-374612
1660675768.505270,10312447.000,15686,1,TL,1,100,2022-08-16_14-49-28-497458
1660675773.705062,10317515.000,16517,1,TL,1,100,2022-08-16_14-49-28-596727
1660675773.744051,10317553.000,16520,1,TL,1,100,2022-08-16_14-49-33-737166
1660675778.986935,10322663.000,17366,1,TL,1,100,2022-08-16_14-49-33-818748
1660675779.014637,10322690.000,17369,1,TL,1,100,2022-08-16_14-49-39-010310
1660675784.232897,10327776.000,18200,1,TL,1,100,2022-08-16_14-49-39-144065
1660675784.260599,10327803.000,18203,1,TL,1,100,2022-08-16_14-49-44-254758
1660675789.533237,10332942.000,19049,1,TL,1,100,2022-08-16_14-49-44-366634
1660675789.600954,10333008.000,19052,1,TL,1,100,2022-08-16_14-49-49-592227
1660675794.766888,10338043.000,19863,1,TL,1,100,2022-08-16_14-49-49-690897
1660675794.834604,10338109.000,19866,1,TL,1,100,2022-08-16_14-49-54-825679
1660675800.012850,10343156.000,20694,1,TL,1,100,2022-08-16_14-49-54-931269
1660675800.125710,10343266.000,20697,1,TL,1,100,2022-08-16_14-50-00-102989
1660675805.257786,10348268.000,21509,1,TL,1,100,2022-08-16_14-50-00-261007
1660675805.377829,10348385.000,21512,1,TL,1,100,2022-08-16_14-50-05-301671
1660675810.497592,10353375.000,22324,1,TL,1,100,2022-08-16_14-50-05-461096
1660675810.554023,10353430.000,22327,1,TL,1,100,2022-08-16_14-50-10-527588
1660675815.735347,10358480.000,23155,1,TL,1,100,2022-08-16_14-50-10-701666
1660675821.016193,10363627.000,23986,1,TL,1,100,2022-08-16_14-50-15-930402
1660675821.045947,10363656.000,23989,1,TL,1,100,2022-08-16_14-50-21-040062
1660675826.308326,10368785.000,24841,1,TL,1,100,2022-08-16_14-50-21-131746
1660675826.358600,10368834.000,24844,1,TL,1,100,2022-08-16_14-50-26-354514
1660675831.550184,10373894.000,25660,1,TL,1,100,2022-08-16_14-50-26-463138
1660675831.596354,10373939.000,25663,1,TL,1,100,2022-08-16_14-50-31-583260
1660675836.789990,10379001.000,26494,1,TL,1,100,2022-08-16_14-50-31-676216
1660675836.817692,10379028.000,26497,1,TL,1,100,2022-08-16_14-50-36-817783
1660675842.030822,10384109.000,27331,1,TL,1,100,2022-08-16_14-50-36-879224
1660675842.064680,10384142.000,27334,1,TL,1,100,2022-08-16_14-50-42-055481
1660675847.278836,10389224.000,28165,1,TL,1,100,2022-08-16_14-50-42-138225
1660675847.344501,10389288.000,28168,1,TL,1,100,2022-08-16_14-50-47-342983
1660675852.528903,10394341.000,28996,1,TL,1,100,2022-08-16_14-50-47-445113
1660675852.565839,10394377.000,28999,1,TL,1,100,2022-08-16_14-50-52-564867
1660675857.767683,10399447.000,29829,1,TL,1,100,2022-08-16_14-50-52-668346
1660675857.800515,10399479.000,29832,1,TL,1,100,2022-08-16_14-50-57-796016
1660675863.021853,10404568.000,30662,1,TL,1,100,2022-08-16_14-50-57-891569
1660675863.117272,10404661.000,30665,1,TL,1,100,2022-08-16_14-51-03-112870
1660675868.268842,10409682.000,31481,1,TL,1,100,2022-08-16_14-51-03-206122
1660675868.341688,10409753.000,31484,1,TL,1,100,2022-08-16_14-51-08-335487
1660675873.557896,10414837.000,32298,1,TL,1,100,2022-08-16_14-51-08-437280
1660675873.588676,10414867.000,32301,1,TL,1,100,2022-08-16_14-51-13-589121
1660675878.841820,10419987.000,33076,1,TL,1,100,2022-08-16_14-51-13-659433
1660675878.885939,10420030.000,33079,1,TL,1,100,2022-08-16_14-51-18-884357
1660675884.131901,10425143.000,33916,1,TL,1,100,2022-08-16_14-51-19-088248
1660675884.212955,10425222.000,33919,1,TL,1,100,2022-08-16_14-51-24-209853
1660675889.410695,10430288.000,34753,1,TL,1,100,2022-08-16_14-51-24-317027
1660675889.441475,10430318.000,34756,1,TL,1,100,2022-08-16_14-51-29-439292
1660675894.646397,10435391.000,35569,1,TL,1,100,2022-08-16_14-51-29-633992
1660675894.675126,10435419.000,35572,1,TL,1,100,2022-08-16_14-51-34-675017
1660675899.887230,10440499.000,36392,1,TL,1,100,2022-08-16_14-51-34-868528
1660675899.976492,10440586.000,36395,1,TL,1,100,2022-08-16_14-51-39-976761
1660675905.135244,10445614.000,37210,1,TL,1,100,2022-08-16_14-51-40-079491
1660675905.199882,10445677.000,37213,1,TL,1,100,2022-08-16_14-51-45-199402
1660675910.368894,10450715.000,38025,1,TL,1,100,2022-08-16_14-51-45-332370
1660675910.397622,10450743.000,38028,1,TL,1,100,2022-08-16_14-51-50-399819
1660675915.638454,10455851.000,38858,1,TL,1,100,2022-08-16_14-51-50-549926
1660675915.668209,10455880.000,38861,1,TL,1,100,2022-08-16_14-51-55-668842
1660675920.911093,10460990.000,39687,1,TL,1,100,2022-08-16_14-51-55-827084
1660675920.950081,10461028.000,39690,1,TL,1,100,2022-08-16_14-52-00-948886
1660675926.197069,10466142.000,40519,1,TL,1,100,2022-08-16_14-52-01-089545
1660675926.225797,10466170.000,40522,1,TL,1,100,2022-08-16_14-52-06-227569
1660675931.487150,10471298.000,41348,1,TL,1,100,2022-08-16_14-52-06-376387
1660675931.518956,10471329.000,41351,1,TL,1,100,2022-08-16_14-52-11-520936
1660675936.727982,10476406.000,42165,1,TL,1,100,2022-08-16_14-52-11-676874
1660675936.756710,10476434.000,42168,1,TL,1,100,2022-08-16_14-52-16-757913
1660675942.013958,10481558.000,42999,1,TL,1,100,2022-08-16_14-52-16-935542
1660675942.043712,10481587.000,43002,1,TL,1,100,2022-08-16_14-52-22-045452
1660675947.317377,10486727.000,43831,1,TL,1,100,2022-08-16_14-52-22-202749
1660675947.350209,10486759.000,43834,1,TL,1,100,2022-08-16_14-52-27-348717
1660675952.596171,10491872.000,44669,1,TL,1,100,2022-08-16_14-52-27-508596
1660675952.633107,10491908.000,44672,1,TL,1,100,2022-08-16_14-52-32-627265
1660675957.866758,10497009.000,45504,1,TL,1,100,2022-08-16_14-52-32-775091
1660675957.897538,10497039.000,45507,1,TL,1,100,2022-08-16_14-52-37-901685
1660675963.104512,10502114.000,46324,1,TL,1,100,2022-08-16_14-52-38-063659
1660675963.158890,10502167.000,46327,1,TL,1,100,2022-08-16_14-52-43-153156
1660675968.357656,10507234.000,47143,1,TL,1,100,2022-08-16_14-52-43-314459
1660675968.413060,10507288.000,47146,1,TL,1,100,2022-08-16_14-52-48-413765
1660675973.630295,10512373.000,47982,1,TL,1,100,2022-08-16_14-52-48-570613
1660675973.662101,10512404.000,47985,1,TL,1,100,2022-08-16_14-52-53-659284
1660675978.889595,10517499.000,48812,1,TL,1,100,2022-08-16_14-52-53-808414
1660675978.927557,10517536.000,48815,1,TL,1,100,2022-08-16_14-52-58-924203
1660675984.180701,10522656.000,49654,1,TL,1,100,2022-08-16_14-52-59-079685
1660675984.215585,10522690.000,49657,1,TL,1,100,2022-08-16_14-53-04-207402
1660675989.448210,10527790.000,50490,1,TL,1,100,2022-08-16_14-53-04-356419
1660675989.482068,10527823.000,50493,1,TL,1,100,2022-08-16_14-53-09-471522
1660675994.740342,10532948.000,51323,1,TL,1,100,2022-08-16_14-53-09-628911
1660675994.768044,10532975.000,51326,1,TL,1,100,2022-08-16_14-53-14-765880
1660675999.980148,10538055.000,52143,1,TL,1,100,2022-08-16_14-53-14-922311
1660676000.027344,10538101.000,52146,1,TL,1,100,2022-08-16_14-53-20-023406
1660676005.247657,10543189.000,52965,1,TL,1,100,2022-08-16_14-53-20-164097
1660676005.276385,10543217.000,52968,1,TL,1,100,2022-08-16_14-53-25-270879
1660676010.527477,10548335.000,53802,1,TL,1,100,2022-08-16_14-53-25-428020
1660676010.556205,10548363.000,53805,1,TL,1,100,2022-08-16_14-53-30-549652
1660676015.802167,10553476.000,54635,1,TL,1,100,2022-08-16_14-53-30-699755
1660676015.831922,10553505.000,54638,1,TL,1,100,2022-08-16_14-53-35-826806
1660676021.041974,10558583.000,55455,1,TL,1,100,2022-08-16_14-53-35-989853
1660676021.070702,10558611.000,55458,1,TL,1,100,2022-08-16_14-53-41-067291
1660676026.306404,10563714.000,56288,1,TL,1,100,2022-08-16_14-53-41-229232
1660676026.334106,10563741.000,56291,1,TL,1,100,2022-08-16_14-53-46-329525
1660676031.586224,10568860.000,57121,1,TL,1,100,2022-08-16_14-53-46-484687
1660676031.617004,10568890.000,57124,1,TL,1,100,2022-08-16_14-53-51-608885
1660676036.895799,10574035.000,57935,1,TL,1,100,2022-08-16_14-53-51-761328
1660676036.923501,10574062.000,57938,1,TL,1,100,2022-08-16_14-53-56-912501
1660676042.158177,10579164.000,58753,1,TL,1,100,2022-08-16_14-53-57-073212
1660676042.185879,10579191.000,58756,1,TL,1,100,2022-08-16_14-54-02-174639
1660676047.396957,10584270.000,59574,1,TL,1,100,2022-08-16_14-54-02-330567
1660676047.425686,10584298.000,59577,1,TL,1,100,2022-08-16_14-54-07-407925
1660676052.821445,10589557.000,60364,1,TL,1,100,2022-08-16_14-54-07-562009
1660676052.850173,10589585.000,60367,1,TL,1,100,2022-08-16_14-54-12-829413
1660676058.061251,10594664.000,61170,1,TL,1,100,2022-08-16_14-54-12-995263
1660676058.089979,10594692.000,61173,1,TL,1,100,2022-08-16_14-54-18-071455
1660676063.302083,10599772.000,61987,1,TL,1,100,2022-08-16_14-54-18-228665
1660676063.328759,10599798.000,61990,1,TL,1,100,2022-08-16_14-54-23-311857
1660676068.590111,10604926.000,62822,1,TL,1,100,2022-08-16_14-54-23-467996
1660676068.618840,10604954.000,62825,1,TL,1,100,2022-08-16_14-54-28-603796
1660676073.853516,10610056.000,63654,1,TL,1,100,2022-08-16_14-54-28-753151
1660676073.883270,10610085.000,63657,1,TL,1,100,2022-08-16_14-54-33-866067
1660676079.094348,10615164.000,64466,1,TL,1,100,2022-08-16_14-54-34-025150
1660676079.125128,10615194.000,64469,1,TL,1,100,2022-08-16_14-54-39-107005
1660676084.335180,10620272.000,65287,1,TL,1,100,2022-08-16_14-54-39-261645
1660676084.364934,10620301.000,65290,1,TL,1,100,2022-08-16_14-54-44-344976
1660676089.628339,10625431.000,590,1,TL,1,100,2022-08-16_14-54-44-500074
1660676089.656041,10625458.000,593,1,TL,1,100,2022-08-16_14-54-49-637166
1660676094.876353,10630546.000,1425,1,TL,1,100,2022-08-16_14-54-49-695244
1660676094.905081,10630574.000,1428,1,TL,1,100,2022-08-16_14-54-54-884438
1660676100.114107,10635651.000,2259,1,TL,1,100,2022-08-16_14-54-54-951355
1660676100.143861,10635680.000,2262,1,TL,1,100,2022-08-16_14-55-00-120995
1660676105.353913,10640758.000,3092,1,TL,1,100,2022-08-16_14-55-00-185687
1660676105.383667,10640787.000,3095,1,TL,1,100,2022-08-16_14-55-05-357035
1660676110.617318,10645888.000,3928,1,TL,1,100,2022-08-16_14-55-05-429100
1660676110.647072,10645917.000,3931,1,TL,1,100,2022-08-16_14-55-10-617141
1660676115.858150,10650996.000,4765,1,TL,1,100,2022-08-16_14-55-10-686840
1660676115.886878,10651024.000,4768,1,TL,1,100,2022-08-16_14-55-15-855357
1660676121.167724,10656171.000,5614,1,TL,1,100,2022-08-16_14-55-15-923758
1660676121.197479,10656200.000,5617,1,TL,1,100,2022-08-16_14-55-21-162677
1660676126.455753,10661325.000,6460,1,TL,1,100,2022-08-16_14-55-21-224225
1660676126.484481,10661353.000,6463,1,TL,1,100,2022-08-16_14-55-26-450794
1660676131.695559,10666432.000,7290,1,TL,1,100,2022-08-16_14-55-26-524262
1660676131.724287,10666460.000,7293,1,TL,1,100,2022-08-16_14-55-31-684563
1660676136.937417,10671541.000,8122,1,TL,1,100,2022-08-16_14-55-31-750784
1660676136.965119,10671568.000,8125,1,TL,1,100,2022-08-16_14-55-36-924802
1660676142.178250,10676649.000,8953,1,TL,1,100,2022-08-16_14-55-36-993753
1660676142.209030,10676679.000,8956,1,TL,1,100,2022-08-16_14-55-42-164577
1660676147.426264,10681764.000,9788,1,TL,1,100,2022-08-16_14-55-42-229556
1660676147.454992,10681792.000,9791,1,TL,1,100,2022-08-16_14-55-47-412545
1660676152.667096,10686872.000,10624,1,TL,1,100,2022-08-16_14-55-47-471357
1660676152.699928,10686904.000,10627,1,TL,1,100,2022-08-16_14-55-52-652486
1660676157.907928,10691980.000,11458,1,TL,1,100,2022-08-16_14-55-52-719882
1660676157.936656,10692008.000,11461,1,TL,1,100,2022-08-16_14-55-57-894057
1660676163.217503,10697155.000,12307,1,TL,1,100,2022-08-16_14-55-57-954236
1660676163.246231,10697183.000,12310,1,TL,1,100,2022-08-16_14-56-03-204252
1660676168.455257,10702260.000,13136,1,TL,1,100,2022-08-16_14-56-03-268739
1660676168.485011,10702289.000,13139,1,TL,1,100,2022-08-16_14-56-08-440015
1660676173.697115,10707369.000,13969,1,TL,1,100,2022-08-16_14-56-08-503538
1660676173.725843,10707397.000,13972,1,TL,1,100,2022-08-16_14-56-13-675026
1660676178.937948,10712477.000,14804,1,TL,1,100,2022-08-16_14-56-13-744701
1660676178.976936,10712515.000,14807,1,TL,1,100,2022-08-16_14-56-18-924642
1660676184.178780,10717585.000,15635,1,TL,1,100,2022-08-16_14-56-18-994483
1660676184.213664,10717619.000,15638,1,TL,1,100,2022-08-16_14-56-24-165211
1660676189.419612,10722693.000,16464,1,TL,1,100,2022-08-16_14-56-24-228904
1660676189.449366,10722722.000,16467,1,TL,1,100,2022-08-16_14-56-29-398871
1660676194.660444,10727801.000,17293,1,TL,1,100,2022-08-16_14-56-29-470617
1660676194.690198,10727830.000,17296,1,TL,1,100,2022-08-16_14-56-34-639681
1660676199.901276,10732909.000,18125,1,TL,1,100,2022-08-16_14-56-34-704889
1660676199.930004,10732937.000,18128,1,TL,1,100,2022-08-16_14-56-39-875768
1660676205.142108,10738017.000,18955,1,TL,1,100,2022-08-16_14-56-39-945123
1660676205.172889,10738047.000,18958,1,TL,1,100,2022-08-16_14-56-45-113855
1660676210.383967,10743126.000,19783,1,TL,1,100,2022-08-16_14-56-45-189040
1660676210.412695,10743154.000,19786,1,TL,1,100,2022-08-16_14-56-50-358332
1660676215.650449,10748259.000,20617,1,TL,1,100,2022-08-16_14-56-50-425218
1660676215.679177,10748287.000,20620,1,TL,1,100,2022-08-16_14-56-55-622535
1660676220.891281,10753367.000,21449,1,TL,1,100,2022-08-16_14-56-55-695760
1660676220.920009,10753395.000,21452,1,TL,1,100,2022-08-16_14-57-00-860185
1660676226.130062,10758473.000,22280,1,TL,1,100,2022-08-16_14-57-00-923919
1660676226.160842,10758503.000,22283,1,TL,1,100,2022-08-16_14-57-06-098638
1660676231.371920,10763582.000,23112,1,TL,1,100,2022-08-16_14-57-06-166190
1660676231.401674,10763611.000,23115,1,TL,1,100,2022-08-16_14-57-11-339067
1660676236.612752,10768690.000,23945,1,TL,1,100,2022-08-16_14-57-11-442364
1660676236.640454,10768717.000,23948,1,TL,1,100,2022-08-16_14-57-16-578831
1660676241.892572,10773836.000,24797,1,TL,1,100,2022-08-16_14-57-16-642728
1660676241.923352,10773866.000,24800,1,TL,1,100,2022-08-16_14-57-21-857827
1660676247.203173,10779012.000,25630,1,TL,1,100,2022-08-16_14-57-21-934884
1660676247.231901,10779040.000,25633,1,TL,1,100,2022-08-16_14-57-27-163036
1660676252.441953,10784118.000,26466,1,TL,1,100,2022-08-16_14-57-27-239792
1660676252.472733,10784148.000,26469,1,TL,1,100,2022-08-16_14-57-32-401934
1660676257.746398,10789288.000,27312,1,TL,1,100,2022-08-16_14-57-32-466579
1660676257.778204,10789319.000,27315,1,TL,1,100,2022-08-16_14-57-37-708603
1660676262.982100,10794391.000,28144,1,TL,1,100,2022-08-16_14-57-37-769148
1660676263.011854,10794420.000,28147,1,TL,1,100,2022-08-16_14-57-42-941944
1660676268.221906,10799498.000,28977,1,TL,1,100,2022-08-16_14-57-43-007724
1660676268.252686,10799528.000,28980,1,TL,1,100,2022-08-16_14-57-48-178432
1660676273.508909,10804651.000,29826,1,TL,1,100,2022-08-16_14-57-48-243298
1660676273.537637,10804679.000,29829,1,TL,1,100,2022-08-16_14-57-53-464232
1660676278.749741,10809759.000,30661,1,TL,1,100,2022-08-16_14-57-53-531083
1660676278.805145,10809813.000,30664,1,TL,1,100,2022-08-16_14-57-58-731458
1660676283.995703,10814872.000,31477,1,TL,1,100,2022-08-16_14-57-58-815151
1660676284.027509,10814903.000,31480,1,TL,1,100,2022-08-16_14-58-03-947953
1660676289.258081,10820001.000,32295,1,TL,1,100,2022-08-16_14-58-04-020142
1660676289.287835,10820030.000,32298,1,TL,1,100,2022-08-16_14-58-09-207605
1660676294.519434,10825129.000,33132,1,TL,1,100,2022-08-16_14-58-09-273576
1660676294.549188,10825158.000,33135,1,TL,1,100,2022-08-16_14-58-14-470813
1660676299.783864,10830260.000,33900,1,TL,1,100,2022-08-16_14-58-14-623312
1660676299.812592,10830288.000,33903,1,TL,1,100,2022-08-16_14-58-19-733388
1660676305.066762,10835409.000,34735,1,TL,1,100,2022-08-16_14-58-19-878765
1660676305.095490,10835437.000,34738,1,TL,1,100,2022-08-16_14-58-25-013202
1660676310.341453,10840550.000,35572,1,TL,1,100,2022-08-16_14-58-25-163410
1660676310.371207,10840579.000,35575,1,TL,1,100,2022-08-16_14-58-30-283208
1660676315.615117,10845690.000,36404,1,TL,1,100,2022-08-16_14-58-30-432306
1660676315.644871,10845719.000,36407,1,TL,1,100,2022-08-16_14-58-35-560682
1660676320.862105,10850804.000,37217,1,TL,1,100,2022-08-16_14-58-35-718964
1660676320.892885,10850834.000,37220,1,TL,1,100,2022-08-16_14-58-40-804965
1660676326.126536,10855935.000,38046,1,TL,1,100,2022-08-16_14-58-40-956630
1660676326.156290,10855964.000,38049,1,TL,1,100,2022-08-16_14-58-46-067418
1660676331.400200,10861075.000,38883,1,TL,1,100,2022-08-16_14-58-46-220052
1660676331.433032,10861107.000,38886,1,TL,1,100,2022-08-16_14-58-51-337418
1660676336.659500,10866201.000,39717,1,TL,1,100,2022-08-16_14-58-51-485297
1660676336.688229,10866229.000,39720,1,TL,1,100,2022-08-16_14-58-56-597298
1660676341.917775,10871326.000,40548,1,TL,1,100,2022-08-16_14-58-56-756071
1660676341.952659,10871360.000,40551,1,TL,1,100,2022-08-16_14-59-01-855753
1660676347.183231,10876458.000,41376,1,TL,1,100,2022-08-16_14-59-02-003208
1660676347.211959,10876486.000,41379,1,TL,1,100,2022-08-16_14-59-07-115127
1660676352.423037,10881565.000,42193,1,TL,1,100,2022-08-16_14-59-07-271900
1660676352.449713,10881591.000,42196,1,TL,1,100,2022-08-16_14-59-12-351373
1660676357.713118,10886721.000,43025,1,TL,1,100,2022-08-16_14-59-12-507391
1660676357.743898,10886751.000,43028,1,TL,1,100,2022-08-16_14-59-17-641415
1660676362.953950,10891829.000,43842,1,TL,1,100,2022-08-16_14-59-17-795883
1660676362.982678,10891857.000,43845,1,TL,1,100,2022-08-16_14-59-22-882282
1660676368.211198,10896953.000,44677,1,TL,1,100,2022-08-16_14-59-23-042126
1660676368.239926,10896981.000,44680,1,TL,1,100,2022-08-16_14-59-28-136541
1660676373.509487,10902117.000,45513,1,TL,1,100,2022-08-16_14-59-28-292410
1660676373.539241,10902146.000,45516,1,TL,1,100,2022-08-16_14-59-33-430949
1660676378.775969,10907250.000,46349,1,TL,1,100,2022-08-16_14-59-33-583349
1660676378.811879,10907285.000,46352,1,TL,1,100,2022-08-16_14-59-38-696190
1660676384.048607,10912389.000,47182,1,TL,1,100,2022-08-16_14-59-38-842656
1660676384.077336,10912417.000,47185,1,TL,1,100,2022-08-16_14-59-43-969737
1660676389.316116,10917523.000,48003,1,TL,1,100,2022-08-16_14-59-44-118185
1660676389.344844,10917551.000,48006,1,TL,1,100,2022-08-16_14-59-49-232979
1660676394.587728,10922661.000,48837,1,TL,1,100,2022-08-16_14-59-49-380463
1660676394.616456,10922689.000,48840,1,TL,1,100,2022-08-16_14-59-54-505037
1660676399.872679,10927812.000,49670,1,TL,1,100,2022-08-16_14-59-54-661867
1660676399.901407,10927840.000,49673,1,TL,1,100,2022-08-16_14-59-59-785930
1660676405.164811,10932970.000,50508,1,TL,1,100,2022-08-16_14-59-59-942613
1660676405.196617,10933001.000,50511,1,TL,1,100,2022-08-16_15-00-05-080357
1660676410.446683,10938118.000,51341,1,TL,1,100,2022-08-16_15-00-05-265469
1660676410.476438,10938147.000,51344,1,TL,1,100,2022-08-16_15-00-10-362104
1660676415.726504,10943264.000,52179,1,TL,1,100,2022-08-16_15-00-10-541719
1660676415.757284,10943294.000,52182,1,TL,1,100,2022-08-16_15-00-15-638405
1660676420.999142,10948403.000,53016,1,TL,1,100,2022-08-16_15-00-15-797105
1660676421.028896,10948432.000,53019,1,TL,1,100,2022-08-16_15-00-20-907958
1660676426.241000,10953512.000,53835,1,TL,1,100,2022-08-16_15-00-21-057037
1660676426.272807,10953543.000,53838,1,TL,1,100,2022-08-16_15-00-26-151946
1660676431.530055,10958667.000,54673,1,TL,1,100,2022-08-16_15-00-26-338217
1660676431.558783,10958695.000,54676,1,TL,1,100,2022-08-16_15-00-31-439896
1660676436.778069,10963782.000,55491,1,TL,1,100,2022-08-16_15-00-31-589406
1660676436.808849,10963812.000,55494,1,TL,1,100,2022-08-16_15-00-36-686434
1660676442.050708,10968921.000,56324,1,TL,1,100,2022-08-16_15-00-36-839676
1660676442.078410,10968948.000,56327,1,TL,1,100,2022-08-16_15-00-41-957939
1660676447.317190,10974054.000,57155,1,TL,1,100,2022-08-16_15-00-42-138025
1660676447.347970,10974084.000,57158,1,TL,1,100,2022-08-16_15-00-47-223385
1660676452.614452,10979217.000,57985,1,TL,1,100,2022-08-16_15-00-47-385514
1660676452.682169,10979283.000,57988,1,TL,1,100,2022-08-16_15-00-52-556270
1660676457.855285,10984325.000,58804,1,TL,1,100,2022-08-16_15-00-52-738008
1660676457.888117,10984357.000,58807,1,TL,1,100,2022-08-16_15-00-57-756947
1660676463.107403,10989444.000,59620,1,TL,1,100,2022-08-16_15-00-57-922322
1660676463.135105,10989471.000,59623,1,TL,1,100,2022-08-16_15-01-03-006055
1660676468.355417,10994559.000,60423,1,TL,1,100,2022-08-16_15-01-03-182657
1660676468.426211,10994628.000,60426,1,TL,1,100,2022-08-16_15-01-08-297573
1660676473.593171,10999664.000,61196,1,TL,1,100,2022-08-16_15-01-08-421545
1660676473.660888,10999730.000,61199,1,TL,1,100,2022-08-16_15-01-13-526276
1660676478.881200,11004818.000,62031,1,TL,1,100,2022-08-16_15-01-13-648654
1660676478.979696,11004914.000,62034,1,TL,1,100,2022-08-16_15-01-18-843481
1660676484.137422,11009941.000,62853,1,TL,1,100,2022-08-16_15-01-24-003788
1660676489.410060,11015080.000,63684,1,TL,1,100,2022-08-16_15-01-24-175638
1660676489.438789,11015108.000,63687,1,TL,1,100,2022-08-16_15-01-29-300415
1660676494.661153,11020198.000,64486,1,TL,1,100,2022-08-16_15-01-29-499479
1660676494.696037,11020232.000,64489,1,TL,1,100,2022-08-16_15-01-34-552358
1660676499.904037,11025308.000,65311,1,TL,1,100,2022-08-16_15-01-34-722825
1660676499.996377,11025398.000,65314,1,TL,1,100,2022-08-16_15-01-39-845577
1660676505.148973,11030420.000,598,1,TL,1,100,2022-08-16_15-01-39-949958
1660676505.207455,11030477.000,601,1,TL,1,100,2022-08-16_15-01-45-065633
1660676510.389805,11035528.000,1435,1,TL,1,100,2022-08-16_15-01-45-168729
1660676510.429820,11035567.000,1438,1,TL,1,100,2022-08-16_15-01-50-281745
1660676515.632690,11040638.000,2271,1,TL,1,100,2022-08-16_15-01-50-356656
1660676515.661418,11040666.000,2274,1,TL,1,100,2022-08-16_15-01-55-514881
1660676520.866340,11045739.000,3106,1,TL,1,100,2022-08-16_15-01-55-612144
1660676520.906354,11045778.000,3109,1,TL,1,100,2022-08-16_15-02-00-756800
1660676526.113328,11050853.000,3943,1,TL,1,100,2022-08-16_15-02-00-834288
1660676526.213876,11050951.000,3946,1,TL,1,100,2022-08-16_15-02-06-057282
1660676531.348004,11055955.000,4763,1,TL,1,100,2022-08-16_15-02-06-156492
1660676531.429059,11056034.000,4766,1,TL,1,100,2022-08-16_15-02-11-279578
1660676536.606279,11061080.000,5601,1,TL,1,100,2022-08-16_15-02-11-382104
1660676536.645267,11061118.000,5604,1,TL,1,100,2022-08-16_15-02-16-495591
1660676541.840955,11066182.000,6434,1,TL,1,100,2022-08-16_15-02-16-604108
1660676541.872761,11066213.000,6437,1,TL,1,100,2022-08-16_15-02-21-718572
1660676547.086917,11071295.000,7269,1,TL,1,100,2022-08-16_15-02-21-827707
1660676547.132061,11071339.000,7272,1,TL,1,100,2022-08-16_15-02-26-975826
1660676552.325697,11076401.000,8097,1,TL,1,100,2022-08-16_15-02-27-038184
1660676552.425220,11076498.000,8100,1,TL,1,100,2022-08-16_15-02-32-265926
1660676557.601414,11081543.000,8929,1,TL,1,100,2022-08-16_15-02-32-374246
1660676557.648610,11081589.000,8932,1,TL,1,100,2022-08-16_15-02-37-489852
1660676562.840194,11086649.000,9764,1,TL,1,100,2022-08-16_15-02-37-558242
1660676562.876104,11086684.000,9767,1,TL,1,100,2022-08-16_15-02-42-718717
1660676568.115910,11091791.000,10599,1,TL,1,100,2022-08-16_15-02-42-819277
1660676568.145664,11091820.000,10602,1,TL,1,100,2022-08-16_15-02-47-986471
1660676573.348534,11096891.000,11434,1,TL,1,100,2022-08-16_15-02-48-143717
1660676573.377263,11096919.000,11437,1,TL,1,100,2022-08-16_15-02-53-214354
1660676578.595523,11102005.000,12264,1,TL,1,100,2022-08-16_15-02-53-368696
1660676578.649901,11102058.000,12267,1,TL,1,100,2022-08-16_15-02-58-486370
1660676583.833277,11107110.000,13097,1,TL,1,100,2022-08-16_15-02-58-588531
1660676583.870213,11107146.000,13100,1,TL,1,100,2022-08-16_15-03-03-704128
1660676589.071031,11112215.000,13926,1,TL,1,100,2022-08-16_15-03-03-811584
